-- Generated by generate.py. Load after schema.sql.
BEGIN;
INSERT INTO customers (id, name, email, country, created_at) VALUES (1, 'Noa Patel', 'noa.patel1@example.com', 'US', '2024-01-15 09:23:00+0000');
INSERT INTO customers (id, name, email, country, created_at) VALUES (2, 'Morgan Smith', 'morgan.smith2@example.com', 'IN', '2024-01-13 03:29:00+0000');
INSERT INTO customers (id, name, email, country, created_at) VALUES (3, 'Noa Cohen', 'noa.cohen3@example.com', 'GB', '2023-10-30 14:24:00+0000');
INSERT INTO customers (id, name, email, country, created_at) VALUES (4, 'Avery Nguyen', 'avery.nguyen4@example.com', 'GB', '2023-04-22 07:56:00+0000');
INSERT INTO customers (id, name, email, country, created_at) VALUES (5, 'Sasha Haddad', 'sasha.haddad5@example.com', 'US', '2023-10-15 06:47:00+0000');
INSERT INTO customers (id, name, email, country, created_at) VALUES (6, 'Kai Silva', 'kai.silva6@example.com', 'JP', '2023-04-23 15:19:00+0000');
INSERT INTO customers (id, name, email, country, created_at) VALUES (7, 'Devin Khan', 'devin.khan7@example.com', 'US', '2024-01-24 05:26:00+0000');
INSERT INTO customers (id, name, email, country, created_at) VALUES (8, 'Kai Rossi', 'kai.rossi8@example.com', 'NG', '2023-05-23 05:18:00+0000');
INSERT INTO customers (id, name, email, country, created_at) VALUES (9, 'Morgan Okafor', 'morgan.okafor9@example.com', 'GB', '2023-02-17 12:58:00+0000');
INSERT INTO customers (id, name, email, country, created_at) VALUES (10, 'Jordan Okafor', 'jordan.okafor10@example.com', 'NG', '2023-11-06 09:01:00+0000');
INSERT INTO customers (id, name, email, country, created_at) VALUES (11, 'Avery Cohen', 'avery.cohen11@example.com', 'SE', '2023-10-02 04:15:00+0000');
INSERT INTO customers (id, name, email, country, created_at) VALUES (12, 'Harper Patel', 'harper.patel12@example.com', 'DE', '2023-11-18 21:06:00+0000');
INSERT INTO customers (id, name, email, country, created_at) VALUES (13, 'Quinn Haddad', 'quinn.haddad13@example.com', 'BR', '2023-12-27 02:22:00+0000');
INSERT INTO customers (id, name, email, country, created_at) VALUES (14, 'Avery Silva', 'avery.silva14@example.com', 'BR', '2024-01-31 09:52:00+0000');
INSERT INTO customers (id, name, email, country, created_at) VALUES (15, 'Jordan Smith', 'jordan.smith15@example.com', 'GB', '2023-07-14 09:29:00+0000');
INSERT INTO customers (id, name, email, country, created_at) VALUES (16, 'Rowan Silva', 'rowan.silva16@example.com', 'NG', '2023-03-25 12:38:00+0000');
INSERT INTO customers (id, name, email, country, created_at) VALUES (17, 'Quinn Smith', 'quinn.smith17@example.com', 'DE', '2023-12-26 23:19:00+0000');
INSERT INTO customers (id, name, email, country, created_at) VALUES (18, 'Noa Patel', 'noa.patel18@example.com', 'IN', '2023-10-01 08:21:00+0000');
INSERT INTO customers (id, name, email, country, created_at) VALUES (19, 'Riley Larsson', 'riley.larsson19@example.com', 'JP', '2023-05-19 21:50:00+0000');
INSERT INTO customers (id, name, email, country, created_at) VALUES (20, 'Kai Mori', 'kai.mori20@example.com', 'BR', '2023-12-17 11:04:00+0000');
INSERT INTO customers (id, name, email, country, created_at) VALUES (21, 'Avery Smith', 'avery.smith21@example.com', 'US', '2023-06-11 13:41:00+0000');
INSERT INTO customers (id, name, email, country, created_at) VALUES (22, 'Casey Patel', 'casey.patel22@example.com', 'BR', '2023-10-18 10:44:00+0000');
INSERT INTO customers (id, name, email, country, created_at) VALUES (23, 'Morgan Silva', 'morgan.silva23@example.com', 'SE', '2023-07-22 21:56:00+0000');
INSERT INTO customers (id, name, email, country, created_at) VALUES (24, 'Rowan Garcia', 'rowan.garcia24@example.com', 'DE', '2023-03-13 08:25:00+0000');
INSERT INTO customers (id, name, email, country, created_at) VALUES (25, 'Kai Mori', 'kai.mori25@example.com', 'DE', '2024-01-18 19:57:00+0000');
INSERT INTO customers (id, name, email, country, created_at) VALUES (26, 'Harper Haddad', 'harper.haddad26@example.com', 'JP', '2023-07-05 07:29:00+0000');
INSERT INTO customers (id, name, email, country, created_at) VALUES (27, 'Riley Mori', 'riley.mori27@example.com', 'SE', '2023-02-16 01:36:00+0000');
INSERT INTO customers (id, name, email, country, created_at) VALUES (28, 'Jordan Garcia', 'jordan.garcia28@example.com', 'IN', '2023-12-15 14:24:00+0000');
INSERT INTO customers (id, name, email, country, created_at) VALUES (29, 'Devin Patel', 'devin.patel29@example.com', 'JP', '2023-07-15 20:20:00+0000');
INSERT INTO customers (id, name, email, country, created_at) VALUES (30, 'Rowan Mori', 'rowan.mori30@example.com', 'DE', '2023-10-11 00:23:00+0000');
INSERT INTO customers (id, name, email, country, created_at) VALUES (31, 'Noa Cohen', 'noa.cohen31@example.com', 'GB', '2023-12-16 18:19:00+0000');
INSERT INTO customers (id, name, email, country, created_at) VALUES (32, 'Casey Silva', 'casey.silva32@example.com', 'NG', '2023-02-27 10:01:00+0000');
INSERT INTO customers (id, name, email, country, created_at) VALUES (33, 'Harper Garcia', 'harper.garcia33@example.com', 'SE', '2023-01-02 08:59:00+0000');
INSERT INTO customers (id, name, email, country, created_at) VALUES (34, 'Sasha Garcia', 'sasha.garcia34@example.com', 'GB', '2023-11-17 10:11:00+0000');
INSERT INTO customers (id, name, email, country, created_at) VALUES (35, 'Noa Mori', 'noa.mori35@example.com', 'BR', '2023-03-20 12:45:00+0000');
INSERT INTO customers (id, name, email, country, created_at) VALUES (36, 'Riley Mori', 'riley.mori36@example.com', 'US', '2023-11-03 11:03:00+0000');
INSERT INTO customers (id, name, email, country, created_at) VALUES (37, 'Rowan Nguyen', 'rowan.nguyen37@example.com', 'GB', '2023-07-05 10:29:00+0000');
INSERT INTO customers (id, name, email, country, created_at) VALUES (38, 'Morgan Nguyen', 'morgan.nguyen38@example.com', 'BR', '2023-10-18 02:41:00+0000');
INSERT INTO customers (id, name, email, country, created_at) VALUES (39, 'Jordan Cohen', 'jordan.cohen39@example.com', 'SE', '2023-02-05 18:10:00+0000');
INSERT INTO customers (id, name, email, country, created_at) VALUES (40, 'Riley Garcia', 'riley.garcia40@example.com', 'SE', '2023-10-09 05:38:00+0000');
INSERT INTO customers (id, name, email, country, created_at) VALUES (41, 'Casey Mori', 'casey.mori41@example.com', 'JP', '2023-04-19 18:24:00+0000');
INSERT INTO customers (id, name, email, country, created_at) VALUES (42, 'Kai Cohen', 'kai.cohen42@example.com', 'BR', '2024-01-01 10:38:00+0000');
INSERT INTO customers (id, name, email, country, created_at) VALUES (43, 'Harper Silva', 'harper.silva43@example.com', 'NG', '2023-08-13 17:39:00+0000');
INSERT INTO customers (id, name, email, country, created_at) VALUES (44, 'Rowan Patel', 'rowan.patel44@example.com', 'BR', '2023-04-26 02:11:00+0000');
INSERT INTO customers (id, name, email, country, created_at) VALUES (45, 'Quinn Nguyen', 'quinn.nguyen45@example.com', 'BR', '2023-10-29 07:31:00+0000');
INSERT INTO customers (id, name, email, country, created_at) VALUES (46, 'Avery Patel', 'avery.patel46@example.com', 'US', '2023-04-28 02:18:00+0000');
INSERT INTO customers (id, name, email, country, created_at) VALUES (47, 'Avery Okafor', 'avery.okafor47@example.com', 'GB', '2023-09-21 08:07:00+0000');
INSERT INTO customers (id, name, email, country, created_at) VALUES (48, 'Casey Silva', 'casey.silva48@example.com', 'SE', '2023-04-20 18:24:00+0000');
INSERT INTO customers (id, name, email, country, created_at) VALUES (49, 'Riley Cohen', 'riley.cohen49@example.com', 'SE', '2023-05-05 16:08:00+0000');
INSERT INTO customers (id, name, email, country, created_at) VALUES (50, 'Harper Smith', 'harper.smith50@example.com', 'GB', '2023-02-19 22:29:00+0000');
INSERT INTO products (id, sku, name, category, price, in_stock) VALUES (1, 'SKU-00001', 'Classic Notebook', 'Toys', '208.49', TRUE);
INSERT INTO products (id, sku, name, category, price, in_stock) VALUES (2, 'SKU-00002', 'Compact Gadget', 'Electronics', '204.29', TRUE);
INSERT INTO products (id, sku, name, category, price, in_stock) VALUES (3, 'SKU-00003', 'Deluxe Mug', 'Books', '99.14', TRUE);
INSERT INTO products (id, sku, name, category, price, in_stock) VALUES (4, 'SKU-00004', 'Classic Lamp', 'Home', '233.99', TRUE);
INSERT INTO products (id, sku, name, category, price, in_stock) VALUES (5, 'SKU-00005', 'Deluxe Speaker', 'Apparel', '53.45', TRUE);
INSERT INTO products (id, sku, name, category, price, in_stock) VALUES (6, 'SKU-00006', 'Compact Gadget', 'Books', '87.31', TRUE);
INSERT INTO products (id, sku, name, category, price, in_stock) VALUES (7, 'SKU-00007', 'Pro Bottle', 'Electronics', '86.49', FALSE);
INSERT INTO products (id, sku, name, category, price, in_stock) VALUES (8, 'SKU-00008', 'Classic Charger', 'Toys', '146.19', TRUE);
INSERT INTO products (id, sku, name, category, price, in_stock) VALUES (9, 'SKU-00009', 'Smart Lamp', 'Books', '151.86', TRUE);
INSERT INTO products (id, sku, name, category, price, in_stock) VALUES (10, 'SKU-00010', 'Compact Notebook', 'Electronics', '29.81', TRUE);
INSERT INTO products (id, sku, name, category, price, in_stock) VALUES (11, 'SKU-00011', 'Eco Widget', 'Apparel', '44.65', TRUE);
INSERT INTO products (id, sku, name, category, price, in_stock) VALUES (12, 'SKU-00012', 'Deluxe Mug', 'Toys', '64.33', TRUE);
INSERT INTO products (id, sku, name, category, price, in_stock) VALUES (13, 'SKU-00013', 'Pro Widget', 'Apparel', '45.57', TRUE);
INSERT INTO products (id, sku, name, category, price, in_stock) VALUES (14, 'SKU-00014', 'Ultra Charger', 'Books', '336.50', TRUE);
INSERT INTO products (id, sku, name, category, price, in_stock) VALUES (15, 'SKU-00015', 'Mini Bottle', 'Books', '337.48', TRUE);
INSERT INTO products (id, sku, name, category, price, in_stock) VALUES (16, 'SKU-00016', 'Ultra Gadget', 'Electronics', '231.84', TRUE);
INSERT INTO products (id, sku, name, category, price, in_stock) VALUES (17, 'SKU-00017', 'Deluxe Gadget', 'Apparel', '110.50', TRUE);
INSERT INTO products (id, sku, name, category, price, in_stock) VALUES (18, 'SKU-00018', 'Ultra Gadget', 'Books', '187.91', TRUE);
INSERT INTO products (id, sku, name, category, price, in_stock) VALUES (19, 'SKU-00019', 'Mini Widget', 'Grocery', '409.46', TRUE);
INSERT INTO products (id, sku, name, category, price, in_stock) VALUES (20, 'SKU-00020', 'Deluxe Lamp', 'Home', '62.13', FALSE);
INSERT INTO products (id, sku, name, category, price, in_stock) VALUES (21, 'SKU-00021', 'Eco Charger', 'Home', '304.38', TRUE);
INSERT INTO products (id, sku, name, category, price, in_stock) VALUES (22, 'SKU-00022', 'Pro Charger', 'Apparel', '246.81', TRUE);
INSERT INTO products (id, sku, name, category, price, in_stock) VALUES (23, 'SKU-00023', 'Compact Gadget', 'Grocery', '214.66', TRUE);
INSERT INTO products (id, sku, name, category, price, in_stock) VALUES (24, 'SKU-00024', 'Compact Notebook', 'Books', '320.36', TRUE);
INSERT INTO products (id, sku, name, category, price, in_stock) VALUES (25, 'SKU-00025', 'Smart Bottle', 'Apparel', '9.78', FALSE);
INSERT INTO products (id, sku, name, category, price, in_stock) VALUES (26, 'SKU-00026', 'Eco Widget', 'Home', '293.33', FALSE);
INSERT INTO products (id, sku, name, category, price, in_stock) VALUES (27, 'SKU-00027', 'Eco Widget', 'Home', '185.49', TRUE);
INSERT INTO products (id, sku, name, category, price, in_stock) VALUES (28, 'SKU-00028', 'Compact Notebook', 'Books', '342.61', TRUE);
INSERT INTO products (id, sku, name, category, price, in_stock) VALUES (29, 'SKU-00029', 'Ultra Bottle', 'Apparel', '375.98', TRUE);
INSERT INTO products (id, sku, name, category, price, in_stock) VALUES (30, 'SKU-00030', 'Pro Lamp', 'Books', '441.29', FALSE);
INSERT INTO orders (id, customer_id, status, order_date, total) VALUES (1, 48, 'PENDING', '2023-10-08 08:27:00+0000', '501.10');
INSERT INTO orders (id, customer_id, status, order_date, total) VALUES (2, 31, 'CANCELLED', '2024-04-08 01:07:00+0000', '960.43');
INSERT INTO orders (id, customer_id, status, order_date, total) VALUES (3, 22, 'PENDING', '2024-03-08 13:06:00+0000', '1280.96');
INSERT INTO orders (id, customer_id, status, order_date, total) VALUES (4, 17, 'CANCELLED', '2024-03-27 19:08:00+0000', '1705.52');
INSERT INTO orders (id, customer_id, status, order_date, total) VALUES (5, 39, 'SHIPPED', '2023-10-24 22:06:00+0000', '2404.03');
INSERT INTO orders (id, customer_id, status, order_date, total) VALUES (6, 28, 'CANCELLED', '2024-01-20 13:04:00+0000', '936.51');
INSERT INTO orders (id, customer_id, status, order_date, total) VALUES (7, 21, 'SHIPPED', '2024-01-04 13:28:00+0000', '1138.42');
INSERT INTO orders (id, customer_id, status, order_date, total) VALUES (8, 26, 'CANCELLED', '2024-04-10 07:29:00+0000', '1781.39');
INSERT INTO orders (id, customer_id, status, order_date, total) VALUES (9, 44, 'PAID', '2023-08-13 19:37:00+0000', '2469.66');
INSERT INTO orders (id, customer_id, status, order_date, total) VALUES (10, 44, 'CANCELLED', '2023-10-01 09:51:00+0000', '470.43');
INSERT INTO orders (id, customer_id, status, order_date, total) VALUES (11, 40, 'PAID', '2023-11-15 21:10:00+0000', '4532.26');
INSERT INTO orders (id, customer_id, status, order_date, total) VALUES (12, 42, 'CANCELLED', '2024-01-03 14:16:00+0000', '1473.39');
INSERT INTO orders (id, customer_id, status, order_date, total) VALUES (13, 9, 'CANCELLED', '2023-10-13 11:45:00+0000', '2702.24');
INSERT INTO orders (id, customer_id, status, order_date, total) VALUES (14, 17, 'PENDING', '2024-05-01 21:04:00+0000', '1278.42');
INSERT INTO orders (id, customer_id, status, order_date, total) VALUES (15, 46, 'PAID', '2023-09-21 10:18:00+0000', '1172.43');
INSERT INTO orders (id, customer_id, status, order_date, total) VALUES (16, 25, 'SHIPPED', '2024-04-06 03:15:00+0000', '1346.00');
INSERT INTO orders (id, customer_id, status, order_date, total) VALUES (17, 35, 'CANCELLED', '2023-11-14 02:56:00+0000', '345.96');
INSERT INTO orders (id, customer_id, status, order_date, total) VALUES (18, 50, 'CANCELLED', '2023-12-16 22:13:00+0000', '1370.44');
INSERT INTO orders (id, customer_id, status, order_date, total) VALUES (19, 1, 'CANCELLED', '2024-07-13 19:34:00+0000', '3569.62');
INSERT INTO orders (id, customer_id, status, order_date, total) VALUES (20, 32, 'PENDING', '2023-03-13 23:17:00+0000', '1758.08');
INSERT INTO orders (id, customer_id, status, order_date, total) VALUES (21, 26, 'PAID', '2024-04-19 06:06:00+0000', '396.56');
INSERT INTO orders (id, customer_id, status, order_date, total) VALUES (22, 30, 'CANCELLED', '2024-01-12 02:05:00+0000', '575.70');
INSERT INTO orders (id, customer_id, status, order_date, total) VALUES (23, 18, 'PENDING', '2024-05-03 16:57:00+0000', '231.84');
INSERT INTO orders (id, customer_id, status, order_date, total) VALUES (24, 23, 'PENDING', '2023-11-14 20:07:00+0000', '9.78');
INSERT INTO orders (id, customer_id, status, order_date, total) VALUES (25, 16, 'PENDING', '2023-07-05 13:19:00+0000', '2595.59');
INSERT INTO orders (id, customer_id, status, order_date, total) VALUES (26, 50, 'SHIPPED', '2023-05-14 09:06:00+0000', '409.46');
INSERT INTO orders (id, customer_id, status, order_date, total) VALUES (27, 37, 'SHIPPED', '2024-01-14 00:01:00+0000', '607.74');
INSERT INTO orders (id, customer_id, status, order_date, total) VALUES (28, 44, 'SHIPPED', '2023-06-26 21:30:00+0000', '257.32');
INSERT INTO orders (id, customer_id, status, order_date, total) VALUES (29, 5, 'SHIPPED', '2024-07-01 04:53:00+0000', '2522.57');
INSERT INTO orders (id, customer_id, status, order_date, total) VALUES (30, 41, 'SHIPPED', '2023-12-10 23:37:00+0000', '3202.89');
INSERT INTO orders (id, customer_id, status, order_date, total) VALUES (31, 21, 'PENDING', '2023-10-14 16:38:00+0000', '3292.41');
INSERT INTO orders (id, customer_id, status, order_date, total) VALUES (32, 32, 'PAID', '2023-08-12 16:13:00+0000', '1484.31');
INSERT INTO orders (id, customer_id, status, order_date, total) VALUES (33, 6, 'PENDING', '2023-08-25 05:11:00+0000', '1590.18');
INSERT INTO orders (id, customer_id, status, order_date, total) VALUES (34, 19, 'SHIPPED', '2023-09-10 11:38:00+0000', '1076.67');
INSERT INTO orders (id, customer_id, status, order_date, total) VALUES (35, 28, 'PENDING', '2024-09-22 01:41:00+0000', '1960.14');
INSERT INTO orders (id, customer_id, status, order_date, total) VALUES (36, 47, 'PAID', '2023-12-28 18:53:00+0000', '640.72');
INSERT INTO orders (id, customer_id, status, order_date, total) VALUES (37, 14, 'SHIPPED', '2024-10-04 19:18:00+0000', '1032.73');
INSERT INTO orders (id, customer_id, status, order_date, total) VALUES (38, 1, 'PENDING', '2024-10-14 13:42:00+0000', '1190.03');
INSERT INTO orders (id, customer_id, status, order_date, total) VALUES (39, 37, 'CANCELLED', '2023-11-28 02:30:00+0000', '1482.64');
INSERT INTO orders (id, customer_id, status, order_date, total) VALUES (40, 32, 'SHIPPED', '2023-04-06 05:42:00+0000', '106.90');
INSERT INTO orders (id, customer_id, status, order_date, total) VALUES (41, 6, 'SHIPPED', '2023-08-28 19:21:00+0000', '3098.39');
INSERT INTO orders (id, customer_id, status, order_date, total) VALUES (42, 37, 'PAID', '2023-08-05 07:17:00+0000', '19.56');
INSERT INTO orders (id, customer_id, status, order_date, total) VALUES (43, 17, 'PENDING', '2024-02-06 04:40:00+0000', '463.13');
INSERT INTO orders (id, customer_id, status, order_date, total) VALUES (44, 27, 'PAID', '2023-10-05 01:07:00+0000', '1955.41');
INSERT INTO orders (id, customer_id, status, order_date, total) VALUES (45, 28, 'PENDING', '2024-02-12 08:59:00+0000', '1020.04');
INSERT INTO orders (id, customer_id, status, order_date, total) VALUES (46, 4, 'SHIPPED', '2023-07-15 18:25:00+0000', '4547.88');
INSERT INTO orders (id, customer_id, status, order_date, total) VALUES (47, 33, 'PENDING', '2023-10-06 01:50:00+0000', '1571.80');
INSERT INTO orders (id, customer_id, status, order_date, total) VALUES (48, 15, 'PENDING', '2024-05-04 05:31:00+0000', '29.34');
INSERT INTO orders (id, customer_id, status, order_date, total) VALUES (49, 49, 'CANCELLED', '2023-08-03 08:11:00+0000', '3878.10');
INSERT INTO orders (id, customer_id, status, order_date, total) VALUES (50, 22, 'SHIPPED', '2024-03-31 09:36:00+0000', '685.22');
INSERT INTO orders (id, customer_id, status, order_date, total) VALUES (51, 27, 'SHIPPED', '2023-10-27 11:26:00+0000', '1928.34');
INSERT INTO orders (id, customer_id, status, order_date, total) VALUES (52, 8, 'CANCELLED', '2023-12-15 22:51:00+0000', '987.24');
INSERT INTO orders (id, customer_id, status, order_date, total) VALUES (53, 4, 'SHIPPED', '2023-07-28 01:37:00+0000', '721.98');
INSERT INTO orders (id, customer_id, status, order_date, total) VALUES (54, 36, 'PENDING', '2024-01-09 20:52:00+0000', '1970.95');
INSERT INTO orders (id, customer_id, status, order_date, total) VALUES (55, 36, 'PENDING', '2024-05-29 14:13:00+0000', '1950.65');
INSERT INTO orders (id, customer_id, status, order_date, total) VALUES (56, 42, 'PAID', '2024-03-20 03:38:00+0000', '1908.08');
INSERT INTO orders (id, customer_id, status, order_date, total) VALUES (57, 30, 'SHIPPED', '2024-07-19 05:19:00+0000', '1242.66');
INSERT INTO orders (id, customer_id, status, order_date, total) VALUES (58, 33, 'CANCELLED', '2023-05-18 09:04:00+0000', '2083.02');
INSERT INTO orders (id, customer_id, status, order_date, total) VALUES (59, 23, 'PENDING', '2024-01-09 16:46:00+0000', '3991.00');
INSERT INTO orders (id, customer_id, status, order_date, total) VALUES (60, 21, 'SHIPPED', '2024-02-09 02:41:00+0000', '2461.19');
INSERT INTO orders (id, customer_id, status, order_date, total) VALUES (61, 7, 'SHIPPED', '2024-09-05 08:50:00+0000', '4090.40');
INSERT INTO orders (id, customer_id, status, order_date, total) VALUES (62, 40, 'CANCELLED', '2024-04-30 03:48:00+0000', '1027.83');
INSERT INTO orders (id, customer_id, status, order_date, total) VALUES (63, 21, 'PAID', '2024-02-16 08:09:00+0000', '62.13');
INSERT INTO orders (id, customer_id, status, order_date, total) VALUES (64, 41, 'PENDING', '2023-09-14 02:09:00+0000', '336.50');
INSERT INTO orders (id, customer_id, status, order_date, total) VALUES (65, 29, 'SHIPPED', '2023-10-09 20:01:00+0000', '1949.30');
INSERT INTO orders (id, customer_id, status, order_date, total) VALUES (66, 24, 'PAID', '2023-10-19 13:23:00+0000', '894.00');
INSERT INTO orders (id, customer_id, status, order_date, total) VALUES (67, 6, 'CANCELLED', '2023-11-05 12:28:00+0000', '1346.26');
INSERT INTO orders (id, customer_id, status, order_date, total) VALUES (68, 41, 'PENDING', '2023-08-28 10:05:00+0000', '2364.67');
INSERT INTO orders (id, customer_id, status, order_date, total) VALUES (69, 29, 'PAID', '2024-01-08 16:23:00+0000', '2903.12');
INSERT INTO orders (id, customer_id, status, order_date, total) VALUES (70, 25, 'SHIPPED', '2024-09-21 23:35:00+0000', '1365.09');
INSERT INTO orders (id, customer_id, status, order_date, total) VALUES (71, 2, 'CANCELLED', '2024-08-02 12:51:00+0000', '409.46');
INSERT INTO orders (id, customer_id, status, order_date, total) VALUES (72, 19, 'PENDING', '2023-09-14 18:33:00+0000', '1133.82');
INSERT INTO orders (id, customer_id, status, order_date, total) VALUES (73, 20, 'PAID', '2024-07-29 12:12:00+0000', '2448.73');
INSERT INTO orders (id, customer_id, status, order_date, total) VALUES (74, 35, 'PAID', '2023-09-24 06:52:00+0000', '2546.02');
INSERT INTO orders (id, customer_id, status, order_date, total) VALUES (75, 49, 'PENDING', '2023-08-29 15:13:00+0000', '1896.83');
INSERT INTO orders (id, customer_id, status, order_date, total) VALUES (76, 30, 'CANCELLED', '2024-04-16 23:20:00+0000', '1644.93');
INSERT INTO orders (id, customer_id, status, order_date, total) VALUES (77, 2, 'PENDING', '2024-10-26 14:40:00+0000', '2463.69');
INSERT INTO orders (id, customer_id, status, order_date, total) VALUES (78, 20, 'CANCELLED', '2024-08-25 15:01:00+0000', '292.38');
INSERT INTO orders (id, customer_id, status, order_date, total) VALUES (79, 30, 'PENDING', '2024-04-17 23:16:00+0000', '4378.64');
INSERT INTO orders (id, customer_id, status, order_date, total) VALUES (80, 45, 'CANCELLED', '2024-05-05 14:55:00+0000', '1868.21');
INSERT INTO orders (id, customer_id, status, order_date, total) VALUES (81, 18, 'PAID', '2024-01-06 12:31:00+0000', '1214.18');
INSERT INTO orders (id, customer_id, status, order_date, total) VALUES (82, 37, 'PAID', '2023-10-18 12:49:00+0000', '2584.09');
INSERT INTO orders (id, customer_id, status, order_date, total) VALUES (83, 35, 'PAID', '2023-07-26 18:42:00+0000', '246.81');
INSERT INTO orders (id, customer_id, status, order_date, total) VALUES (84, 1, 'CANCELLED', '2024-07-16 17:30:00+0000', '1979.59');
INSERT INTO orders (id, customer_id, status, order_date, total) VALUES (85, 50, 'CANCELLED', '2023-08-24 16:00:00+0000', '1896.75');
INSERT INTO orders (id, customer_id, status, order_date, total) VALUES (86, 26, 'PENDING', '2024-02-09 06:54:00+0000', '927.36');
INSERT INTO orders (id, customer_id, status, order_date, total) VALUES (87, 6, 'CANCELLED', '2023-10-05 12:04:00+0000', '457.77');
INSERT INTO orders (id, customer_id, status, order_date, total) VALUES (88, 39, 'PAID', '2023-11-04 04:13:00+0000', '2516.72');
INSERT INTO orders (id, customer_id, status, order_date, total) VALUES (89, 27, 'PAID', '2023-08-08 17:04:00+0000', '3143.00');
INSERT INTO orders (id, customer_id, status, order_date, total) VALUES (90, 44, 'PENDING', '2023-12-24 04:28:00+0000', '185.49');
INSERT INTO orders (id, customer_id, status, order_date, total) VALUES (91, 28, 'CANCELLED', '2024-02-03 03:07:00+0000', '768.02');
INSERT INTO orders (id, customer_id, status, order_date, total) VALUES (92, 23, 'CANCELLED', '2024-02-23 23:41:00+0000', '250.41');
INSERT INTO orders (id, customer_id, status, order_date, total) VALUES (93, 15, 'PAID', '2023-09-07 21:26:00+0000', '1939.44');
INSERT INTO orders (id, customer_id, status, order_date, total) VALUES (94, 18, 'PAID', '2024-03-07 19:56:00+0000', '1108.83');
INSERT INTO orders (id, customer_id, status, order_date, total) VALUES (95, 48, 'PENDING', '2023-05-05 21:31:00+0000', '2376.28');
INSERT INTO orders (id, customer_id, status, order_date, total) VALUES (96, 10, 'SHIPPED', '2024-01-26 06:06:00+0000', '246.81');
INSERT INTO orders (id, customer_id, status, order_date, total) VALUES (97, 29, 'CANCELLED', '2024-02-18 12:54:00+0000', '2070.25');
INSERT INTO orders (id, customer_id, status, order_date, total) VALUES (98, 34, 'PAID', '2024-04-22 11:44:00+0000', '107.70');
INSERT INTO orders (id, customer_id, status, order_date, total) VALUES (99, 20, 'PAID', '2024-04-03 15:45:00+0000', '1144.37');
INSERT INTO orders (id, customer_id, status, order_date, total) VALUES (100, 9, 'CANCELLED', '2023-08-31 07:08:00+0000', '519.41');
INSERT INTO orders (id, customer_id, status, order_date, total) VALUES (101, 48, 'SHIPPED', '2023-05-12 09:17:00+0000', '337.48');
INSERT INTO orders (id, customer_id, status, order_date, total) VALUES (102, 37, 'PAID', '2024-02-10 06:03:00+0000', '1858.11');
INSERT INTO orders (id, customer_id, status, order_date, total) VALUES (103, 40, 'CANCELLED', '2024-06-01 05:10:00+0000', '2142.58');
INSERT INTO orders (id, customer_id, status, order_date, total) VALUES (104, 34, 'PENDING', '2023-12-27 23:41:00+0000', '1196.57');
INSERT INTO orders (id, customer_id, status, order_date, total) VALUES (105, 34, 'PAID', '2024-08-04 16:48:00+0000', '954.87');
INSERT INTO orders (id, customer_id, status, order_date, total) VALUES (106, 17, 'PAID', '2024-04-06 05:14:00+0000', '2029.79');
INSERT INTO orders (id, customer_id, status, order_date, total) VALUES (107, 29, 'CANCELLED', '2023-08-19 12:20:00+0000', '1142.72');
INSERT INTO orders (id, customer_id, status, order_date, total) VALUES (108, 29, 'PENDING', '2023-08-03 22:16:00+0000', '701.29');
INSERT INTO orders (id, customer_id, status, order_date, total) VALUES (109, 29, 'PENDING', '2024-05-03 18:34:00+0000', '302.86');
INSERT INTO orders (id, customer_id, status, order_date, total) VALUES (110, 29, 'PENDING', '2023-09-06 08:03:00+0000', '221.00');
INSERT INTO orders (id, customer_id, status, order_date, total) VALUES (111, 16, 'SHIPPED', '2023-11-05 03:37:00+0000', '1563.54');
INSERT INTO orders (id, customer_id, status, order_date, total) VALUES (112, 5, 'SHIPPED', '2024-03-31 10:00:00+0000', '1924.94');
INSERT INTO orders (id, customer_id, status, order_date, total) VALUES (113, 42, 'PENDING', '2024-07-19 15:02:00+0000', '1760.42');
INSERT INTO orders (id, customer_id, status, order_date, total) VALUES (114, 24, 'PAID', '2023-08-18 14:34:00+0000', '198.16');
INSERT INTO orders (id, customer_id, status, order_date, total) VALUES (115, 9, 'CANCELLED', '2023-05-07 15:36:00+0000', '1690.58');
INSERT INTO orders (id, customer_id, status, order_date, total) VALUES (116, 10, 'SHIPPED', '2024-01-28 15:11:00+0000', '4049.82');
INSERT INTO orders (id, customer_id, status, order_date, total) VALUES (117, 49, 'CANCELLED', '2023-12-21 00:07:00+0000', '3610.43');
INSERT INTO orders (id, customer_id, status, order_date, total) VALUES (118, 33, 'PENDING', '2023-09-29 23:16:00+0000', '630.45');
INSERT INTO orders (id, customer_id, status, order_date, total) VALUES (119, 42, 'CANCELLED', '2024-09-03 23:18:00+0000', '2374.64');
INSERT INTO orders (id, customer_id, status, order_date, total) VALUES (120, 33, 'CANCELLED', '2023-03-18 23:54:00+0000', '882.58');
INSERT INTO orders (id, customer_id, status, order_date, total) VALUES (121, 23, 'PAID', '2023-08-05 12:05:00+0000', '136.71');
INSERT INTO orders (id, customer_id, status, order_date, total) VALUES (122, 25, 'PAID', '2024-02-29 08:44:00+0000', '342.44');
INSERT INTO orders (id, customer_id, status, order_date, total) VALUES (123, 9, 'PENDING', '2023-03-08 22:45:00+0000', '1663.83');
INSERT INTO orders (id, customer_id, status, order_date, total) VALUES (124, 17, 'PAID', '2024-04-15 04:25:00+0000', '1987.33');
INSERT INTO orders (id, customer_id, status, order_date, total) VALUES (125, 27, 'PENDING', '2023-10-08 03:44:00+0000', '741.96');
INSERT INTO orders (id, customer_id, status, order_date, total) VALUES (126, 41, 'PENDING', '2024-01-08 14:01:00+0000', '857.78');
INSERT INTO orders (id, customer_id, status, order_date, total) VALUES (127, 40, 'PENDING', '2024-04-06 13:50:00+0000', '2182.18');
INSERT INTO orders (id, customer_id, status, order_date, total) VALUES (128, 41, 'PENDING', '2023-11-04 07:08:00+0000', '1074.49');
INSERT INTO orders (id, customer_id, status, order_date, total) VALUES (129, 50, 'CANCELLED', '2023-12-14 09:49:00+0000', '741.53');
INSERT INTO orders (id, customer_id, status, order_date, total) VALUES (130, 45, 'PENDING', '2024-07-01 05:04:00+0000', '507.13');
INSERT INTO orders (id, customer_id, status, order_date, total) VALUES (131, 19, 'CANCELLED', '2023-08-30 23:19:00+0000', '1740.81');
INSERT INTO orders (id, customer_id, status, order_date, total) VALUES (132, 35, 'SHIPPED', '2023-11-17 21:23:00+0000', '19.56');
INSERT INTO orders (id, customer_id, status, order_date, total) VALUES (133, 23, 'CANCELLED', '2023-08-16 20:18:00+0000', '2564.86');
INSERT INTO orders (id, customer_id, status, order_date, total) VALUES (134, 25, 'CANCELLED', '2024-07-10 02:19:00+0000', '1574.43');
INSERT INTO orders (id, customer_id, status, order_date, total) VALUES (135, 39, 'CANCELLED', '2023-05-09 12:47:00+0000', '1133.34');
INSERT INTO orders (id, customer_id, status, order_date, total) VALUES (136, 39, 'PENDING', '2023-09-11 23:51:00+0000', '2476.14');
INSERT INTO orders (id, customer_id, status, order_date, total) VALUES (137, 43, 'PAID', '2024-03-08 06:03:00+0000', '2498.02');
INSERT INTO orders (id, customer_id, status, order_date, total) VALUES (138, 50, 'PENDING', '2023-08-26 10:50:00+0000', '2650.90');
INSERT INTO orders (id, customer_id, status, order_date, total) VALUES (139, 37, 'PENDING', '2023-09-14 04:33:00+0000', '530.39');
INSERT INTO orders (id, customer_id, status, order_date, total) VALUES (140, 48, 'PAID', '2023-07-25 11:26:00+0000', '3587.10');
INSERT INTO orders (id, customer_id, status, order_date, total) VALUES (141, 8, 'SHIPPED', '2023-07-31 07:49:00+0000', '2196.71');
INSERT INTO orders (id, customer_id, status, order_date, total) VALUES (142, 20, 'PAID', '2024-03-07 10:58:00+0000', '650.99');
INSERT INTO orders (id, customer_id, status, order_date, total) VALUES (143, 9, 'CANCELLED', '2023-06-19 05:49:00+0000', '192.99');
INSERT INTO orders (id, customer_id, status, order_date, total) VALUES (144, 36, 'CANCELLED', '2024-01-09 07:56:00+0000', '297.42');
INSERT INTO orders (id, customer_id, status, order_date, total) VALUES (145, 46, 'CANCELLED', '2023-12-29 20:14:00+0000', '1648.71');
INSERT INTO orders (id, customer_id, status, order_date, total) VALUES (146, 30, 'CANCELLED', '2024-07-01 12:08:00+0000', '1122.94');
INSERT INTO orders (id, customer_id, status, order_date, total) VALUES (147, 33, 'PAID', '2023-01-30 13:13:00+0000', '1826.78');
INSERT INTO orders (id, customer_id, status, order_date, total) VALUES (148, 41, 'PAID', '2024-01-27 03:46:00+0000', '364.00');
INSERT INTO orders (id, customer_id, status, order_date, total) VALUES (149, 11, 'PENDING', '2024-03-22 23:29:00+0000', '185.49');
INSERT INTO orders (id, customer_id, status, order_date, total) VALUES (150, 3, 'CANCELLED', '2024-08-20 23:26:00+0000', '448.58');
INSERT INTO orders (id, customer_id, status, order_date, total) VALUES (151, 41, 'PENDING', '2024-01-24 04:17:00+0000', '2539.25');
INSERT INTO orders (id, customer_id, status, order_date, total) VALUES (152, 45, 'SHIPPED', '2023-11-28 12:54:00+0000', '2745.09');
INSERT INTO orders (id, customer_id, status, order_date, total) VALUES (153, 26, 'PENDING', '2023-09-09 20:07:00+0000', '2035.82');
INSERT INTO orders (id, customer_id, status, order_date, total) VALUES (154, 4, 'CANCELLED', '2023-09-17 21:02:00+0000', '3234.49');
INSERT INTO orders (id, customer_id, status, order_date, total) VALUES (155, 32, 'CANCELLED', '2023-08-04 02:59:00+0000', '396.56');
INSERT INTO orders (id, customer_id, status, order_date, total) VALUES (156, 16, 'PENDING', '2023-07-14 08:32:00+0000', '1138.43');
INSERT INTO orders (id, customer_id, status, order_date, total) VALUES (157, 28, 'PAID', '2024-02-21 23:25:00+0000', '256.39');
INSERT INTO orders (id, customer_id, status, order_date, total) VALUES (158, 24, 'SHIPPED', '2023-12-21 18:16:00+0000', '182.28');
INSERT INTO orders (id, customer_id, status, order_date, total) VALUES (159, 40, 'SHIPPED', '2023-12-08 10:01:00+0000', '136.71');
INSERT INTO orders (id, customer_id, status, order_date, total) VALUES (160, 36, 'PENDING', '2024-05-08 15:58:00+0000', '359.02');
INSERT INTO orders (id, customer_id, status, order_date, total) VALUES (161, 3, 'CANCELLED', '2024-01-09 01:46:00+0000', '1518.05');
INSERT INTO orders (id, customer_id, status, order_date, total) VALUES (162, 40, 'PENDING', '2024-03-11 01:53:00+0000', '1750.11');
INSERT INTO orders (id, customer_id, status, order_date, total) VALUES (163, 24, 'PENDING', '2023-08-30 07:24:00+0000', '1009.50');
INSERT INTO orders (id, customer_id, status, order_date, total) VALUES (164, 39, 'PENDING', '2023-10-06 03:13:00+0000', '2684.82');
INSERT INTO orders (id, customer_id, status, order_date, total) VALUES (165, 13, 'PENDING', '2024-01-05 17:25:00+0000', '1745.44');
INSERT INTO orders (id, customer_id, status, order_date, total) VALUES (166, 46, 'SHIPPED', '2023-07-07 20:00:00+0000', '930.24');
INSERT INTO orders (id, customer_id, status, order_date, total) VALUES (167, 12, 'PAID', '2024-07-11 15:17:00+0000', '1314.67');
INSERT INTO orders (id, customer_id, status, order_date, total) VALUES (168, 18, 'CANCELLED', '2024-07-12 18:32:00+0000', '108.99');
INSERT INTO orders (id, customer_id, status, order_date, total) VALUES (169, 21, 'SHIPPED', '2024-02-12 01:35:00+0000', '3411.25');
INSERT INTO orders (id, customer_id, status, order_date, total) VALUES (170, 3, 'PAID', '2024-03-25 17:05:00+0000', '3282.55');
INSERT INTO orders (id, customer_id, status, order_date, total) VALUES (171, 35, 'PAID', '2023-08-06 07:56:00+0000', '637.01');
INSERT INTO orders (id, customer_id, status, order_date, total) VALUES (172, 41, 'CANCELLED', '2023-08-16 20:11:00+0000', '1009.50');
INSERT INTO orders (id, customer_id, status, order_date, total) VALUES (173, 7, 'SHIPPED', '2024-04-03 05:36:00+0000', '4828.48');
INSERT INTO orders (id, customer_id, status, order_date, total) VALUES (174, 42, 'CANCELLED', '2024-01-31 13:41:00+0000', '2929.96');
INSERT INTO orders (id, customer_id, status, order_date, total) VALUES (175, 32, 'PENDING', '2023-06-02 19:53:00+0000', '625.47');
INSERT INTO orders (id, customer_id, status, order_date, total) VALUES (176, 22, 'PAID', '2024-03-12 02:14:00+0000', '2970.76');
INSERT INTO orders (id, customer_id, status, order_date, total) VALUES (177, 47, 'PAID', '2024-05-13 06:14:00+0000', '1322.89');
INSERT INTO orders (id, customer_id, status, order_date, total) VALUES (178, 40, 'PENDING', '2024-05-03 20:13:00+0000', '1678.27');
INSERT INTO orders (id, customer_id, status, order_date, total) VALUES (179, 17, 'PENDING', '2024-07-10 07:21:00+0000', '658.93');
INSERT INTO orders (id, customer_id, status, order_date, total) VALUES (180, 43, 'SHIPPED', '2023-10-13 09:32:00+0000', '1047.93');
INSERT INTO orders (id, customer_id, status, order_date, total) VALUES (181, 40, 'CANCELLED', '2024-01-30 13:06:00+0000', '1087.71');
INSERT INTO orders (id, customer_id, status, order_date, total) VALUES (182, 45, 'PENDING', '2024-08-05 23:35:00+0000', '1844.68');
INSERT INTO orders (id, customer_id, status, order_date, total) VALUES (183, 4, 'SHIPPED', '2024-01-28 01:11:00+0000', '1194.74');
INSERT INTO orders (id, customer_id, status, order_date, total) VALUES (184, 34, 'CANCELLED', '2024-06-30 14:09:00+0000', '1268.10');
INSERT INTO orders (id, customer_id, status, order_date, total) VALUES (185, 4, 'PENDING', '2023-12-10 12:26:00+0000', '4148.79');
INSERT INTO orders (id, customer_id, status, order_date, total) VALUES (186, 48, 'SHIPPED', '2023-08-10 14:08:00+0000', '817.16');
INSERT INTO orders (id, customer_id, status, order_date, total) VALUES (187, 45, 'CANCELLED', '2023-12-01 01:59:00+0000', '441.29');
INSERT INTO orders (id, customer_id, status, order_date, total) VALUES (188, 3, 'CANCELLED', '2024-03-25 04:21:00+0000', '199.47');
INSERT INTO orders (id, customer_id, status, order_date, total) VALUES (189, 29, 'SHIPPED', '2024-01-25 09:09:00+0000', '493.62');
INSERT INTO orders (id, customer_id, status, order_date, total) VALUES (190, 8, 'CANCELLED', '2023-08-22 23:38:00+0000', '1709.79');
INSERT INTO orders (id, customer_id, status, order_date, total) VALUES (191, 35, 'PAID', '2023-09-30 20:35:00+0000', '867.95');
INSERT INTO orders (id, customer_id, status, order_date, total) VALUES (192, 47, 'PENDING', '2023-11-17 09:12:00+0000', '1340.25');
INSERT INTO orders (id, customer_id, status, order_date, total) VALUES (193, 39, 'PENDING', '2023-02-23 09:24:00+0000', '3176.85');
INSERT INTO orders (id, customer_id, status, order_date, total) VALUES (194, 9, 'PAID', '2023-11-01 22:50:00+0000', '1880.34');
INSERT INTO orders (id, customer_id, status, order_date, total) VALUES (195, 20, 'CANCELLED', '2024-02-29 09:36:00+0000', '2522.35');
INSERT INTO orders (id, customer_id, status, order_date, total) VALUES (196, 34, 'SHIPPED', '2024-04-29 09:57:00+0000', '1037.56');
INSERT INTO orders (id, customer_id, status, order_date, total) VALUES (197, 46, 'CANCELLED', '2023-07-10 18:06:00+0000', '751.64');
INSERT INTO orders (id, customer_id, status, order_date, total) VALUES (198, 36, 'PAID', '2024-07-31 15:37:00+0000', '1057.75');
INSERT INTO orders (id, customer_id, status, order_date, total) VALUES (199, 4, 'PENDING', '2023-09-06 20:48:00+0000', '2183.53');
INSERT INTO orders (id, customer_id, status, order_date, total) VALUES (200, 14, 'SHIPPED', '2024-05-07 13:52:00+0000', '2083.05');
INSERT INTO order_items (id, order_id, product_id, quantity, unit_price) VALUES (1, 1, 9, 1, '151.86');
INSERT INTO order_items (id, order_id, product_id, quantity, unit_price) VALUES (2, 1, 6, 4, '87.31');
INSERT INTO order_items (id, order_id, product_id, quantity, unit_price) VALUES (3, 2, 12, 2, '64.33');
INSERT INTO order_items (id, order_id, product_id, quantity, unit_price) VALUES (4, 2, 10, 2, '29.81');
INSERT INTO order_items (id, order_id, product_id, quantity, unit_price) VALUES (5, 2, 27, 1, '185.49');
INSERT INTO order_items (id, order_id, product_id, quantity, unit_price) VALUES (6, 2, 26, 2, '293.33');
INSERT INTO order_items (id, order_id, product_id, quantity, unit_price) VALUES (7, 3, 12, 4, '64.33');
INSERT INTO order_items (id, order_id, product_id, quantity, unit_price) VALUES (8, 3, 21, 3, '304.38');
INSERT INTO order_items (id, order_id, product_id, quantity, unit_price) VALUES (9, 3, 17, 1, '110.50');
INSERT INTO order_items (id, order_id, product_id, quantity, unit_price) VALUES (10, 4, 2, 4, '204.29');
INSERT INTO order_items (id, order_id, product_id, quantity, unit_price) VALUES (11, 4, 4, 3, '233.99');
INSERT INTO order_items (id, order_id, product_id, quantity, unit_price) VALUES (12, 4, 20, 3, '62.13');
INSERT INTO order_items (id, order_id, product_id, quantity, unit_price) VALUES (13, 5, 29, 1, '375.98');
INSERT INTO order_items (id, order_id, product_id, quantity, unit_price) VALUES (14, 5, 19, 4, '409.46');
INSERT INTO order_items (id, order_id, product_id, quantity, unit_price) VALUES (15, 5, 7, 1, '86.49');
INSERT INTO order_items (id, order_id, product_id, quantity, unit_price) VALUES (16, 5, 9, 2, '151.86');
INSERT INTO order_items (id, order_id, product_id, quantity, unit_price) VALUES (17, 6, 20, 1, '62.13');
INSERT INTO order_items (id, order_id, product_id, quantity, unit_price) VALUES (18, 6, 11, 3, '44.65');
INSERT INTO order_items (id, order_id, product_id, quantity, unit_price) VALUES (19, 6, 22, 3, '246.81');
INSERT INTO order_items (id, order_id, product_id, quantity, unit_price) VALUES (20, 7, 18, 4, '187.91');
INSERT INTO order_items (id, order_id, product_id, quantity, unit_price) VALUES (21, 7, 5, 4, '53.45');
INSERT INTO order_items (id, order_id, product_id, quantity, unit_price) VALUES (22, 7, 7, 2, '86.49');
INSERT INTO order_items (id, order_id, product_id, quantity, unit_price) VALUES (23, 8, 10, 3, '29.81');
INSERT INTO order_items (id, order_id, product_id, quantity, unit_price) VALUES (24, 8, 7, 4, '86.49');
INSERT INTO order_items (id, order_id, product_id, quantity, unit_price) VALUES (25, 8, 14, 4, '336.50');
INSERT INTO order_items (id, order_id, product_id, quantity, unit_price) VALUES (26, 9, 26, 1, '293.33');
INSERT INTO order_items (id, order_id, product_id, quantity, unit_price) VALUES (27, 9, 29, 3, '375.98');
INSERT INTO order_items (id, order_id, product_id, quantity, unit_price) VALUES (28, 9, 24, 3, '320.36');
INSERT INTO order_items (id, order_id, product_id, quantity, unit_price) VALUES (29, 9, 6, 1, '87.31');
INSERT INTO order_items (id, order_id, product_id, quantity, unit_price) VALUES (30, 10, 5, 1, '53.45');
INSERT INTO order_items (id, order_id, product_id, quantity, unit_price) VALUES (31, 10, 1, 2, '208.49');
INSERT INTO order_items (id, order_id, product_id, quantity, unit_price) VALUES (32, 11, 29, 4, '375.98');
INSERT INTO order_items (id, order_id, product_id, quantity, unit_price) VALUES (33, 11, 21, 4, '304.38');
INSERT INTO order_items (id, order_id, product_id, quantity, unit_price) VALUES (34, 11, 19, 4, '409.46');
INSERT INTO order_items (id, order_id, product_id, quantity, unit_price) VALUES (35, 11, 7, 2, '86.49');
INSERT INTO order_items (id, order_id, product_id, quantity, unit_price) VALUES (36, 12, 8, 4, '146.19');
INSERT INTO order_items (id, order_id, product_id, quantity, unit_price) VALUES (37, 12, 6, 1, '87.31');
INSERT INTO order_items (id, order_id, product_id, quantity, unit_price) VALUES (38, 12, 26, 2, '293.33');
INSERT INTO order_items (id, order_id, product_id, quantity, unit_price) VALUES (39, 12, 23, 1, '214.66');
INSERT INTO order_items (id, order_id, product_id, quantity, unit_price) VALUES (40, 13, 18, 4, '187.91');
INSERT INTO order_items (id, order_id, product_id, quantity, unit_price) VALUES (41, 13, 20, 4, '62.13');
INSERT INTO order_items (id, order_id, product_id, quantity, unit_price) VALUES (42, 13, 11, 4, '44.65');
INSERT INTO order_items (id, order_id, product_id, quantity, unit_price) VALUES (43, 13, 25, 2, '9.78');
INSERT INTO order_items (id, order_id, product_id, quantity, unit_price) VALUES (44, 13, 29, 4, '375.98');
INSERT INTO order_items (id, order_id, product_id, quantity, unit_price) VALUES (45, 14, 25, 2, '9.78');
INSERT INTO order_items (id, order_id, product_id, quantity, unit_price) VALUES (46, 14, 17, 3, '110.50');
INSERT INTO order_items (id, order_id, product_id, quantity, unit_price) VALUES (47, 14, 16, 4, '231.84');
INSERT INTO order_items (id, order_id, product_id, quantity, unit_price) VALUES (48, 15, 11, 1, '44.65');
INSERT INTO order_items (id, order_id, product_id, quantity, unit_price) VALUES (49, 15, 29, 2, '375.98');
INSERT INTO order_items (id, order_id, product_id, quantity, unit_price) VALUES (50, 15, 18, 2, '187.91');
INSERT INTO order_items (id, order_id, product_id, quantity, unit_price) VALUES (51, 16, 14, 4, '336.50');
INSERT INTO order_items (id, order_id, product_id, quantity, unit_price) VALUES (52, 17, 7, 4, '86.49');
INSERT INTO order_items (id, order_id, product_id, quantity, unit_price) VALUES (53, 18, 28, 4, '342.61');
INSERT INTO order_items (id, order_id, product_id, quantity, unit_price) VALUES (54, 19, 28, 2, '342.61');
INSERT INTO order_items (id, order_id, product_id, quantity, unit_price) VALUES (55, 19, 29, 4, '375.98');
INSERT INTO order_items (id, order_id, product_id, quantity, unit_price) VALUES (56, 19, 27, 2, '185.49');
INSERT INTO order_items (id, order_id, product_id, quantity, unit_price) VALUES (57, 19, 14, 3, '336.50');
INSERT INTO order_items (id, order_id, product_id, quantity, unit_price) VALUES (58, 20, 22, 2, '246.81');
INSERT INTO order_items (id, order_id, product_id, quantity, unit_price) VALUES (59, 20, 26, 4, '293.33');
INSERT INTO order_items (id, order_id, product_id, quantity, unit_price) VALUES (60, 20, 13, 2, '45.57');
INSERT INTO order_items (id, order_id, product_id, quantity, unit_price) VALUES (61, 21, 3, 4, '99.14');
INSERT INTO order_items (id, order_id, product_id, quantity, unit_price) VALUES (62, 22, 13, 4, '45.57');
INSERT INTO order_items (id, order_id, product_id, quantity, unit_price) VALUES (63, 22, 11, 3, '44.65');
INSERT INTO order_items (id, order_id, product_id, quantity, unit_price) VALUES (64, 22, 7, 3, '86.49');
INSERT INTO order_items (id, order_id, product_id, quantity, unit_price) VALUES (65, 23, 16, 1, '231.84');
INSERT INTO order_items (id, order_id, product_id, quantity, unit_price) VALUES (66, 24, 25, 1, '9.78');
INSERT INTO order_items (id, order_id, product_id, quantity, unit_price) VALUES (67, 25, 5, 2, '53.45');
INSERT INTO order_items (id, order_id, product_id, quantity, unit_price) VALUES (68, 25, 8, 4, '146.19');
INSERT INTO order_items (id, order_id, product_id, quantity, unit_price) VALUES (69, 25, 16, 3, '231.84');
INSERT INTO order_items (id, order_id, product_id, quantity, unit_price) VALUES (70, 25, 22, 3, '246.81');
INSERT INTO order_items (id, order_id, product_id, quantity, unit_price) VALUES (71, 25, 4, 2, '233.99');
INSERT INTO order_items (id, order_id, product_id, quantity, unit_price) VALUES (72, 26, 19, 1, '409.46');
INSERT INTO order_items (id, order_id, product_id, quantity, unit_price) VALUES (73, 27, 3, 2, '99.14');
INSERT INTO order_items (id, order_id, product_id, quantity, unit_price) VALUES (74, 27, 19, 1, '409.46');
INSERT INTO order_items (id, order_id, product_id, quantity, unit_price) VALUES (75, 28, 12, 4, '64.33');
INSERT INTO order_items (id, order_id, product_id, quantity, unit_price) VALUES (76, 29, 1, 4, '208.49');
INSERT INTO order_items (id, order_id, product_id, quantity, unit_price) VALUES (77, 29, 28, 1, '342.61');
INSERT INTO order_items (id, order_id, product_id, quantity, unit_price) VALUES (78, 29, 14, 4, '336.50');
INSERT INTO order_items (id, order_id, product_id, quantity, unit_price) VALUES (79, 30, 6, 3, '87.31');
INSERT INTO order_items (id, order_id, product_id, quantity, unit_price) VALUES (80, 30, 24, 4, '320.36');
INSERT INTO order_items (id, order_id, product_id, quantity, unit_price) VALUES (81, 30, 17, 4, '110.50');
INSERT INTO order_items (id, order_id, product_id, quantity, unit_price) VALUES (82, 30, 21, 4, '304.38');
INSERT INTO order_items (id, order_id, product_id, quantity, unit_price) VALUES (83, 31, 29, 4, '375.98');
INSERT INTO order_items (id, order_id, product_id, quantity, unit_price) VALUES (84, 31, 15, 4, '337.48');
INSERT INTO order_items (id, order_id, product_id, quantity, unit_price) VALUES (85, 31, 8, 3, '146.19');
INSERT INTO order_items (id, order_id, product_id, quantity, unit_price) VALUES (86, 32, 7, 3, '86.49');
INSERT INTO order_items (id, order_id, product_id, quantity, unit_price) VALUES (87, 32, 12, 3, '64.33');
INSERT INTO order_items (id, order_id, product_id, quantity, unit_price) VALUES (88, 32, 26, 3, '293.33');
INSERT INTO order_items (id, order_id, product_id, quantity, unit_price) VALUES (89, 32, 9, 1, '151.86');
INSERT INTO order_items (id, order_id, product_id, quantity, unit_price) VALUES (90, 33, 18, 4, '187.91');
INSERT INTO order_items (id, order_id, product_id, quantity, unit_price) VALUES (91, 33, 25, 4, '9.78');
INSERT INTO order_items (id, order_id, product_id, quantity, unit_price) VALUES (92, 33, 8, 4, '146.19');
INSERT INTO order_items (id, order_id, product_id, quantity, unit_price) VALUES (93, 33, 23, 1, '214.66');
INSERT INTO order_items (id, order_id, product_id, quantity, unit_price) VALUES (94, 34, 10, 3, '29.81');
INSERT INTO order_items (id, order_id, product_id, quantity, unit_price) VALUES (95, 34, 22, 4, '246.81');
INSERT INTO order_items (id, order_id, product_id, quantity, unit_price) VALUES (96, 35, 23, 3, '214.66');
INSERT INTO order_items (id, order_id, product_id, quantity, unit_price) VALUES (97, 35, 15, 3, '337.48');
INSERT INTO order_items (id, order_id, product_id, quantity, unit_price) VALUES (98, 35, 9, 2, '151.86');
INSERT INTO order_items (id, order_id, product_id, quantity, unit_price) VALUES (99, 36, 24, 2, '320.36');
INSERT INTO order_items (id, order_id, product_id, quantity, unit_price) VALUES (100, 37, 25, 2, '9.78');
INSERT INTO order_items (id, order_id, product_id, quantity, unit_price) VALUES (101, 37, 17, 3, '110.50');
INSERT INTO order_items (id, order_id, product_id, quantity, unit_price) VALUES (102, 37, 20, 2, '62.13');
INSERT INTO order_items (id, order_id, product_id, quantity, unit_price) VALUES (103, 37, 10, 3, '29.81');
INSERT INTO order_items (id, order_id, product_id, quantity, unit_price) VALUES (104, 37, 4, 2, '233.99');
INSERT INTO order_items (id, order_id, product_id, quantity, unit_price) VALUES (105, 38, 2, 2, '204.29');
INSERT INTO order_items (id, order_id, product_id, quantity, unit_price) VALUES (106, 38, 18, 4, '187.91');
INSERT INTO order_items (id, order_id, product_id, quantity, unit_price) VALUES (107, 38, 10, 1, '29.81');
INSERT INTO order_items (id, order_id, product_id, quantity, unit_price) VALUES (108, 39, 15, 3, '337.48');
INSERT INTO order_items (id, order_id, product_id, quantity, unit_price) VALUES (109, 39, 11, 4, '44.65');
INSERT INTO order_items (id, order_id, product_id, quantity, unit_price) VALUES (110, 39, 6, 1, '87.31');
INSERT INTO order_items (id, order_id, product_id, quantity, unit_price) VALUES (111, 39, 2, 1, '204.29');
INSERT INTO order_items (id, order_id, product_id, quantity, unit_price) VALUES (112, 40, 5, 2, '53.45');
INSERT INTO order_items (id, order_id, product_id, quantity, unit_price) VALUES (113, 41, 25, 4, '9.78');
INSERT INTO order_items (id, order_id, product_id, quantity, unit_price) VALUES (114, 41, 14, 4, '336.50');
INSERT INTO order_items (id, order_id, product_id, quantity, unit_price) VALUES (115, 41, 20, 4, '62.13');
INSERT INTO order_items (id, order_id, product_id, quantity, unit_price) VALUES (116, 41, 26, 3, '293.33');
INSERT INTO order_items (id, order_id, product_id, quantity, unit_price) VALUES (117, 41, 8, 4, '146.19');
INSERT INTO order_items (id, order_id, product_id, quantity, unit_price) VALUES (118, 42, 25, 2, '9.78');
INSERT INTO order_items (id, order_id, product_id, quantity, unit_price) VALUES (119, 43, 6, 1, '87.31');
INSERT INTO order_items (id, order_id, product_id, quantity, unit_price) VALUES (120, 43, 18, 2, '187.91');
INSERT INTO order_items (id, order_id, product_id, quantity, unit_price) VALUES (121, 44, 16, 3, '231.84');
INSERT INTO order_items (id, order_id, product_id, quantity, unit_price) VALUES (122, 44, 10, 4, '29.81');
INSERT INTO order_items (id, order_id, product_id, quantity, unit_price) VALUES (123, 44, 2, 1, '204.29');
INSERT INTO order_items (id, order_id, product_id, quantity, unit_price) VALUES (124, 44, 8, 2, '146.19');
INSERT INTO order_items (id, order_id, product_id, quantity, unit_price) VALUES (125, 44, 23, 3, '214.66');
INSERT INTO order_items (id, order_id, product_id, quantity, unit_price) VALUES (126, 45, 21, 3, '304.38');
INSERT INTO order_items (id, order_id, product_id, quantity, unit_price) VALUES (127, 45, 5, 2, '53.45');
INSERT INTO order_items (id, order_id, product_id, quantity, unit_price) VALUES (128, 46, 24, 4, '320.36');
INSERT INTO order_items (id, order_id, product_id, quantity, unit_price) VALUES (129, 46, 27, 1, '185.49');
INSERT INTO order_items (id, order_id, product_id, quantity, unit_price) VALUES (130, 46, 19, 4, '409.46');
INSERT INTO order_items (id, order_id, product_id, quantity, unit_price) VALUES (131, 46, 30, 3, '441.29');
INSERT INTO order_items (id, order_id, product_id, quantity, unit_price) VALUES (132, 46, 10, 4, '29.81');
INSERT INTO order_items (id, order_id, product_id, quantity, unit_price) VALUES (133, 47, 3, 4, '99.14');
INSERT INTO order_items (id, order_id, product_id, quantity, unit_price) VALUES (134, 47, 20, 3, '62.13');
INSERT INTO order_items (id, order_id, product_id, quantity, unit_price) VALUES (135, 47, 2, 3, '204.29');
INSERT INTO order_items (id, order_id, product_id, quantity, unit_price) VALUES (136, 47, 29, 1, '375.98');
INSERT INTO order_items (id, order_id, product_id, quantity, unit_price) VALUES (137, 48, 25, 3, '9.78');
INSERT INTO order_items (id, order_id, product_id, quantity, unit_price) VALUES (138, 49, 21, 4, '304.38');
INSERT INTO order_items (id, order_id, product_id, quantity, unit_price) VALUES (139, 49, 15, 4, '337.48');
INSERT INTO order_items (id, order_id, product_id, quantity, unit_price) VALUES (140, 49, 30, 1, '441.29');
INSERT INTO order_items (id, order_id, product_id, quantity, unit_price) VALUES (141, 49, 9, 4, '151.86');
INSERT INTO order_items (id, order_id, product_id, quantity, unit_price) VALUES (142, 49, 6, 3, '87.31');
INSERT INTO order_items (id, order_id, product_id, quantity, unit_price) VALUES (143, 50, 28, 2, '342.61');
INSERT INTO order_items (id, order_id, product_id, quantity, unit_price) VALUES (144, 51, 27, 4, '185.49');
INSERT INTO order_items (id, order_id, product_id, quantity, unit_price) VALUES (145, 51, 25, 1, '9.78');
INSERT INTO order_items (id, order_id, product_id, quantity, unit_price) VALUES (146, 51, 18, 3, '187.91');
INSERT INTO order_items (id, order_id, product_id, quantity, unit_price) VALUES (147, 51, 2, 3, '204.29');
INSERT INTO order_items (id, order_id, product_id, quantity, unit_price) VALUES (148, 52, 22, 4, '246.81');
INSERT INTO order_items (id, order_id, product_id, quantity, unit_price) VALUES (149, 53, 20, 4, '62.13');
INSERT INTO order_items (id, order_id, product_id, quantity, unit_price) VALUES (150, 53, 25, 1, '9.78');
INSERT INTO order_items (id, order_id, product_id, quantity, unit_price) VALUES (151, 53, 16, 2, '231.84');
INSERT INTO order_items (id, order_id, product_id, quantity, unit_price) VALUES (152, 54, 29, 1, '375.98');
INSERT INTO order_items (id, order_id, product_id, quantity, unit_price) VALUES (153, 54, 23, 2, '214.66');
INSERT INTO order_items (id, order_id, product_id, quantity, unit_price) VALUES (154, 54, 16, 2, '231.84');
INSERT INTO order_items (id, order_id, product_id, quantity, unit_price) VALUES (155, 54, 4, 3, '233.99');
INSERT INTO order_items (id, order_id, product_id, quantity, unit_price) VALUES (156, 55, 27, 1, '185.49');
INSERT INTO order_items (id, order_id, product_id, quantity, unit_price) VALUES (157, 55, 30, 4, '441.29');
INSERT INTO order_items (id, order_id, product_id, quantity, unit_price) VALUES (158, 56, 17, 4, '110.50');
INSERT INTO order_items (id, order_id, product_id, quantity, unit_price) VALUES (159, 56, 23, 4, '214.66');
INSERT INTO order_items (id, order_id, product_id, quantity, unit_price) VALUES (160, 56, 9, 4, '151.86');
INSERT INTO order_items (id, order_id, product_id, quantity, unit_price) VALUES (161, 57, 7, 2, '86.49');
INSERT INTO order_items (id, order_id, product_id, quantity, unit_price) VALUES (162, 57, 30, 1, '441.29');
INSERT INTO order_items (id, order_id, product_id, quantity, unit_price) VALUES (163, 57, 20, 3, '62.13');
INSERT INTO order_items (id, order_id, product_id, quantity, unit_price) VALUES (164, 57, 17, 4, '110.50');
INSERT INTO order_items (id, order_id, product_id, quantity, unit_price) VALUES (165, 58, 24, 4, '320.36');
INSERT INTO order_items (id, order_id, product_id, quantity, unit_price) VALUES (166, 58, 10, 2, '29.81');
INSERT INTO order_items (id, order_id, product_id, quantity, unit_price) VALUES (167, 58, 27, 4, '185.49');
INSERT INTO order_items (id, order_id, product_id, quantity, unit_price) VALUES (168, 59, 13, 2, '45.57');
INSERT INTO order_items (id, order_id, product_id, quantity, unit_price) VALUES (169, 59, 15, 2, '337.48');
INSERT INTO order_items (id, order_id, product_id, quantity, unit_price) VALUES (170, 59, 30, 4, '441.29');
INSERT INTO order_items (id, order_id, product_id, quantity, unit_price) VALUES (171, 59, 11, 2, '44.65');
INSERT INTO order_items (id, order_id, product_id, quantity, unit_price) VALUES (172, 59, 28, 4, '342.61');
INSERT INTO order_items (id, order_id, product_id, quantity, unit_price) VALUES (173, 60, 22, 2, '246.81');
INSERT INTO order_items (id, order_id, product_id, quantity, unit_price) VALUES (174, 60, 26, 4, '293.33');
INSERT INTO order_items (id, order_id, product_id, quantity, unit_price) VALUES (175, 60, 27, 1, '185.49');
INSERT INTO order_items (id, order_id, product_id, quantity, unit_price) VALUES (176, 60, 21, 2, '304.38');
INSERT INTO order_items (id, order_id, product_id, quantity, unit_price) VALUES (177, 61, 30, 4, '441.29');
INSERT INTO order_items (id, order_id, product_id, quantity, unit_price) VALUES (178, 61, 15, 2, '337.48');
INSERT INTO order_items (id, order_id, product_id, quantity, unit_price) VALUES (179, 61, 1, 1, '208.49');
INSERT INTO order_items (id, order_id, product_id, quantity, unit_price) VALUES (180, 61, 24, 4, '320.36');
INSERT INTO order_items (id, order_id, product_id, quantity, unit_price) VALUES (181, 61, 5, 3, '53.45');
INSERT INTO order_items (id, order_id, product_id, quantity, unit_price) VALUES (182, 62, 28, 3, '342.61');
INSERT INTO order_items (id, order_id, product_id, quantity, unit_price) VALUES (183, 63, 20, 1, '62.13');
INSERT INTO order_items (id, order_id, product_id, quantity, unit_price) VALUES (184, 64, 14, 1, '336.50');
INSERT INTO order_items (id, order_id, product_id, quantity, unit_price) VALUES (185, 65, 29, 3, '375.98');
INSERT INTO order_items (id, order_id, product_id, quantity, unit_price) VALUES (186, 65, 1, 1, '208.49');
INSERT INTO order_items (id, order_id, product_id, quantity, unit_price) VALUES (187, 65, 2, 3, '204.29');
INSERT INTO order_items (id, order_id, product_id, quantity, unit_price) VALUES (188, 66, 17, 2, '110.50');
INSERT INTO order_items (id, order_id, product_id, quantity, unit_price) VALUES (189, 66, 14, 2, '336.50');
INSERT INTO order_items (id, order_id, product_id, quantity, unit_price) VALUES (190, 67, 16, 2, '231.84');
INSERT INTO order_items (id, order_id, product_id, quantity, unit_price) VALUES (191, 67, 30, 2, '441.29');
INSERT INTO order_items (id, order_id, product_id, quantity, unit_price) VALUES (192, 68, 22, 4, '246.81');
INSERT INTO order_items (id, order_id, product_id, quantity, unit_price) VALUES (193, 68, 1, 3, '208.49');
INSERT INTO order_items (id, order_id, product_id, quantity, unit_price) VALUES (194, 68, 29, 2, '375.98');
INSERT INTO order_items (id, order_id, product_id, quantity, unit_price) VALUES (195, 69, 21, 3, '304.38');
INSERT INTO order_items (id, order_id, product_id, quantity, unit_price) VALUES (196, 69, 14, 4, '336.50');
INSERT INTO order_items (id, order_id, product_id, quantity, unit_price) VALUES (197, 69, 23, 3, '214.66');
INSERT INTO order_items (id, order_id, product_id, quantity, unit_price) VALUES (198, 70, 13, 3, '45.57');
INSERT INTO order_items (id, order_id, product_id, quantity, unit_price) VALUES (199, 70, 19, 3, '409.46');
INSERT INTO order_items (id, order_id, product_id, quantity, unit_price) VALUES (200, 71, 19, 1, '409.46');
INSERT INTO order_items (id, order_id, product_id, quantity, unit_price) VALUES (201, 72, 8, 3, '146.19');
INSERT INTO order_items (id, order_id, product_id, quantity, unit_price) VALUES (202, 72, 21, 2, '304.38');
INSERT INTO order_items (id, order_id, product_id, quantity, unit_price) VALUES (203, 72, 7, 1, '86.49');
INSERT INTO order_items (id, order_id, product_id, quantity, unit_price) VALUES (204, 73, 12, 3, '64.33');
INSERT INTO order_items (id, order_id, product_id, quantity, unit_price) VALUES (205, 73, 24, 3, '320.36');
INSERT INTO order_items (id, order_id, product_id, quantity, unit_price) VALUES (206, 73, 5, 4, '53.45');
INSERT INTO order_items (id, order_id, product_id, quantity, unit_price) VALUES (207, 73, 3, 2, '99.14');
INSERT INTO order_items (id, order_id, product_id, quantity, unit_price) VALUES (208, 73, 30, 2, '441.29');
INSERT INTO order_items (id, order_id, product_id, quantity, unit_price) VALUES (209, 74, 30, 3, '441.29');
INSERT INTO order_items (id, order_id, product_id, quantity, unit_price) VALUES (210, 74, 9, 3, '151.86');
INSERT INTO order_items (id, order_id, product_id, quantity, unit_price) VALUES (211, 74, 27, 1, '185.49');
INSERT INTO order_items (id, order_id, product_id, quantity, unit_price) VALUES (212, 74, 6, 4, '87.31');
INSERT INTO order_items (id, order_id, product_id, quantity, unit_price) VALUES (213, 74, 16, 1, '231.84');
INSERT INTO order_items (id, order_id, product_id, quantity, unit_price) VALUES (214, 75, 28, 1, '342.61');
INSERT INTO order_items (id, order_id, product_id, quantity, unit_price) VALUES (215, 75, 26, 4, '293.33');
INSERT INTO order_items (id, order_id, product_id, quantity, unit_price) VALUES (216, 75, 18, 1, '187.91');
INSERT INTO order_items (id, order_id, product_id, quantity, unit_price) VALUES (217, 75, 12, 3, '64.33');
INSERT INTO order_items (id, order_id, product_id, quantity, unit_price) VALUES (218, 76, 19, 3, '409.46');
INSERT INTO order_items (id, order_id, product_id, quantity, unit_price) VALUES (219, 76, 13, 1, '45.57');
INSERT INTO order_items (id, order_id, product_id, quantity, unit_price) VALUES (220, 76, 27, 2, '185.49');
INSERT INTO order_items (id, order_id, product_id, quantity, unit_price) VALUES (221, 77, 8, 3, '146.19');
INSERT INTO order_items (id, order_id, product_id, quantity, unit_price) VALUES (222, 77, 21, 4, '304.38');
INSERT INTO order_items (id, order_id, product_id, quantity, unit_price) VALUES (223, 77, 3, 1, '99.14');
INSERT INTO order_items (id, order_id, product_id, quantity, unit_price) VALUES (224, 77, 27, 2, '185.49');
INSERT INTO order_items (id, order_id, product_id, quantity, unit_price) VALUES (225, 77, 15, 1, '337.48');
INSERT INTO order_items (id, order_id, product_id, quantity, unit_price) VALUES (226, 78, 8, 2, '146.19');
INSERT INTO order_items (id, order_id, product_id, quantity, unit_price) VALUES (227, 79, 14, 4, '336.50');
INSERT INTO order_items (id, order_id, product_id, quantity, unit_price) VALUES (228, 79, 19, 1, '409.46');
INSERT INTO order_items (id, order_id, product_id, quantity, unit_price) VALUES (229, 79, 24, 4, '320.36');
INSERT INTO order_items (id, order_id, product_id, quantity, unit_price) VALUES (230, 79, 5, 4, '53.45');
INSERT INTO order_items (id, order_id, product_id, quantity, unit_price) VALUES (231, 79, 29, 3, '375.98');
INSERT INTO order_items (id, order_id, product_id, quantity, unit_price) VALUES (232, 80, 15, 1, '337.48');
INSERT INTO order_items (id, order_id, product_id, quantity, unit_price) VALUES (233, 80, 8, 3, '146.19');
INSERT INTO order_items (id, order_id, product_id, quantity, unit_price) VALUES (234, 80, 28, 3, '342.61');
INSERT INTO order_items (id, order_id, product_id, quantity, unit_price) VALUES (235, 80, 12, 1, '64.33');
INSERT INTO order_items (id, order_id, product_id, quantity, unit_price) VALUES (236, 81, 3, 1, '99.14');
INSERT INTO order_items (id, order_id, product_id, quantity, unit_price) VALUES (237, 81, 22, 1, '246.81');
INSERT INTO order_items (id, order_id, product_id, quantity, unit_price) VALUES (238, 81, 7, 3, '86.49');
INSERT INTO order_items (id, order_id, product_id, quantity, unit_price) VALUES (239, 81, 21, 2, '304.38');
INSERT INTO order_items (id, order_id, product_id, quantity, unit_price) VALUES (240, 82, 7, 3, '86.49');
INSERT INTO order_items (id, order_id, product_id, quantity, unit_price) VALUES (241, 82, 19, 2, '409.46');
INSERT INTO order_items (id, order_id, product_id, quantity, unit_price) VALUES (242, 82, 27, 1, '185.49');
INSERT INTO order_items (id, order_id, product_id, quantity, unit_price) VALUES (243, 82, 28, 3, '342.61');
INSERT INTO order_items (id, order_id, product_id, quantity, unit_price) VALUES (244, 82, 8, 2, '146.19');
INSERT INTO order_items (id, order_id, product_id, quantity, unit_price) VALUES (245, 83, 22, 1, '246.81');
INSERT INTO order_items (id, order_id, product_id, quantity, unit_price) VALUES (246, 84, 11, 2, '44.65');
INSERT INTO order_items (id, order_id, product_id, quantity, unit_price) VALUES (247, 84, 1, 4, '208.49');
INSERT INTO order_items (id, order_id, product_id, quantity, unit_price) VALUES (248, 84, 6, 1, '87.31');
INSERT INTO order_items (id, order_id, product_id, quantity, unit_price) VALUES (249, 84, 9, 1, '151.86');
INSERT INTO order_items (id, order_id, product_id, quantity, unit_price) VALUES (250, 84, 2, 4, '204.29');
INSERT INTO order_items (id, order_id, product_id, quantity, unit_price) VALUES (251, 85, 4, 1, '233.99');
INSERT INTO order_items (id, order_id, product_id, quantity, unit_price) VALUES (252, 85, 15, 3, '337.48');
INSERT INTO order_items (id, order_id, product_id, quantity, unit_price) VALUES (253, 85, 17, 4, '110.50');
INSERT INTO order_items (id, order_id, product_id, quantity, unit_price) VALUES (254, 85, 8, 1, '146.19');
INSERT INTO order_items (id, order_id, product_id, quantity, unit_price) VALUES (255, 85, 20, 1, '62.13');
INSERT INTO order_items (id, order_id, product_id, quantity, unit_price) VALUES (256, 86, 16, 4, '231.84');
INSERT INTO order_items (id, order_id, product_id, quantity, unit_price) VALUES (257, 87, 3, 3, '99.14');
INSERT INTO order_items (id, order_id, product_id, quantity, unit_price) VALUES (258, 87, 5, 3, '53.45');
INSERT INTO order_items (id, order_id, product_id, quantity, unit_price) VALUES (259, 88, 17, 1, '110.50');
INSERT INTO order_items (id, order_id, product_id, quantity, unit_price) VALUES (260, 88, 20, 2, '62.13');
INSERT INTO order_items (id, order_id, product_id, quantity, unit_price) VALUES (261, 88, 14, 4, '336.50');
INSERT INTO order_items (id, order_id, product_id, quantity, unit_price) VALUES (262, 88, 4, 4, '233.99');
INSERT INTO order_items (id, order_id, product_id, quantity, unit_price) VALUES (263, 89, 14, 4, '336.50');
INSERT INTO order_items (id, order_id, product_id, quantity, unit_price) VALUES (264, 89, 24, 3, '320.36');
INSERT INTO order_items (id, order_id, product_id, quantity, unit_price) VALUES (265, 89, 4, 3, '233.99');
INSERT INTO order_items (id, order_id, product_id, quantity, unit_price) VALUES (266, 89, 11, 3, '44.65');
INSERT INTO order_items (id, order_id, product_id, quantity, unit_price) VALUES (267, 90, 27, 1, '185.49');
INSERT INTO order_items (id, order_id, product_id, quantity, unit_price) VALUES (268, 91, 18, 3, '187.91');
INSERT INTO order_items (id, order_id, product_id, quantity, unit_price) VALUES (269, 91, 2, 1, '204.29');
INSERT INTO order_items (id, order_id, product_id, quantity, unit_price) VALUES (270, 92, 20, 1, '62.13');
INSERT INTO order_items (id, order_id, product_id, quantity, unit_price) VALUES (271, 92, 10, 2, '29.81');
INSERT INTO order_items (id, order_id, product_id, quantity, unit_price) VALUES (272, 92, 12, 2, '64.33');
INSERT INTO order_items (id, order_id, product_id, quantity, unit_price) VALUES (273, 93, 12, 2, '64.33');
INSERT INTO order_items (id, order_id, product_id, quantity, unit_price) VALUES (274, 93, 4, 4, '233.99');
INSERT INTO order_items (id, order_id, product_id, quantity, unit_price) VALUES (275, 93, 25, 1, '9.78');
INSERT INTO order_items (id, order_id, product_id, quantity, unit_price) VALUES (276, 93, 9, 3, '151.86');
INSERT INTO order_items (id, order_id, product_id, quantity, unit_price) VALUES (277, 93, 19, 1, '409.46');
INSERT INTO order_items (id, order_id, product_id, quantity, unit_price) VALUES (278, 94, 1, 2, '208.49');
INSERT INTO order_items (id, order_id, product_id, quantity, unit_price) VALUES (279, 94, 6, 4, '87.31');
INSERT INTO order_items (id, order_id, product_id, quantity, unit_price) VALUES (280, 94, 28, 1, '342.61');
INSERT INTO order_items (id, order_id, product_id, quantity, unit_price) VALUES (281, 95, 7, 2, '86.49');
INSERT INTO order_items (id, order_id, product_id, quantity, unit_price) VALUES (282, 95, 13, 3, '45.57');
INSERT INTO order_items (id, order_id, product_id, quantity, unit_price) VALUES (283, 95, 14, 3, '336.50');
INSERT INTO order_items (id, order_id, product_id, quantity, unit_price) VALUES (284, 95, 15, 3, '337.48');
INSERT INTO order_items (id, order_id, product_id, quantity, unit_price) VALUES (285, 95, 11, 1, '44.65');
INSERT INTO order_items (id, order_id, product_id, quantity, unit_price) VALUES (286, 96, 22, 1, '246.81');
INSERT INTO order_items (id, order_id, product_id, quantity, unit_price) VALUES (287, 97, 15, 1, '337.48');
INSERT INTO order_items (id, order_id, product_id, quantity, unit_price) VALUES (288, 97, 14, 3, '336.50');
INSERT INTO order_items (id, order_id, product_id, quantity, unit_price) VALUES (289, 97, 9, 4, '151.86');
INSERT INTO order_items (id, order_id, product_id, quantity, unit_price) VALUES (290, 97, 7, 1, '86.49');
INSERT INTO order_items (id, order_id, product_id, quantity, unit_price) VALUES (291, 97, 25, 3, '9.78');
INSERT INTO order_items (id, order_id, product_id, quantity, unit_price) VALUES (292, 98, 13, 1, '45.57');
INSERT INTO order_items (id, order_id, product_id, quantity, unit_price) VALUES (293, 98, 20, 1, '62.13');
INSERT INTO order_items (id, order_id, product_id, quantity, unit_price) VALUES (294, 99, 10, 1, '29.81');
INSERT INTO order_items (id, order_id, product_id, quantity, unit_price) VALUES (295, 99, 11, 4, '44.65');
INSERT INTO order_items (id, order_id, product_id, quantity, unit_price) VALUES (296, 99, 4, 4, '233.99');
INSERT INTO order_items (id, order_id, product_id, quantity, unit_price) VALUES (297, 100, 17, 3, '110.50');
INSERT INTO order_items (id, order_id, product_id, quantity, unit_price) VALUES (298, 100, 18, 1, '187.91');
INSERT INTO order_items (id, order_id, product_id, quantity, unit_price) VALUES (299, 101, 15, 1, '337.48');
INSERT INTO order_items (id, order_id, product_id, quantity, unit_price) VALUES (300, 102, 23, 1, '214.66');
INSERT INTO order_items (id, order_id, product_id, quantity, unit_price) VALUES (301, 102, 21, 4, '304.38');
INSERT INTO order_items (id, order_id, product_id, quantity, unit_price) VALUES (302, 102, 14, 1, '336.50');
INSERT INTO order_items (id, order_id, product_id, quantity, unit_price) VALUES (303, 102, 10, 3, '29.81');
INSERT INTO order_items (id, order_id, product_id, quantity, unit_price) VALUES (304, 103, 3, 1, '99.14');
INSERT INTO order_items (id, order_id, product_id, quantity, unit_price) VALUES (305, 103, 14, 2, '336.50');
INSERT INTO order_items (id, order_id, product_id, quantity, unit_price) VALUES (306, 103, 28, 4, '342.61');
INSERT INTO order_items (id, order_id, product_id, quantity, unit_price) VALUES (307, 104, 24, 3, '320.36');
INSERT INTO order_items (id, order_id, product_id, quantity, unit_price) VALUES (308, 104, 11, 2, '44.65');
INSERT INTO order_items (id, order_id, product_id, quantity, unit_price) VALUES (309, 104, 8, 1, '146.19');
INSERT INTO order_items (id, order_id, product_id, quantity, unit_price) VALUES (310, 105, 12, 2, '64.33');
INSERT INTO order_items (id, order_id, product_id, quantity, unit_price) VALUES (311, 105, 24, 2, '320.36');
INSERT INTO order_items (id, order_id, product_id, quantity, unit_price) VALUES (312, 105, 27, 1, '185.49');
INSERT INTO order_items (id, order_id, product_id, quantity, unit_price) VALUES (313, 106, 5, 4, '53.45');
INSERT INTO order_items (id, order_id, product_id, quantity, unit_price) VALUES (314, 106, 25, 4, '9.78');
INSERT INTO order_items (id, order_id, product_id, quantity, unit_price) VALUES (315, 106, 21, 4, '304.38');
INSERT INTO order_items (id, order_id, product_id, quantity, unit_price) VALUES (316, 106, 3, 3, '99.14');
INSERT INTO order_items (id, order_id, product_id, quantity, unit_price) VALUES (317, 106, 6, 3, '87.31');
INSERT INTO order_items (id, order_id, product_id, quantity, unit_price) VALUES (318, 107, 21, 1, '304.38');
INSERT INTO order_items (id, order_id, product_id, quantity, unit_price) VALUES (319, 107, 10, 3, '29.81');
INSERT INTO order_items (id, order_id, product_id, quantity, unit_price) VALUES (320, 107, 26, 1, '293.33');
INSERT INTO order_items (id, order_id, product_id, quantity, unit_price) VALUES (321, 107, 9, 3, '151.86');
INSERT INTO order_items (id, order_id, product_id, quantity, unit_price) VALUES (322, 108, 27, 1, '185.49');
INSERT INTO order_items (id, order_id, product_id, quantity, unit_price) VALUES (323, 108, 10, 4, '29.81');
INSERT INTO order_items (id, order_id, product_id, quantity, unit_price) VALUES (324, 108, 3, 4, '99.14');
INSERT INTO order_items (id, order_id, product_id, quantity, unit_price) VALUES (325, 109, 11, 4, '44.65');
INSERT INTO order_items (id, order_id, product_id, quantity, unit_price) VALUES (326, 109, 20, 2, '62.13');
INSERT INTO order_items (id, order_id, product_id, quantity, unit_price) VALUES (327, 110, 17, 2, '110.50');
INSERT INTO order_items (id, order_id, product_id, quantity, unit_price) VALUES (328, 111, 17, 3, '110.50');
INSERT INTO order_items (id, order_id, product_id, quantity, unit_price) VALUES (329, 111, 20, 4, '62.13');
INSERT INTO order_items (id, order_id, product_id, quantity, unit_price) VALUES (330, 111, 6, 4, '87.31');
INSERT INTO order_items (id, order_id, product_id, quantity, unit_price) VALUES (331, 111, 12, 3, '64.33');
INSERT INTO order_items (id, order_id, product_id, quantity, unit_price) VALUES (332, 111, 30, 1, '441.29');
INSERT INTO order_items (id, order_id, product_id, quantity, unit_price) VALUES (333, 112, 22, 2, '246.81');
INSERT INTO order_items (id, order_id, product_id, quantity, unit_price) VALUES (334, 112, 13, 3, '45.57');
INSERT INTO order_items (id, order_id, product_id, quantity, unit_price) VALUES (335, 112, 10, 1, '29.81');
INSERT INTO order_items (id, order_id, product_id, quantity, unit_price) VALUES (336, 112, 9, 2, '151.86');
INSERT INTO order_items (id, order_id, product_id, quantity, unit_price) VALUES (337, 112, 24, 3, '320.36');
INSERT INTO order_items (id, order_id, product_id, quantity, unit_price) VALUES (338, 113, 23, 3, '214.66');
INSERT INTO order_items (id, order_id, product_id, quantity, unit_price) VALUES (339, 113, 3, 2, '99.14');
INSERT INTO order_items (id, order_id, product_id, quantity, unit_price) VALUES (340, 113, 10, 1, '29.81');
INSERT INTO order_items (id, order_id, product_id, quantity, unit_price) VALUES (341, 113, 18, 4, '187.91');
INSERT INTO order_items (id, order_id, product_id, quantity, unit_price) VALUES (342, 113, 13, 3, '45.57');
INSERT INTO order_items (id, order_id, product_id, quantity, unit_price) VALUES (343, 114, 11, 4, '44.65');
INSERT INTO order_items (id, order_id, product_id, quantity, unit_price) VALUES (344, 114, 25, 2, '9.78');
INSERT INTO order_items (id, order_id, product_id, quantity, unit_price) VALUES (345, 115, 28, 1, '342.61');
INSERT INTO order_items (id, order_id, product_id, quantity, unit_price) VALUES (346, 115, 26, 3, '293.33');
INSERT INTO order_items (id, order_id, product_id, quantity, unit_price) VALUES (347, 115, 4, 2, '233.99');
INSERT INTO order_items (id, order_id, product_id, quantity, unit_price) VALUES (348, 116, 26, 1, '293.33');
INSERT INTO order_items (id, order_id, product_id, quantity, unit_price) VALUES (349, 116, 29, 4, '375.98');
INSERT INTO order_items (id, order_id, product_id, quantity, unit_price) VALUES (350, 116, 6, 3, '87.31');
INSERT INTO order_items (id, order_id, product_id, quantity, unit_price) VALUES (351, 116, 24, 2, '320.36');
INSERT INTO order_items (id, order_id, product_id, quantity, unit_price) VALUES (352, 116, 15, 4, '337.48');
INSERT INTO order_items (id, order_id, product_id, quantity, unit_price) VALUES (353, 117, 8, 2, '146.19');
INSERT INTO order_items (id, order_id, product_id, quantity, unit_price) VALUES (354, 117, 10, 3, '29.81');
INSERT INTO order_items (id, order_id, product_id, quantity, unit_price) VALUES (355, 117, 26, 4, '293.33');
INSERT INTO order_items (id, order_id, product_id, quantity, unit_price) VALUES (356, 117, 16, 4, '231.84');
INSERT INTO order_items (id, order_id, product_id, quantity, unit_price) VALUES (357, 117, 29, 3, '375.98');
INSERT INTO order_items (id, order_id, product_id, quantity, unit_price) VALUES (358, 118, 27, 2, '185.49');
INSERT INTO order_items (id, order_id, product_id, quantity, unit_price) VALUES (359, 118, 7, 3, '86.49');
INSERT INTO order_items (id, order_id, product_id, quantity, unit_price) VALUES (360, 119, 30, 1, '441.29');
INSERT INTO order_items (id, order_id, product_id, quantity, unit_price) VALUES (361, 119, 4, 3, '233.99');
INSERT INTO order_items (id, order_id, product_id, quantity, unit_price) VALUES (362, 119, 23, 1, '214.66');
INSERT INTO order_items (id, order_id, product_id, quantity, unit_price) VALUES (363, 119, 28, 2, '342.61');
INSERT INTO order_items (id, order_id, product_id, quantity, unit_price) VALUES (364, 119, 17, 3, '110.50');
INSERT INTO order_items (id, order_id, product_id, quantity, unit_price) VALUES (365, 120, 30, 2, '441.29');
INSERT INTO order_items (id, order_id, product_id, quantity, unit_price) VALUES (366, 121, 13, 3, '45.57');
INSERT INTO order_items (id, order_id, product_id, quantity, unit_price) VALUES (367, 122, 1, 1, '208.49');
INSERT INTO order_items (id, order_id, product_id, quantity, unit_price) VALUES (368, 122, 11, 3, '44.65');
INSERT INTO order_items (id, order_id, product_id, quantity, unit_price) VALUES (369, 123, 23, 4, '214.66');
INSERT INTO order_items (id, order_id, product_id, quantity, unit_price) VALUES (370, 123, 27, 4, '185.49');
INSERT INTO order_items (id, order_id, product_id, quantity, unit_price) VALUES (371, 123, 5, 1, '53.45');
INSERT INTO order_items (id, order_id, product_id, quantity, unit_price) VALUES (372, 123, 25, 1, '9.78');
INSERT INTO order_items (id, order_id, product_id, quantity, unit_price) VALUES (373, 124, 24, 3, '320.36');
INSERT INTO order_items (id, order_id, product_id, quantity, unit_price) VALUES (374, 124, 20, 2, '62.13');
INSERT INTO order_items (id, order_id, product_id, quantity, unit_price) VALUES (375, 124, 17, 3, '110.50');
INSERT INTO order_items (id, order_id, product_id, quantity, unit_price) VALUES (376, 124, 14, 1, '336.50');
INSERT INTO order_items (id, order_id, product_id, quantity, unit_price) VALUES (377, 124, 4, 1, '233.99');
INSERT INTO order_items (id, order_id, product_id, quantity, unit_price) VALUES (378, 125, 27, 4, '185.49');
INSERT INTO order_items (id, order_id, product_id, quantity, unit_price) VALUES (379, 126, 23, 3, '214.66');
INSERT INTO order_items (id, order_id, product_id, quantity, unit_price) VALUES (380, 126, 5, 4, '53.45');
INSERT INTO order_items (id, order_id, product_id, quantity, unit_price) VALUES (381, 127, 14, 3, '336.50');
INSERT INTO order_items (id, order_id, product_id, quantity, unit_price) VALUES (382, 127, 6, 1, '87.31');
INSERT INTO order_items (id, order_id, product_id, quantity, unit_price) VALUES (383, 127, 22, 1, '246.81');
INSERT INTO order_items (id, order_id, product_id, quantity, unit_price) VALUES (384, 127, 3, 4, '99.14');
INSERT INTO order_items (id, order_id, product_id, quantity, unit_price) VALUES (385, 127, 17, 4, '110.50');
INSERT INTO order_items (id, order_id, product_id, quantity, unit_price) VALUES (386, 128, 24, 1, '320.36');
INSERT INTO order_items (id, order_id, product_id, quantity, unit_price) VALUES (387, 128, 1, 3, '208.49');
INSERT INTO order_items (id, order_id, product_id, quantity, unit_price) VALUES (388, 128, 12, 2, '64.33');
INSERT INTO order_items (id, order_id, product_id, quantity, unit_price) VALUES (389, 129, 2, 3, '204.29');
INSERT INTO order_items (id, order_id, product_id, quantity, unit_price) VALUES (390, 129, 12, 2, '64.33');
INSERT INTO order_items (id, order_id, product_id, quantity, unit_price) VALUES (391, 130, 26, 1, '293.33');
INSERT INTO order_items (id, order_id, product_id, quantity, unit_price) VALUES (392, 130, 5, 4, '53.45');
INSERT INTO order_items (id, order_id, product_id, quantity, unit_price) VALUES (393, 131, 29, 3, '375.98');
INSERT INTO order_items (id, order_id, product_id, quantity, unit_price) VALUES (394, 131, 2, 3, '204.29');
INSERT INTO order_items (id, order_id, product_id, quantity, unit_price) VALUES (395, 132, 25, 2, '9.78');
INSERT INTO order_items (id, order_id, product_id, quantity, unit_price) VALUES (396, 133, 9, 3, '151.86');
INSERT INTO order_items (id, order_id, product_id, quantity, unit_price) VALUES (397, 133, 4, 4, '233.99');
INSERT INTO order_items (id, order_id, product_id, quantity, unit_price) VALUES (398, 133, 26, 4, '293.33');
INSERT INTO order_items (id, order_id, product_id, quantity, unit_price) VALUES (399, 134, 23, 3, '214.66');
INSERT INTO order_items (id, order_id, product_id, quantity, unit_price) VALUES (400, 134, 16, 1, '231.84');
INSERT INTO order_items (id, order_id, product_id, quantity, unit_price) VALUES (401, 134, 12, 4, '64.33');
INSERT INTO order_items (id, order_id, product_id, quantity, unit_price) VALUES (402, 134, 30, 1, '441.29');
INSERT INTO order_items (id, order_id, product_id, quantity, unit_price) VALUES (403, 135, 11, 3, '44.65');
INSERT INTO order_items (id, order_id, product_id, quantity, unit_price) VALUES (404, 135, 4, 3, '233.99');
INSERT INTO order_items (id, order_id, product_id, quantity, unit_price) VALUES (405, 135, 3, 3, '99.14');
INSERT INTO order_items (id, order_id, product_id, quantity, unit_price) VALUES (406, 136, 12, 3, '64.33');
INSERT INTO order_items (id, order_id, product_id, quantity, unit_price) VALUES (407, 136, 15, 4, '337.48');
INSERT INTO order_items (id, order_id, product_id, quantity, unit_price) VALUES (408, 136, 2, 3, '204.29');
INSERT INTO order_items (id, order_id, product_id, quantity, unit_price) VALUES (409, 136, 24, 1, '320.36');
INSERT INTO order_items (id, order_id, product_id, quantity, unit_price) VALUES (410, 137, 26, 2, '293.33');
INSERT INTO order_items (id, order_id, product_id, quantity, unit_price) VALUES (411, 137, 24, 4, '320.36');
INSERT INTO order_items (id, order_id, product_id, quantity, unit_price) VALUES (412, 137, 22, 1, '246.81');
INSERT INTO order_items (id, order_id, product_id, quantity, unit_price) VALUES (413, 137, 6, 2, '87.31');
INSERT INTO order_items (id, order_id, product_id, quantity, unit_price) VALUES (414, 137, 1, 1, '208.49');
INSERT INTO order_items (id, order_id, product_id, quantity, unit_price) VALUES (415, 138, 19, 4, '409.46');
INSERT INTO order_items (id, order_id, product_id, quantity, unit_price) VALUES (416, 138, 2, 3, '204.29');
INSERT INTO order_items (id, order_id, product_id, quantity, unit_price) VALUES (417, 138, 20, 3, '62.13');
INSERT INTO order_items (id, order_id, product_id, quantity, unit_price) VALUES (418, 138, 5, 4, '53.45');
INSERT INTO order_items (id, order_id, product_id, quantity, unit_price) VALUES (419, 139, 13, 3, '45.57');
INSERT INTO order_items (id, order_id, product_id, quantity, unit_price) VALUES (420, 139, 11, 2, '44.65');
INSERT INTO order_items (id, order_id, product_id, quantity, unit_price) VALUES (421, 139, 21, 1, '304.38');
INSERT INTO order_items (id, order_id, product_id, quantity, unit_price) VALUES (422, 140, 13, 3, '45.57');
INSERT INTO order_items (id, order_id, product_id, quantity, unit_price) VALUES (423, 140, 30, 4, '441.29');
INSERT INTO order_items (id, order_id, product_id, quantity, unit_price) VALUES (424, 140, 18, 2, '187.91');
INSERT INTO order_items (id, order_id, product_id, quantity, unit_price) VALUES (425, 140, 4, 3, '233.99');
INSERT INTO order_items (id, order_id, product_id, quantity, unit_price) VALUES (426, 140, 9, 4, '151.86');
INSERT INTO order_items (id, order_id, product_id, quantity, unit_price) VALUES (427, 141, 6, 1, '87.31');
INSERT INTO order_items (id, order_id, product_id, quantity, unit_price) VALUES (428, 141, 29, 3, '375.98');
INSERT INTO order_items (id, order_id, product_id, quantity, unit_price) VALUES (429, 141, 23, 3, '214.66');
INSERT INTO order_items (id, order_id, product_id, quantity, unit_price) VALUES (430, 141, 15, 1, '337.48');
INSERT INTO order_items (id, order_id, product_id, quantity, unit_price) VALUES (431, 142, 26, 2, '293.33');
INSERT INTO order_items (id, order_id, product_id, quantity, unit_price) VALUES (432, 142, 12, 1, '64.33');
INSERT INTO order_items (id, order_id, product_id, quantity, unit_price) VALUES (433, 143, 12, 3, '64.33');
INSERT INTO order_items (id, order_id, product_id, quantity, unit_price) VALUES (434, 144, 3, 3, '99.14');
INSERT INTO order_items (id, order_id, product_id, quantity, unit_price) VALUES (435, 145, 25, 1, '9.78');
INSERT INTO order_items (id, order_id, product_id, quantity, unit_price) VALUES (436, 145, 14, 2, '336.50');
INSERT INTO order_items (id, order_id, product_id, quantity, unit_price) VALUES (437, 145, 27, 3, '185.49');
INSERT INTO order_items (id, order_id, product_id, quantity, unit_price) VALUES (438, 145, 19, 1, '409.46');
INSERT INTO order_items (id, order_id, product_id, quantity, unit_price) VALUES (439, 146, 29, 2, '375.98');
INSERT INTO order_items (id, order_id, product_id, quantity, unit_price) VALUES (440, 146, 27, 2, '185.49');
INSERT INTO order_items (id, order_id, product_id, quantity, unit_price) VALUES (441, 147, 5, 2, '53.45');
INSERT INTO order_items (id, order_id, product_id, quantity, unit_price) VALUES (442, 147, 10, 3, '29.81');
INSERT INTO order_items (id, order_id, product_id, quantity, unit_price) VALUES (443, 147, 6, 3, '87.31');
INSERT INTO order_items (id, order_id, product_id, quantity, unit_price) VALUES (444, 147, 11, 1, '44.65');
INSERT INTO order_items (id, order_id, product_id, quantity, unit_price) VALUES (445, 147, 30, 3, '441.29');
INSERT INTO order_items (id, order_id, product_id, quantity, unit_price) VALUES (446, 148, 21, 1, '304.38');
INSERT INTO order_items (id, order_id, product_id, quantity, unit_price) VALUES (447, 148, 10, 2, '29.81');
INSERT INTO order_items (id, order_id, product_id, quantity, unit_price) VALUES (448, 149, 27, 1, '185.49');
INSERT INTO order_items (id, order_id, product_id, quantity, unit_price) VALUES (449, 150, 25, 4, '9.78');
INSERT INTO order_items (id, order_id, product_id, quantity, unit_price) VALUES (450, 150, 19, 1, '409.46');
INSERT INTO order_items (id, order_id, product_id, quantity, unit_price) VALUES (451, 151, 16, 4, '231.84');
INSERT INTO order_items (id, order_id, product_id, quantity, unit_price) VALUES (452, 151, 8, 3, '146.19');
INSERT INTO order_items (id, order_id, product_id, quantity, unit_price) VALUES (453, 151, 26, 4, '293.33');
INSERT INTO order_items (id, order_id, product_id, quantity, unit_price) VALUES (454, 152, 14, 3, '336.50');
INSERT INTO order_items (id, order_id, product_id, quantity, unit_price) VALUES (455, 152, 16, 2, '231.84');
INSERT INTO order_items (id, order_id, product_id, quantity, unit_price) VALUES (456, 152, 15, 3, '337.48');
INSERT INTO order_items (id, order_id, product_id, quantity, unit_price) VALUES (457, 152, 7, 3, '86.49');
INSERT INTO order_items (id, order_id, product_id, quantity, unit_price) VALUES (458, 153, 18, 1, '187.91');
INSERT INTO order_items (id, order_id, product_id, quantity, unit_price) VALUES (459, 153, 4, 3, '233.99');
INSERT INTO order_items (id, order_id, product_id, quantity, unit_price) VALUES (460, 153, 11, 4, '44.65');
INSERT INTO order_items (id, order_id, product_id, quantity, unit_price) VALUES (461, 153, 8, 2, '146.19');
INSERT INTO order_items (id, order_id, product_id, quantity, unit_price) VALUES (462, 153, 15, 2, '337.48');
INSERT INTO order_items (id, order_id, product_id, quantity, unit_price) VALUES (463, 154, 14, 3, '336.50');
INSERT INTO order_items (id, order_id, product_id, quantity, unit_price) VALUES (464, 154, 8, 3, '146.19');
INSERT INTO order_items (id, order_id, product_id, quantity, unit_price) VALUES (465, 154, 28, 2, '342.61');
INSERT INTO order_items (id, order_id, product_id, quantity, unit_price) VALUES (466, 154, 29, 2, '375.98');
INSERT INTO order_items (id, order_id, product_id, quantity, unit_price) VALUES (467, 154, 6, 4, '87.31');
INSERT INTO order_items (id, order_id, product_id, quantity, unit_price) VALUES (468, 155, 3, 4, '99.14');
INSERT INTO order_items (id, order_id, product_id, quantity, unit_price) VALUES (469, 156, 2, 4, '204.29');
INSERT INTO order_items (id, order_id, product_id, quantity, unit_price) VALUES (470, 156, 10, 3, '29.81');
INSERT INTO order_items (id, order_id, product_id, quantity, unit_price) VALUES (471, 156, 16, 1, '231.84');
INSERT INTO order_items (id, order_id, product_id, quantity, unit_price) VALUES (472, 157, 25, 1, '9.78');
INSERT INTO order_items (id, order_id, product_id, quantity, unit_price) VALUES (473, 157, 13, 4, '45.57');
INSERT INTO order_items (id, order_id, product_id, quantity, unit_price) VALUES (474, 157, 12, 1, '64.33');
INSERT INTO order_items (id, order_id, product_id, quantity, unit_price) VALUES (475, 158, 13, 4, '45.57');
INSERT INTO order_items (id, order_id, product_id, quantity, unit_price) VALUES (476, 159, 13, 3, '45.57');
INSERT INTO order_items (id, order_id, product_id, quantity, unit_price) VALUES (477, 160, 20, 4, '62.13');
INSERT INTO order_items (id, order_id, product_id, quantity, unit_price) VALUES (478, 160, 17, 1, '110.50');
INSERT INTO order_items (id, order_id, product_id, quantity, unit_price) VALUES (479, 161, 17, 2, '110.50');
INSERT INTO order_items (id, order_id, product_id, quantity, unit_price) VALUES (480, 161, 15, 3, '337.48');
INSERT INTO order_items (id, order_id, product_id, quantity, unit_price) VALUES (481, 161, 5, 3, '53.45');
INSERT INTO order_items (id, order_id, product_id, quantity, unit_price) VALUES (482, 161, 20, 2, '62.13');
INSERT INTO order_items (id, order_id, product_id, quantity, unit_price) VALUES (483, 162, 17, 4, '110.50');
INSERT INTO order_items (id, order_id, product_id, quantity, unit_price) VALUES (484, 162, 27, 3, '185.49');
INSERT INTO order_items (id, order_id, product_id, quantity, unit_price) VALUES (485, 162, 18, 4, '187.91');
INSERT INTO order_items (id, order_id, product_id, quantity, unit_price) VALUES (486, 163, 14, 3, '336.50');
INSERT INTO order_items (id, order_id, product_id, quantity, unit_price) VALUES (487, 164, 19, 2, '409.46');
INSERT INTO order_items (id, order_id, product_id, quantity, unit_price) VALUES (488, 164, 8, 4, '146.19');
INSERT INTO order_items (id, order_id, product_id, quantity, unit_price) VALUES (489, 164, 24, 2, '320.36');
INSERT INTO order_items (id, order_id, product_id, quantity, unit_price) VALUES (490, 164, 2, 2, '204.29');
INSERT INTO order_items (id, order_id, product_id, quantity, unit_price) VALUES (491, 164, 16, 1, '231.84');
INSERT INTO order_items (id, order_id, product_id, quantity, unit_price) VALUES (492, 165, 14, 2, '336.50');
INSERT INTO order_items (id, order_id, product_id, quantity, unit_price) VALUES (493, 165, 5, 4, '53.45');
INSERT INTO order_items (id, order_id, product_id, quantity, unit_price) VALUES (494, 165, 23, 4, '214.66');
INSERT INTO order_items (id, order_id, product_id, quantity, unit_price) VALUES (495, 166, 18, 4, '187.91');
INSERT INTO order_items (id, order_id, product_id, quantity, unit_price) VALUES (496, 166, 11, 4, '44.65');
INSERT INTO order_items (id, order_id, product_id, quantity, unit_price) VALUES (497, 167, 18, 3, '187.91');
INSERT INTO order_items (id, order_id, product_id, quantity, unit_price) VALUES (498, 167, 12, 4, '64.33');
INSERT INTO order_items (id, order_id, product_id, quantity, unit_price) VALUES (499, 167, 22, 2, '246.81');
INSERT INTO order_items (id, order_id, product_id, quantity, unit_price) VALUES (500, 168, 10, 3, '29.81');
INSERT INTO order_items (id, order_id, product_id, quantity, unit_price) VALUES (501, 168, 25, 2, '9.78');
INSERT INTO order_items (id, order_id, product_id, quantity, unit_price) VALUES (502, 169, 30, 1, '441.29');
INSERT INTO order_items (id, order_id, product_id, quantity, unit_price) VALUES (503, 169, 26, 4, '293.33');
INSERT INTO order_items (id, order_id, product_id, quantity, unit_price) VALUES (504, 169, 24, 4, '320.36');
INSERT INTO order_items (id, order_id, product_id, quantity, unit_price) VALUES (505, 169, 9, 3, '151.86');
INSERT INTO order_items (id, order_id, product_id, quantity, unit_price) VALUES (506, 169, 10, 2, '29.81');
INSERT INTO order_items (id, order_id, product_id, quantity, unit_price) VALUES (507, 170, 30, 3, '441.29');
INSERT INTO order_items (id, order_id, product_id, quantity, unit_price) VALUES (508, 170, 15, 4, '337.48');
INSERT INTO order_items (id, order_id, product_id, quantity, unit_price) VALUES (509, 170, 21, 2, '304.38');
INSERT INTO order_items (id, order_id, product_id, quantity, unit_price) VALUES (510, 171, 5, 2, '53.45');
INSERT INTO order_items (id, order_id, product_id, quantity, unit_price) VALUES (511, 171, 4, 2, '233.99');
INSERT INTO order_items (id, order_id, product_id, quantity, unit_price) VALUES (512, 171, 20, 1, '62.13');
INSERT INTO order_items (id, order_id, product_id, quantity, unit_price) VALUES (513, 172, 14, 3, '336.50');
INSERT INTO order_items (id, order_id, product_id, quantity, unit_price) VALUES (514, 173, 30, 4, '441.29');
INSERT INTO order_items (id, order_id, product_id, quantity, unit_price) VALUES (515, 173, 6, 4, '87.31');
INSERT INTO order_items (id, order_id, product_id, quantity, unit_price) VALUES (516, 173, 14, 2, '336.50');
INSERT INTO order_items (id, order_id, product_id, quantity, unit_price) VALUES (517, 173, 21, 3, '304.38');
INSERT INTO order_items (id, order_id, product_id, quantity, unit_price) VALUES (518, 173, 29, 3, '375.98');
INSERT INTO order_items (id, order_id, product_id, quantity, unit_price) VALUES (519, 174, 8, 1, '146.19');
INSERT INTO order_items (id, order_id, product_id, quantity, unit_price) VALUES (520, 174, 18, 2, '187.91');
INSERT INTO order_items (id, order_id, product_id, quantity, unit_price) VALUES (521, 174, 24, 4, '320.36');
INSERT INTO order_items (id, order_id, product_id, quantity, unit_price) VALUES (522, 174, 28, 2, '342.61');
INSERT INTO order_items (id, order_id, product_id, quantity, unit_price) VALUES (523, 174, 30, 1, '441.29');
INSERT INTO order_items (id, order_id, product_id, quantity, unit_price) VALUES (524, 175, 1, 3, '208.49');
INSERT INTO order_items (id, order_id, product_id, quantity, unit_price) VALUES (525, 176, 17, 4, '110.50');
INSERT INTO order_items (id, order_id, product_id, quantity, unit_price) VALUES (526, 176, 16, 3, '231.84');
INSERT INTO order_items (id, order_id, product_id, quantity, unit_price) VALUES (527, 176, 29, 2, '375.98');
INSERT INTO order_items (id, order_id, product_id, quantity, unit_price) VALUES (528, 176, 5, 1, '53.45');
INSERT INTO order_items (id, order_id, product_id, quantity, unit_price) VALUES (529, 176, 28, 3, '342.61');
INSERT INTO order_items (id, order_id, product_id, quantity, unit_price) VALUES (530, 177, 23, 3, '214.66');
INSERT INTO order_items (id, order_id, product_id, quantity, unit_price) VALUES (531, 177, 6, 3, '87.31');
INSERT INTO order_items (id, order_id, product_id, quantity, unit_price) VALUES (532, 177, 1, 2, '208.49');
INSERT INTO order_items (id, order_id, product_id, quantity, unit_price) VALUES (533, 178, 11, 2, '44.65');
INSERT INTO order_items (id, order_id, product_id, quantity, unit_price) VALUES (534, 178, 3, 2, '99.14');
INSERT INTO order_items (id, order_id, product_id, quantity, unit_price) VALUES (535, 178, 13, 4, '45.57');
INSERT INTO order_items (id, order_id, product_id, quantity, unit_price) VALUES (536, 178, 22, 3, '246.81');
INSERT INTO order_items (id, order_id, product_id, quantity, unit_price) VALUES (537, 178, 4, 2, '233.99');
INSERT INTO order_items (id, order_id, product_id, quantity, unit_price) VALUES (538, 179, 25, 1, '9.78');
INSERT INTO order_items (id, order_id, product_id, quantity, unit_price) VALUES (539, 179, 9, 3, '151.86');
INSERT INTO order_items (id, order_id, product_id, quantity, unit_price) VALUES (540, 179, 11, 3, '44.65');
INSERT INTO order_items (id, order_id, product_id, quantity, unit_price) VALUES (541, 179, 10, 2, '29.81');
INSERT INTO order_items (id, order_id, product_id, quantity, unit_price) VALUES (542, 180, 6, 3, '87.31');
INSERT INTO order_items (id, order_id, product_id, quantity, unit_price) VALUES (543, 180, 13, 1, '45.57');
INSERT INTO order_items (id, order_id, product_id, quantity, unit_price) VALUES (544, 180, 22, 3, '246.81');
INSERT INTO order_items (id, order_id, product_id, quantity, unit_price) VALUES (545, 181, 16, 4, '231.84');
INSERT INTO order_items (id, order_id, product_id, quantity, unit_price) VALUES (546, 181, 5, 3, '53.45');
INSERT INTO order_items (id, order_id, product_id, quantity, unit_price) VALUES (547, 182, 26, 2, '293.33');
INSERT INTO order_items (id, order_id, product_id, quantity, unit_price) VALUES (548, 182, 22, 1, '246.81');
INSERT INTO order_items (id, order_id, product_id, quantity, unit_price) VALUES (549, 182, 27, 4, '185.49');
INSERT INTO order_items (id, order_id, product_id, quantity, unit_price) VALUES (550, 182, 7, 3, '86.49');
INSERT INTO order_items (id, order_id, product_id, quantity, unit_price) VALUES (551, 182, 25, 1, '9.78');
INSERT INTO order_items (id, order_id, product_id, quantity, unit_price) VALUES (552, 183, 19, 2, '409.46');
INSERT INTO order_items (id, order_id, product_id, quantity, unit_price) VALUES (553, 183, 18, 2, '187.91');
INSERT INTO order_items (id, order_id, product_id, quantity, unit_price) VALUES (554, 184, 23, 4, '214.66');
INSERT INTO order_items (id, order_id, product_id, quantity, unit_price) VALUES (555, 184, 19, 1, '409.46');
INSERT INTO order_items (id, order_id, product_id, quantity, unit_price) VALUES (556, 185, 14, 4, '336.50');
INSERT INTO order_items (id, order_id, product_id, quantity, unit_price) VALUES (557, 185, 15, 3, '337.48');
INSERT INTO order_items (id, order_id, product_id, quantity, unit_price) VALUES (558, 185, 19, 1, '409.46');
INSERT INTO order_items (id, order_id, product_id, quantity, unit_price) VALUES (559, 185, 2, 4, '204.29');
INSERT INTO order_items (id, order_id, product_id, quantity, unit_price) VALUES (560, 185, 18, 3, '187.91');
INSERT INTO order_items (id, order_id, product_id, quantity, unit_price) VALUES (561, 186, 2, 4, '204.29');
INSERT INTO order_items (id, order_id, product_id, quantity, unit_price) VALUES (562, 187, 30, 1, '441.29');
INSERT INTO order_items (id, order_id, product_id, quantity, unit_price) VALUES (563, 188, 25, 4, '9.78');
INSERT INTO order_items (id, order_id, product_id, quantity, unit_price) VALUES (564, 188, 5, 3, '53.45');
INSERT INTO order_items (id, order_id, product_id, quantity, unit_price) VALUES (565, 189, 22, 2, '246.81');
INSERT INTO order_items (id, order_id, product_id, quantity, unit_price) VALUES (566, 190, 17, 1, '110.50');
INSERT INTO order_items (id, order_id, product_id, quantity, unit_price) VALUES (567, 190, 5, 1, '53.45');
INSERT INTO order_items (id, order_id, product_id, quantity, unit_price) VALUES (568, 190, 24, 3, '320.36');
INSERT INTO order_items (id, order_id, product_id, quantity, unit_price) VALUES (569, 190, 8, 4, '146.19');
INSERT INTO order_items (id, order_id, product_id, quantity, unit_price) VALUES (570, 191, 15, 2, '337.48');
INSERT INTO order_items (id, order_id, product_id, quantity, unit_price) VALUES (571, 191, 12, 3, '64.33');
INSERT INTO order_items (id, order_id, product_id, quantity, unit_price) VALUES (572, 192, 20, 1, '62.13');
INSERT INTO order_items (id, order_id, product_id, quantity, unit_price) VALUES (573, 192, 25, 2, '9.78');
INSERT INTO order_items (id, order_id, product_id, quantity, unit_price) VALUES (574, 192, 30, 2, '441.29');
INSERT INTO order_items (id, order_id, product_id, quantity, unit_price) VALUES (575, 192, 29, 1, '375.98');
INSERT INTO order_items (id, order_id, product_id, quantity, unit_price) VALUES (576, 193, 22, 1, '246.81');
INSERT INTO order_items (id, order_id, product_id, quantity, unit_price) VALUES (577, 193, 23, 4, '214.66');
INSERT INTO order_items (id, order_id, product_id, quantity, unit_price) VALUES (578, 193, 28, 4, '342.61');
INSERT INTO order_items (id, order_id, product_id, quantity, unit_price) VALUES (579, 193, 2, 2, '204.29');
INSERT INTO order_items (id, order_id, product_id, quantity, unit_price) VALUES (580, 193, 8, 2, '146.19');
INSERT INTO order_items (id, order_id, product_id, quantity, unit_price) VALUES (581, 194, 27, 3, '185.49');
INSERT INTO order_items (id, order_id, product_id, quantity, unit_price) VALUES (582, 194, 30, 3, '441.29');
INSERT INTO order_items (id, order_id, product_id, quantity, unit_price) VALUES (583, 195, 8, 2, '146.19');
INSERT INTO order_items (id, order_id, product_id, quantity, unit_price) VALUES (584, 195, 14, 4, '336.50');
INSERT INTO order_items (id, order_id, product_id, quantity, unit_price) VALUES (585, 195, 10, 4, '29.81');
INSERT INTO order_items (id, order_id, product_id, quantity, unit_price) VALUES (586, 195, 9, 1, '151.86');
INSERT INTO order_items (id, order_id, product_id, quantity, unit_price) VALUES (587, 195, 2, 3, '204.29');
INSERT INTO order_items (id, order_id, product_id, quantity, unit_price) VALUES (588, 196, 14, 2, '336.50');
INSERT INTO order_items (id, order_id, product_id, quantity, unit_price) VALUES (589, 196, 5, 4, '53.45');
INSERT INTO order_items (id, order_id, product_id, quantity, unit_price) VALUES (590, 196, 10, 2, '29.81');
INSERT INTO order_items (id, order_id, product_id, quantity, unit_price) VALUES (591, 196, 13, 2, '45.57');
INSERT INTO order_items (id, order_id, product_id, quantity, unit_price) VALUES (592, 197, 18, 4, '187.91');
INSERT INTO order_items (id, order_id, product_id, quantity, unit_price) VALUES (593, 198, 8, 1, '146.19');
INSERT INTO order_items (id, order_id, product_id, quantity, unit_price) VALUES (594, 198, 9, 4, '151.86');
INSERT INTO order_items (id, order_id, product_id, quantity, unit_price) VALUES (595, 198, 7, 3, '86.49');
INSERT INTO order_items (id, order_id, product_id, quantity, unit_price) VALUES (596, 198, 11, 1, '44.65');
INSERT INTO order_items (id, order_id, product_id, quantity, unit_price) VALUES (597, 199, 20, 2, '62.13');
INSERT INTO order_items (id, order_id, product_id, quantity, unit_price) VALUES (598, 199, 2, 4, '204.29');
INSERT INTO order_items (id, order_id, product_id, quantity, unit_price) VALUES (599, 199, 28, 2, '342.61');
INSERT INTO order_items (id, order_id, product_id, quantity, unit_price) VALUES (600, 199, 3, 3, '99.14');
INSERT INTO order_items (id, order_id, product_id, quantity, unit_price) VALUES (601, 199, 7, 3, '86.49');
INSERT INTO order_items (id, order_id, product_id, quantity, unit_price) VALUES (602, 200, 30, 2, '441.29');
INSERT INTO order_items (id, order_id, product_id, quantity, unit_price) VALUES (603, 200, 8, 4, '146.19');
INSERT INTO order_items (id, order_id, product_id, quantity, unit_price) VALUES (604, 200, 23, 2, '214.66');
INSERT INTO order_items (id, order_id, product_id, quantity, unit_price) VALUES (605, 200, 20, 3, '62.13');
COMMIT;
