-- saas seed data. Load after schema.sql.
BEGIN;
INSERT INTO accounts (id, name, plan, country, created_at) VALUES (1, 'Silva Inc', 'PRO', 'IN', '2023-05-27 02:20:00+0000');
INSERT INTO accounts (id, name, plan, country, created_at) VALUES (2, 'Cohen Group', 'PRO', 'BR', '2023-08-14 04:07:00+0000');
INSERT INTO accounts (id, name, plan, country, created_at) VALUES (3, 'Silva Inc', 'STARTER', 'NG', '2023-12-01 06:39:00+0000');
INSERT INTO accounts (id, name, plan, country, created_at) VALUES (4, 'Mori Labs', 'ENTERPRISE', 'NG', '2023-05-12 19:18:00+0000');
INSERT INTO accounts (id, name, plan, country, created_at) VALUES (5, 'Haddad Labs', 'FREE', 'DE', '2024-02-02 17:46:00+0000');
INSERT INTO accounts (id, name, plan, country, created_at) VALUES (6, 'Patel LLC', 'ENTERPRISE', 'DE', '2023-10-12 22:43:00+0000');
INSERT INTO accounts (id, name, plan, country, created_at) VALUES (7, 'Khan Group', 'STARTER', 'SE', '2023-02-24 10:13:00+0000');
INSERT INTO accounts (id, name, plan, country, created_at) VALUES (8, 'Smith Labs', 'PRO', 'GB', '2023-03-06 01:17:00+0000');
INSERT INTO accounts (id, name, plan, country, created_at) VALUES (9, 'Cohen Group', 'FREE', 'GB', '2023-01-05 00:15:00+0000');
INSERT INTO accounts (id, name, plan, country, created_at) VALUES (10, 'Patel LLC', 'STARTER', 'DE', '2023-06-01 17:07:00+0000');
INSERT INTO accounts (id, name, plan, country, created_at) VALUES (11, 'Smith LLC', 'PRO', 'GB', '2024-01-31 14:26:00+0000');
INSERT INTO accounts (id, name, plan, country, created_at) VALUES (12, 'Larsson Group', 'FREE', 'IN', '2023-12-26 19:22:00+0000');
INSERT INTO accounts (id, name, plan, country, created_at) VALUES (13, 'Haddad LLC', 'ENTERPRISE', 'SE', '2023-05-25 02:37:00+0000');
INSERT INTO accounts (id, name, plan, country, created_at) VALUES (14, 'Nguyen Group', 'PRO', 'BR', '2023-03-05 06:04:00+0000');
INSERT INTO accounts (id, name, plan, country, created_at) VALUES (15, 'Mori Group', 'FREE', 'BR', '2023-05-15 18:42:00+0000');
INSERT INTO accounts (id, name, plan, country, created_at) VALUES (16, 'Nguyen Labs', 'PRO', 'NG', '2023-06-08 22:23:00+0000');
INSERT INTO accounts (id, name, plan, country, created_at) VALUES (17, 'Patel Inc', 'FREE', 'NG', '2023-01-26 01:42:00+0000');
INSERT INTO accounts (id, name, plan, country, created_at) VALUES (18, 'Haddad LLC', 'PRO', 'IN', '2023-09-01 07:13:00+0000');
INSERT INTO accounts (id, name, plan, country, created_at) VALUES (19, 'Silva LLC', 'PRO', 'SE', '2023-05-13 21:59:00+0000');
INSERT INTO accounts (id, name, plan, country, created_at) VALUES (20, 'Garcia Inc', 'STARTER', 'JP', '2023-01-14 04:50:00+0000');
INSERT INTO accounts (id, name, plan, country, created_at) VALUES (21, 'Garcia Group', 'STARTER', 'DE', '2023-01-03 16:02:00+0000');
INSERT INTO accounts (id, name, plan, country, created_at) VALUES (22, 'Garcia LLC', 'PRO', 'GB', '2023-01-16 03:45:00+0000');
INSERT INTO accounts (id, name, plan, country, created_at) VALUES (23, 'Garcia Group', 'ENTERPRISE', 'GB', '2024-01-13 09:33:00+0000');
INSERT INTO accounts (id, name, plan, country, created_at) VALUES (24, 'Garcia Inc', 'STARTER', 'GB', '2023-04-24 16:16:00+0000');
INSERT INTO accounts (id, name, plan, country, created_at) VALUES (25, 'Larsson Inc', 'ENTERPRISE', 'JP', '2023-09-15 04:53:00+0000');
INSERT INTO accounts (id, name, plan, country, created_at) VALUES (26, 'Cohen Labs', 'PRO', 'SE', '2023-02-08 01:46:00+0000');
INSERT INTO accounts (id, name, plan, country, created_at) VALUES (27, 'Okafor Labs', 'ENTERPRISE', 'GB', '2023-03-23 11:33:00+0000');
INSERT INTO accounts (id, name, plan, country, created_at) VALUES (28, 'Mori Labs', 'STARTER', 'IN', '2023-07-06 09:46:00+0000');
INSERT INTO accounts (id, name, plan, country, created_at) VALUES (29, 'Garcia LLC', 'FREE', 'IN', '2023-11-15 20:28:00+0000');
INSERT INTO accounts (id, name, plan, country, created_at) VALUES (30, 'Okafor Inc', 'PRO', 'SE', '2023-03-11 11:09:00+0000');
INSERT INTO accounts (id, name, plan, country, created_at) VALUES (31, 'Silva LLC', 'PRO', 'NG', '2024-01-18 00:06:00+0000');
INSERT INTO accounts (id, name, plan, country, created_at) VALUES (32, 'Smith Group', 'STARTER', 'JP', '2023-04-29 00:39:00+0000');
INSERT INTO accounts (id, name, plan, country, created_at) VALUES (33, 'Rossi Inc', 'FREE', 'GB', '2023-05-30 04:24:00+0000');
INSERT INTO accounts (id, name, plan, country, created_at) VALUES (34, 'Khan Labs', 'FREE', 'SE', '2023-09-09 11:08:00+0000');
INSERT INTO accounts (id, name, plan, country, created_at) VALUES (35, 'Okafor LLC', 'STARTER', 'US', '2023-12-07 17:29:00+0000');
INSERT INTO accounts (id, name, plan, country, created_at) VALUES (36, 'Smith LLC', 'STARTER', 'SE', '2023-01-30 17:54:00+0000');
INSERT INTO accounts (id, name, plan, country, created_at) VALUES (37, 'Mori LLC', 'PRO', 'JP', '2023-04-23 09:29:00+0000');
INSERT INTO accounts (id, name, plan, country, created_at) VALUES (38, 'Larsson Labs', 'FREE', 'NG', '2023-04-14 08:53:00+0000');
INSERT INTO accounts (id, name, plan, country, created_at) VALUES (39, 'Garcia Labs', 'PRO', 'NG', '2023-01-19 20:48:00+0000');
INSERT INTO accounts (id, name, plan, country, created_at) VALUES (40, 'Haddad Labs', 'ENTERPRISE', 'IN', '2024-01-10 18:47:00+0000');
INSERT INTO users (id, account_id, email, role, active) VALUES (1, 1, 'u1@1.example', 'ADMIN', TRUE);
INSERT INTO users (id, account_id, email, role, active) VALUES (2, 2, 'u2@2.example', 'VIEWER', TRUE);
INSERT INTO users (id, account_id, email, role, active) VALUES (3, 3, 'u3@3.example', 'ADMIN', TRUE);
INSERT INTO users (id, account_id, email, role, active) VALUES (4, 3, 'u4@3.example', 'MEMBER', TRUE);
INSERT INTO users (id, account_id, email, role, active) VALUES (5, 3, 'u5@3.example', 'MEMBER', TRUE);
INSERT INTO users (id, account_id, email, role, active) VALUES (6, 3, 'u6@3.example', 'MEMBER', TRUE);
INSERT INTO users (id, account_id, email, role, active) VALUES (7, 3, 'u7@3.example', 'ADMIN', TRUE);
INSERT INTO users (id, account_id, email, role, active) VALUES (8, 3, 'u8@3.example', 'MEMBER', FALSE);
INSERT INTO users (id, account_id, email, role, active) VALUES (9, 4, 'u9@4.example', 'VIEWER', TRUE);
INSERT INTO users (id, account_id, email, role, active) VALUES (10, 4, 'u10@4.example', 'VIEWER', TRUE);
INSERT INTO users (id, account_id, email, role, active) VALUES (11, 4, 'u11@4.example', 'MEMBER', TRUE);
INSERT INTO users (id, account_id, email, role, active) VALUES (12, 4, 'u12@4.example', 'VIEWER', FALSE);
INSERT INTO users (id, account_id, email, role, active) VALUES (13, 5, 'u13@5.example', 'MEMBER', FALSE);
INSERT INTO users (id, account_id, email, role, active) VALUES (14, 5, 'u14@5.example', 'ADMIN', TRUE);
INSERT INTO users (id, account_id, email, role, active) VALUES (15, 5, 'u15@5.example', 'ADMIN', TRUE);
INSERT INTO users (id, account_id, email, role, active) VALUES (16, 5, 'u16@5.example', 'VIEWER', FALSE);
INSERT INTO users (id, account_id, email, role, active) VALUES (17, 6, 'u17@6.example', 'ADMIN', FALSE);
INSERT INTO users (id, account_id, email, role, active) VALUES (18, 6, 'u18@6.example', 'VIEWER', TRUE);
INSERT INTO users (id, account_id, email, role, active) VALUES (19, 6, 'u19@6.example', 'ADMIN', FALSE);
INSERT INTO users (id, account_id, email, role, active) VALUES (20, 6, 'u20@6.example', 'MEMBER', TRUE);
INSERT INTO users (id, account_id, email, role, active) VALUES (21, 7, 'u21@7.example', 'ADMIN', TRUE);
INSERT INTO users (id, account_id, email, role, active) VALUES (22, 7, 'u22@7.example', 'MEMBER', TRUE);
INSERT INTO users (id, account_id, email, role, active) VALUES (23, 7, 'u23@7.example', 'ADMIN', FALSE);
INSERT INTO users (id, account_id, email, role, active) VALUES (24, 7, 'u24@7.example', 'ADMIN', TRUE);
INSERT INTO users (id, account_id, email, role, active) VALUES (25, 8, 'u25@8.example', 'VIEWER', TRUE);
INSERT INTO users (id, account_id, email, role, active) VALUES (26, 8, 'u26@8.example', 'MEMBER', TRUE);
INSERT INTO users (id, account_id, email, role, active) VALUES (27, 9, 'u27@9.example', 'MEMBER', TRUE);
INSERT INTO users (id, account_id, email, role, active) VALUES (28, 9, 'u28@9.example', 'VIEWER', TRUE);
INSERT INTO users (id, account_id, email, role, active) VALUES (29, 9, 'u29@9.example', 'VIEWER', TRUE);
INSERT INTO users (id, account_id, email, role, active) VALUES (30, 9, 'u30@9.example', 'VIEWER', TRUE);
INSERT INTO users (id, account_id, email, role, active) VALUES (31, 9, 'u31@9.example', 'VIEWER', TRUE);
INSERT INTO users (id, account_id, email, role, active) VALUES (32, 9, 'u32@9.example', 'MEMBER', TRUE);
INSERT INTO users (id, account_id, email, role, active) VALUES (33, 10, 'u33@10.example', 'ADMIN', TRUE);
INSERT INTO users (id, account_id, email, role, active) VALUES (34, 10, 'u34@10.example', 'VIEWER', TRUE);
INSERT INTO users (id, account_id, email, role, active) VALUES (35, 10, 'u35@10.example', 'VIEWER', TRUE);
INSERT INTO users (id, account_id, email, role, active) VALUES (36, 10, 'u36@10.example', 'VIEWER', FALSE);
INSERT INTO users (id, account_id, email, role, active) VALUES (37, 10, 'u37@10.example', 'VIEWER', FALSE);
INSERT INTO users (id, account_id, email, role, active) VALUES (38, 11, 'u38@11.example', 'VIEWER', TRUE);
INSERT INTO users (id, account_id, email, role, active) VALUES (39, 12, 'u39@12.example', 'VIEWER', FALSE);
INSERT INTO users (id, account_id, email, role, active) VALUES (40, 12, 'u40@12.example', 'MEMBER', TRUE);
INSERT INTO users (id, account_id, email, role, active) VALUES (41, 12, 'u41@12.example', 'ADMIN', FALSE);
INSERT INTO users (id, account_id, email, role, active) VALUES (42, 12, 'u42@12.example', 'VIEWER', TRUE);
INSERT INTO users (id, account_id, email, role, active) VALUES (43, 12, 'u43@12.example', 'ADMIN', TRUE);
INSERT INTO users (id, account_id, email, role, active) VALUES (44, 12, 'u44@12.example', 'VIEWER', TRUE);
INSERT INTO users (id, account_id, email, role, active) VALUES (45, 13, 'u45@13.example', 'ADMIN', TRUE);
INSERT INTO users (id, account_id, email, role, active) VALUES (46, 13, 'u46@13.example', 'ADMIN', TRUE);
INSERT INTO users (id, account_id, email, role, active) VALUES (47, 13, 'u47@13.example', 'VIEWER', FALSE);
INSERT INTO users (id, account_id, email, role, active) VALUES (48, 13, 'u48@13.example', 'VIEWER', FALSE);
INSERT INTO users (id, account_id, email, role, active) VALUES (49, 13, 'u49@13.example', 'MEMBER', TRUE);
INSERT INTO users (id, account_id, email, role, active) VALUES (50, 14, 'u50@14.example', 'MEMBER', TRUE);
INSERT INTO users (id, account_id, email, role, active) VALUES (51, 15, 'u51@15.example', 'MEMBER', FALSE);
INSERT INTO users (id, account_id, email, role, active) VALUES (52, 15, 'u52@15.example', 'ADMIN', TRUE);
INSERT INTO users (id, account_id, email, role, active) VALUES (53, 15, 'u53@15.example', 'ADMIN', TRUE);
INSERT INTO users (id, account_id, email, role, active) VALUES (54, 16, 'u54@16.example', 'MEMBER', TRUE);
INSERT INTO users (id, account_id, email, role, active) VALUES (55, 16, 'u55@16.example', 'MEMBER', TRUE);
INSERT INTO users (id, account_id, email, role, active) VALUES (56, 16, 'u56@16.example', 'VIEWER', TRUE);
INSERT INTO users (id, account_id, email, role, active) VALUES (57, 16, 'u57@16.example', 'MEMBER', FALSE);
INSERT INTO users (id, account_id, email, role, active) VALUES (58, 16, 'u58@16.example', 'VIEWER', TRUE);
INSERT INTO users (id, account_id, email, role, active) VALUES (59, 16, 'u59@16.example', 'MEMBER', TRUE);
INSERT INTO users (id, account_id, email, role, active) VALUES (60, 17, 'u60@17.example', 'MEMBER', TRUE);
INSERT INTO users (id, account_id, email, role, active) VALUES (61, 17, 'u61@17.example', 'VIEWER', TRUE);
INSERT INTO users (id, account_id, email, role, active) VALUES (62, 17, 'u62@17.example', 'MEMBER', TRUE);
INSERT INTO users (id, account_id, email, role, active) VALUES (63, 17, 'u63@17.example', 'ADMIN', TRUE);
INSERT INTO users (id, account_id, email, role, active) VALUES (64, 18, 'u64@18.example', 'ADMIN', TRUE);
INSERT INTO users (id, account_id, email, role, active) VALUES (65, 18, 'u65@18.example', 'MEMBER', FALSE);
INSERT INTO users (id, account_id, email, role, active) VALUES (66, 19, 'u66@19.example', 'MEMBER', TRUE);
INSERT INTO users (id, account_id, email, role, active) VALUES (67, 19, 'u67@19.example', 'MEMBER', FALSE);
INSERT INTO users (id, account_id, email, role, active) VALUES (68, 20, 'u68@20.example', 'VIEWER', TRUE);
INSERT INTO users (id, account_id, email, role, active) VALUES (69, 21, 'u69@21.example', 'ADMIN', TRUE);
INSERT INTO users (id, account_id, email, role, active) VALUES (70, 21, 'u70@21.example', 'MEMBER', TRUE);
INSERT INTO users (id, account_id, email, role, active) VALUES (71, 21, 'u71@21.example', 'ADMIN', TRUE);
INSERT INTO users (id, account_id, email, role, active) VALUES (72, 22, 'u72@22.example', 'MEMBER', TRUE);
INSERT INTO users (id, account_id, email, role, active) VALUES (73, 22, 'u73@22.example', 'VIEWER', TRUE);
INSERT INTO users (id, account_id, email, role, active) VALUES (74, 23, 'u74@23.example', 'ADMIN', TRUE);
INSERT INTO users (id, account_id, email, role, active) VALUES (75, 23, 'u75@23.example', 'VIEWER', TRUE);
INSERT INTO users (id, account_id, email, role, active) VALUES (76, 23, 'u76@23.example', 'MEMBER', TRUE);
INSERT INTO users (id, account_id, email, role, active) VALUES (77, 23, 'u77@23.example', 'ADMIN', TRUE);
INSERT INTO users (id, account_id, email, role, active) VALUES (78, 23, 'u78@23.example', 'ADMIN', TRUE);
INSERT INTO users (id, account_id, email, role, active) VALUES (79, 23, 'u79@23.example', 'VIEWER', TRUE);
INSERT INTO users (id, account_id, email, role, active) VALUES (80, 24, 'u80@24.example', 'VIEWER', TRUE);
INSERT INTO users (id, account_id, email, role, active) VALUES (81, 24, 'u81@24.example', 'MEMBER', TRUE);
INSERT INTO users (id, account_id, email, role, active) VALUES (82, 24, 'u82@24.example', 'MEMBER', TRUE);
INSERT INTO users (id, account_id, email, role, active) VALUES (83, 25, 'u83@25.example', 'ADMIN', TRUE);
INSERT INTO users (id, account_id, email, role, active) VALUES (84, 25, 'u84@25.example', 'MEMBER', TRUE);
INSERT INTO users (id, account_id, email, role, active) VALUES (85, 25, 'u85@25.example', 'MEMBER', TRUE);
INSERT INTO users (id, account_id, email, role, active) VALUES (86, 25, 'u86@25.example', 'VIEWER', TRUE);
INSERT INTO users (id, account_id, email, role, active) VALUES (87, 26, 'u87@26.example', 'VIEWER', FALSE);
INSERT INTO users (id, account_id, email, role, active) VALUES (88, 26, 'u88@26.example', 'ADMIN', TRUE);
INSERT INTO users (id, account_id, email, role, active) VALUES (89, 26, 'u89@26.example', 'MEMBER', FALSE);
INSERT INTO users (id, account_id, email, role, active) VALUES (90, 26, 'u90@26.example', 'MEMBER', TRUE);
INSERT INTO users (id, account_id, email, role, active) VALUES (91, 26, 'u91@26.example', 'VIEWER', TRUE);
INSERT INTO users (id, account_id, email, role, active) VALUES (92, 27, 'u92@27.example', 'MEMBER', TRUE);
INSERT INTO users (id, account_id, email, role, active) VALUES (93, 27, 'u93@27.example', 'MEMBER', TRUE);
INSERT INTO users (id, account_id, email, role, active) VALUES (94, 27, 'u94@27.example', 'VIEWER', FALSE);
INSERT INTO users (id, account_id, email, role, active) VALUES (95, 28, 'u95@28.example', 'VIEWER', TRUE);
INSERT INTO users (id, account_id, email, role, active) VALUES (96, 29, 'u96@29.example', 'MEMBER', TRUE);
INSERT INTO users (id, account_id, email, role, active) VALUES (97, 29, 'u97@29.example', 'VIEWER', TRUE);
INSERT INTO users (id, account_id, email, role, active) VALUES (98, 29, 'u98@29.example', 'VIEWER', TRUE);
INSERT INTO users (id, account_id, email, role, active) VALUES (99, 29, 'u99@29.example', 'ADMIN', TRUE);
INSERT INTO users (id, account_id, email, role, active) VALUES (100, 29, 'u100@29.example', 'MEMBER', TRUE);
INSERT INTO users (id, account_id, email, role, active) VALUES (101, 30, 'u101@30.example', 'MEMBER', TRUE);
INSERT INTO users (id, account_id, email, role, active) VALUES (102, 30, 'u102@30.example', 'VIEWER', TRUE);
INSERT INTO users (id, account_id, email, role, active) VALUES (103, 30, 'u103@30.example', 'VIEWER', TRUE);
INSERT INTO users (id, account_id, email, role, active) VALUES (104, 30, 'u104@30.example', 'VIEWER', TRUE);
INSERT INTO users (id, account_id, email, role, active) VALUES (105, 30, 'u105@30.example', 'MEMBER', FALSE);
INSERT INTO users (id, account_id, email, role, active) VALUES (106, 31, 'u106@31.example', 'VIEWER', TRUE);
INSERT INTO users (id, account_id, email, role, active) VALUES (107, 31, 'u107@31.example', 'MEMBER', TRUE);
INSERT INTO users (id, account_id, email, role, active) VALUES (108, 32, 'u108@32.example', 'MEMBER', TRUE);
INSERT INTO users (id, account_id, email, role, active) VALUES (109, 32, 'u109@32.example', 'VIEWER', TRUE);
INSERT INTO users (id, account_id, email, role, active) VALUES (110, 32, 'u110@32.example', 'ADMIN', FALSE);
INSERT INTO users (id, account_id, email, role, active) VALUES (111, 32, 'u111@32.example', 'VIEWER', TRUE);
INSERT INTO users (id, account_id, email, role, active) VALUES (112, 32, 'u112@32.example', 'ADMIN', FALSE);
INSERT INTO users (id, account_id, email, role, active) VALUES (113, 33, 'u113@33.example', 'ADMIN', TRUE);
INSERT INTO users (id, account_id, email, role, active) VALUES (114, 33, 'u114@33.example', 'MEMBER', TRUE);
INSERT INTO users (id, account_id, email, role, active) VALUES (115, 33, 'u115@33.example', 'MEMBER', TRUE);
INSERT INTO users (id, account_id, email, role, active) VALUES (116, 33, 'u116@33.example', 'ADMIN', FALSE);
INSERT INTO users (id, account_id, email, role, active) VALUES (117, 33, 'u117@33.example', 'VIEWER', TRUE);
INSERT INTO users (id, account_id, email, role, active) VALUES (118, 34, 'u118@34.example', 'MEMBER', TRUE);
INSERT INTO users (id, account_id, email, role, active) VALUES (119, 34, 'u119@34.example', 'VIEWER', FALSE);
INSERT INTO users (id, account_id, email, role, active) VALUES (120, 34, 'u120@34.example', 'MEMBER', TRUE);
INSERT INTO users (id, account_id, email, role, active) VALUES (121, 34, 'u121@34.example', 'VIEWER', TRUE);
INSERT INTO users (id, account_id, email, role, active) VALUES (122, 34, 'u122@34.example', 'ADMIN', TRUE);
INSERT INTO users (id, account_id, email, role, active) VALUES (123, 34, 'u123@34.example', 'MEMBER', FALSE);
INSERT INTO users (id, account_id, email, role, active) VALUES (124, 35, 'u124@35.example', 'MEMBER', TRUE);
INSERT INTO users (id, account_id, email, role, active) VALUES (125, 35, 'u125@35.example', 'ADMIN', FALSE);
INSERT INTO users (id, account_id, email, role, active) VALUES (126, 35, 'u126@35.example', 'MEMBER', FALSE);
INSERT INTO users (id, account_id, email, role, active) VALUES (127, 35, 'u127@35.example', 'VIEWER', TRUE);
INSERT INTO users (id, account_id, email, role, active) VALUES (128, 35, 'u128@35.example', 'ADMIN', TRUE);
INSERT INTO users (id, account_id, email, role, active) VALUES (129, 35, 'u129@35.example', 'VIEWER', FALSE);
INSERT INTO users (id, account_id, email, role, active) VALUES (130, 36, 'u130@36.example', 'ADMIN', TRUE);
INSERT INTO users (id, account_id, email, role, active) VALUES (131, 36, 'u131@36.example', 'VIEWER', TRUE);
INSERT INTO users (id, account_id, email, role, active) VALUES (132, 36, 'u132@36.example', 'ADMIN', TRUE);
INSERT INTO users (id, account_id, email, role, active) VALUES (133, 36, 'u133@36.example', 'VIEWER', TRUE);
INSERT INTO users (id, account_id, email, role, active) VALUES (134, 36, 'u134@36.example', 'VIEWER', TRUE);
INSERT INTO users (id, account_id, email, role, active) VALUES (135, 36, 'u135@36.example', 'ADMIN', FALSE);
INSERT INTO users (id, account_id, email, role, active) VALUES (136, 37, 'u136@37.example', 'MEMBER', TRUE);
INSERT INTO users (id, account_id, email, role, active) VALUES (137, 37, 'u137@37.example', 'MEMBER', TRUE);
INSERT INTO users (id, account_id, email, role, active) VALUES (138, 37, 'u138@37.example', 'VIEWER', TRUE);
INSERT INTO users (id, account_id, email, role, active) VALUES (139, 38, 'u139@38.example', 'MEMBER', TRUE);
INSERT INTO users (id, account_id, email, role, active) VALUES (140, 38, 'u140@38.example', 'MEMBER', TRUE);
INSERT INTO users (id, account_id, email, role, active) VALUES (141, 38, 'u141@38.example', 'MEMBER', TRUE);
INSERT INTO users (id, account_id, email, role, active) VALUES (142, 38, 'u142@38.example', 'ADMIN', TRUE);
INSERT INTO users (id, account_id, email, role, active) VALUES (143, 39, 'u143@39.example', 'ADMIN', TRUE);
INSERT INTO users (id, account_id, email, role, active) VALUES (144, 40, 'u144@40.example', 'VIEWER', TRUE);
INSERT INTO users (id, account_id, email, role, active) VALUES (145, 40, 'u145@40.example', 'ADMIN', TRUE);
INSERT INTO users (id, account_id, email, role, active) VALUES (146, 40, 'u146@40.example', 'MEMBER', TRUE);
INSERT INTO users (id, account_id, email, role, active) VALUES (147, 40, 'u147@40.example', 'VIEWER', TRUE);
INSERT INTO users (id, account_id, email, role, active) VALUES (148, 40, 'u148@40.example', 'MEMBER', TRUE);
INSERT INTO users (id, account_id, email, role, active) VALUES (149, 40, 'u149@40.example', 'ADMIN', TRUE);
INSERT INTO subscriptions (id, account_id, plan, status, started_at, mrr) VALUES (1, 1, 'PRO', 'CANCELLED', '2023-07-21 17:36:00+0000', 199.0);
INSERT INTO subscriptions (id, account_id, plan, status, started_at, mrr) VALUES (2, 2, 'PRO', 'CANCELLED', '2023-11-23 16:56:00+0000', 199.0);
INSERT INTO subscriptions (id, account_id, plan, status, started_at, mrr) VALUES (3, 3, 'STARTER', 'PAST_DUE', '2023-03-24 17:59:00+0000', 49.0);
INSERT INTO subscriptions (id, account_id, plan, status, started_at, mrr) VALUES (4, 4, 'ENTERPRISE', 'ACTIVE', '2023-03-10 10:43:00+0000', 999.0);
INSERT INTO subscriptions (id, account_id, plan, status, started_at, mrr) VALUES (5, 5, 'FREE', 'TRIAL', '2023-05-03 18:36:00+0000', 0.0);
INSERT INTO subscriptions (id, account_id, plan, status, started_at, mrr) VALUES (6, 6, 'ENTERPRISE', 'CANCELLED', '2023-12-10 01:59:00+0000', 999.0);
INSERT INTO subscriptions (id, account_id, plan, status, started_at, mrr) VALUES (7, 7, 'STARTER', 'TRIAL', '2023-02-20 03:43:00+0000', 49.0);
INSERT INTO subscriptions (id, account_id, plan, status, started_at, mrr) VALUES (8, 8, 'PRO', 'PAST_DUE', '2023-11-11 01:30:00+0000', 199.0);
INSERT INTO subscriptions (id, account_id, plan, status, started_at, mrr) VALUES (9, 9, 'FREE', 'CANCELLED', '2023-02-07 17:05:00+0000', 0.0);
INSERT INTO subscriptions (id, account_id, plan, status, started_at, mrr) VALUES (10, 10, 'STARTER', 'ACTIVE', '2023-07-03 12:58:00+0000', 49.0);
INSERT INTO subscriptions (id, account_id, plan, status, started_at, mrr) VALUES (11, 11, 'PRO', 'PAST_DUE', '2023-12-29 14:02:00+0000', 199.0);
INSERT INTO subscriptions (id, account_id, plan, status, started_at, mrr) VALUES (12, 12, 'FREE', 'PAST_DUE', '2023-06-21 15:45:00+0000', 0.0);
INSERT INTO subscriptions (id, account_id, plan, status, started_at, mrr) VALUES (13, 13, 'ENTERPRISE', 'ACTIVE', '2023-03-15 20:08:00+0000', 999.0);
INSERT INTO subscriptions (id, account_id, plan, status, started_at, mrr) VALUES (14, 14, 'PRO', 'PAST_DUE', '2023-09-12 23:54:00+0000', 199.0);
INSERT INTO subscriptions (id, account_id, plan, status, started_at, mrr) VALUES (15, 15, 'FREE', 'CANCELLED', '2023-06-19 15:15:00+0000', 0.0);
INSERT INTO subscriptions (id, account_id, plan, status, started_at, mrr) VALUES (16, 16, 'PRO', 'TRIAL', '2023-07-18 19:07:00+0000', 199.0);
INSERT INTO subscriptions (id, account_id, plan, status, started_at, mrr) VALUES (17, 17, 'FREE', 'CANCELLED', '2024-01-18 23:43:00+0000', 0.0);
INSERT INTO subscriptions (id, account_id, plan, status, started_at, mrr) VALUES (18, 18, 'PRO', 'ACTIVE', '2023-05-05 13:07:00+0000', 199.0);
INSERT INTO subscriptions (id, account_id, plan, status, started_at, mrr) VALUES (19, 19, 'PRO', 'TRIAL', '2023-12-03 07:21:00+0000', 199.0);
INSERT INTO subscriptions (id, account_id, plan, status, started_at, mrr) VALUES (20, 20, 'STARTER', 'CANCELLED', '2023-10-04 20:52:00+0000', 49.0);
INSERT INTO subscriptions (id, account_id, plan, status, started_at, mrr) VALUES (21, 21, 'STARTER', 'CANCELLED', '2023-12-30 16:09:00+0000', 49.0);
INSERT INTO subscriptions (id, account_id, plan, status, started_at, mrr) VALUES (22, 22, 'PRO', 'ACTIVE', '2023-04-24 21:06:00+0000', 199.0);
INSERT INTO subscriptions (id, account_id, plan, status, started_at, mrr) VALUES (23, 23, 'ENTERPRISE', 'CANCELLED', '2023-04-13 15:42:00+0000', 999.0);
INSERT INTO subscriptions (id, account_id, plan, status, started_at, mrr) VALUES (24, 24, 'STARTER', 'ACTIVE', '2023-03-14 03:55:00+0000', 49.0);
INSERT INTO subscriptions (id, account_id, plan, status, started_at, mrr) VALUES (25, 25, 'ENTERPRISE', 'CANCELLED', '2023-10-10 07:46:00+0000', 999.0);
INSERT INTO subscriptions (id, account_id, plan, status, started_at, mrr) VALUES (26, 26, 'PRO', 'CANCELLED', '2023-06-15 03:21:00+0000', 199.0);
INSERT INTO subscriptions (id, account_id, plan, status, started_at, mrr) VALUES (27, 27, 'ENTERPRISE', 'ACTIVE', '2023-10-14 00:42:00+0000', 999.0);
INSERT INTO subscriptions (id, account_id, plan, status, started_at, mrr) VALUES (28, 28, 'STARTER', 'CANCELLED', '2023-12-14 01:36:00+0000', 49.0);
INSERT INTO subscriptions (id, account_id, plan, status, started_at, mrr) VALUES (29, 29, 'FREE', 'TRIAL', '2023-10-20 17:29:00+0000', 0.0);
INSERT INTO subscriptions (id, account_id, plan, status, started_at, mrr) VALUES (30, 30, 'PRO', 'CANCELLED', '2023-11-18 20:53:00+0000', 199.0);
INSERT INTO subscriptions (id, account_id, plan, status, started_at, mrr) VALUES (31, 31, 'PRO', 'PAST_DUE', '2023-08-22 04:23:00+0000', 199.0);
INSERT INTO subscriptions (id, account_id, plan, status, started_at, mrr) VALUES (32, 32, 'STARTER', 'TRIAL', '2023-06-02 19:35:00+0000', 49.0);
INSERT INTO subscriptions (id, account_id, plan, status, started_at, mrr) VALUES (33, 33, 'FREE', 'ACTIVE', '2024-01-06 15:26:00+0000', 0.0);
INSERT INTO subscriptions (id, account_id, plan, status, started_at, mrr) VALUES (34, 34, 'FREE', 'CANCELLED', '2023-04-24 10:56:00+0000', 0.0);
INSERT INTO subscriptions (id, account_id, plan, status, started_at, mrr) VALUES (35, 35, 'STARTER', 'ACTIVE', '2023-12-08 21:42:00+0000', 49.0);
INSERT INTO subscriptions (id, account_id, plan, status, started_at, mrr) VALUES (36, 36, 'STARTER', 'TRIAL', '2023-12-14 22:10:00+0000', 49.0);
INSERT INTO subscriptions (id, account_id, plan, status, started_at, mrr) VALUES (37, 37, 'PRO', 'CANCELLED', '2023-01-04 16:50:00+0000', 199.0);
INSERT INTO subscriptions (id, account_id, plan, status, started_at, mrr) VALUES (38, 38, 'FREE', 'PAST_DUE', '2023-11-14 05:27:00+0000', 0.0);
INSERT INTO subscriptions (id, account_id, plan, status, started_at, mrr) VALUES (39, 39, 'PRO', 'PAST_DUE', '2023-09-17 05:30:00+0000', 199.0);
INSERT INTO subscriptions (id, account_id, plan, status, started_at, mrr) VALUES (40, 40, 'ENTERPRISE', 'ACTIVE', '2023-07-06 02:39:00+0000', 999.0);
INSERT INTO invoices (id, subscription_id, issued_at, amount, paid) VALUES (1, 1, '2023-05-05 01:26:00+0000', 199.0, FALSE);
INSERT INTO invoices (id, subscription_id, issued_at, amount, paid) VALUES (2, 1, '2023-11-15 14:23:00+0000', 199.0, TRUE);
INSERT INTO invoices (id, subscription_id, issued_at, amount, paid) VALUES (3, 2, '2023-12-09 18:18:00+0000', 199.0, TRUE);
INSERT INTO invoices (id, subscription_id, issued_at, amount, paid) VALUES (4, 2, '2023-01-17 05:16:00+0000', 199.0, TRUE);
INSERT INTO invoices (id, subscription_id, issued_at, amount, paid) VALUES (5, 2, '2023-07-06 04:54:00+0000', 199.0, TRUE);
INSERT INTO invoices (id, subscription_id, issued_at, amount, paid) VALUES (6, 2, '2023-06-24 15:45:00+0000', 199.0, TRUE);
INSERT INTO invoices (id, subscription_id, issued_at, amount, paid) VALUES (7, 2, '2023-08-12 21:57:00+0000', 199.0, TRUE);
INSERT INTO invoices (id, subscription_id, issued_at, amount, paid) VALUES (8, 3, '2023-08-30 21:55:00+0000', 49.0, TRUE);
INSERT INTO invoices (id, subscription_id, issued_at, amount, paid) VALUES (9, 3, '2024-01-17 05:13:00+0000', 49.0, FALSE);
INSERT INTO invoices (id, subscription_id, issued_at, amount, paid) VALUES (10, 3, '2023-12-23 18:18:00+0000', 49.0, FALSE);
INSERT INTO invoices (id, subscription_id, issued_at, amount, paid) VALUES (11, 3, '2023-03-23 03:55:00+0000', 49.0, FALSE);
INSERT INTO invoices (id, subscription_id, issued_at, amount, paid) VALUES (12, 3, '2023-05-26 04:02:00+0000', 49.0, TRUE);
INSERT INTO invoices (id, subscription_id, issued_at, amount, paid) VALUES (13, 4, '2023-07-22 22:15:00+0000', 999.0, TRUE);
INSERT INTO invoices (id, subscription_id, issued_at, amount, paid) VALUES (14, 4, '2023-05-22 03:24:00+0000', 999.0, TRUE);
INSERT INTO invoices (id, subscription_id, issued_at, amount, paid) VALUES (15, 4, '2023-07-30 23:32:00+0000', 999.0, TRUE);
INSERT INTO invoices (id, subscription_id, issued_at, amount, paid) VALUES (16, 4, '2023-12-20 19:57:00+0000', 999.0, TRUE);
INSERT INTO invoices (id, subscription_id, issued_at, amount, paid) VALUES (17, 4, '2023-05-23 20:38:00+0000', 999.0, TRUE);
INSERT INTO invoices (id, subscription_id, issued_at, amount, paid) VALUES (18, 5, '2023-11-23 15:26:00+0000', 0.0, TRUE);
INSERT INTO invoices (id, subscription_id, issued_at, amount, paid) VALUES (19, 6, '2023-01-08 20:18:00+0000', 999.0, TRUE);
INSERT INTO invoices (id, subscription_id, issued_at, amount, paid) VALUES (20, 6, '2023-01-30 17:14:00+0000', 999.0, TRUE);
INSERT INTO invoices (id, subscription_id, issued_at, amount, paid) VALUES (21, 6, '2023-10-23 10:59:00+0000', 999.0, TRUE);
INSERT INTO invoices (id, subscription_id, issued_at, amount, paid) VALUES (22, 6, '2023-04-28 15:25:00+0000', 999.0, TRUE);
INSERT INTO invoices (id, subscription_id, issued_at, amount, paid) VALUES (23, 7, '2023-01-25 17:49:00+0000', 49.0, TRUE);
INSERT INTO invoices (id, subscription_id, issued_at, amount, paid) VALUES (24, 7, '2023-09-09 02:43:00+0000', 49.0, TRUE);
INSERT INTO invoices (id, subscription_id, issued_at, amount, paid) VALUES (25, 7, '2023-08-28 22:22:00+0000', 49.0, TRUE);
INSERT INTO invoices (id, subscription_id, issued_at, amount, paid) VALUES (26, 7, '2023-01-04 23:19:00+0000', 49.0, TRUE);
INSERT INTO invoices (id, subscription_id, issued_at, amount, paid) VALUES (27, 7, '2023-08-31 18:12:00+0000', 49.0, TRUE);
INSERT INTO invoices (id, subscription_id, issued_at, amount, paid) VALUES (28, 8, '2023-08-03 08:03:00+0000', 199.0, FALSE);
INSERT INTO invoices (id, subscription_id, issued_at, amount, paid) VALUES (29, 8, '2023-10-01 07:42:00+0000', 199.0, TRUE);
INSERT INTO invoices (id, subscription_id, issued_at, amount, paid) VALUES (30, 9, '2023-07-18 18:51:00+0000', 0.0, TRUE);
INSERT INTO invoices (id, subscription_id, issued_at, amount, paid) VALUES (31, 9, '2023-02-19 14:41:00+0000', 0.0, TRUE);
INSERT INTO invoices (id, subscription_id, issued_at, amount, paid) VALUES (32, 9, '2023-12-06 23:22:00+0000', 0.0, FALSE);
INSERT INTO invoices (id, subscription_id, issued_at, amount, paid) VALUES (33, 10, '2023-04-19 09:57:00+0000', 49.0, TRUE);
INSERT INTO invoices (id, subscription_id, issued_at, amount, paid) VALUES (34, 11, '2023-07-25 06:50:00+0000', 199.0, FALSE);
INSERT INTO invoices (id, subscription_id, issued_at, amount, paid) VALUES (35, 11, '2023-04-04 19:10:00+0000', 199.0, TRUE);
INSERT INTO invoices (id, subscription_id, issued_at, amount, paid) VALUES (36, 12, '2023-08-19 09:54:00+0000', 0.0, TRUE);
INSERT INTO invoices (id, subscription_id, issued_at, amount, paid) VALUES (37, 12, '2023-01-29 20:10:00+0000', 0.0, TRUE);
INSERT INTO invoices (id, subscription_id, issued_at, amount, paid) VALUES (38, 12, '2023-09-30 14:28:00+0000', 0.0, TRUE);
INSERT INTO invoices (id, subscription_id, issued_at, amount, paid) VALUES (39, 12, '2023-01-09 02:20:00+0000', 0.0, TRUE);
INSERT INTO invoices (id, subscription_id, issued_at, amount, paid) VALUES (40, 12, '2023-11-22 17:02:00+0000', 0.0, TRUE);
INSERT INTO invoices (id, subscription_id, issued_at, amount, paid) VALUES (41, 12, '2023-04-01 14:49:00+0000', 0.0, TRUE);
INSERT INTO invoices (id, subscription_id, issued_at, amount, paid) VALUES (42, 13, '2023-12-12 06:22:00+0000', 999.0, TRUE);
INSERT INTO invoices (id, subscription_id, issued_at, amount, paid) VALUES (43, 13, '2023-04-09 10:57:00+0000', 999.0, TRUE);
INSERT INTO invoices (id, subscription_id, issued_at, amount, paid) VALUES (44, 13, '2023-02-11 07:26:00+0000', 999.0, TRUE);
INSERT INTO invoices (id, subscription_id, issued_at, amount, paid) VALUES (45, 13, '2023-01-27 21:21:00+0000', 999.0, TRUE);
INSERT INTO invoices (id, subscription_id, issued_at, amount, paid) VALUES (46, 13, '2023-06-18 04:17:00+0000', 999.0, TRUE);
INSERT INTO invoices (id, subscription_id, issued_at, amount, paid) VALUES (47, 14, '2023-09-17 04:55:00+0000', 199.0, TRUE);
INSERT INTO invoices (id, subscription_id, issued_at, amount, paid) VALUES (48, 14, '2023-11-16 00:01:00+0000', 199.0, FALSE);
INSERT INTO invoices (id, subscription_id, issued_at, amount, paid) VALUES (49, 15, '2023-01-18 02:55:00+0000', 0.0, FALSE);
INSERT INTO invoices (id, subscription_id, issued_at, amount, paid) VALUES (50, 15, '2023-05-15 23:07:00+0000', 0.0, TRUE);
INSERT INTO invoices (id, subscription_id, issued_at, amount, paid) VALUES (51, 16, '2023-11-24 19:29:00+0000', 199.0, FALSE);
INSERT INTO invoices (id, subscription_id, issued_at, amount, paid) VALUES (52, 16, '2023-06-05 10:06:00+0000', 199.0, TRUE);
INSERT INTO invoices (id, subscription_id, issued_at, amount, paid) VALUES (53, 16, '2023-03-23 19:10:00+0000', 199.0, TRUE);
INSERT INTO invoices (id, subscription_id, issued_at, amount, paid) VALUES (54, 16, '2023-06-17 18:15:00+0000', 199.0, FALSE);
INSERT INTO invoices (id, subscription_id, issued_at, amount, paid) VALUES (55, 16, '2024-02-01 09:31:00+0000', 199.0, TRUE);
INSERT INTO invoices (id, subscription_id, issued_at, amount, paid) VALUES (56, 16, '2023-03-04 03:29:00+0000', 199.0, FALSE);
INSERT INTO invoices (id, subscription_id, issued_at, amount, paid) VALUES (57, 17, '2023-09-04 10:11:00+0000', 0.0, TRUE);
INSERT INTO invoices (id, subscription_id, issued_at, amount, paid) VALUES (58, 17, '2023-11-29 00:29:00+0000', 0.0, TRUE);
INSERT INTO invoices (id, subscription_id, issued_at, amount, paid) VALUES (59, 17, '2023-07-02 04:54:00+0000', 0.0, TRUE);
INSERT INTO invoices (id, subscription_id, issued_at, amount, paid) VALUES (60, 17, '2023-04-05 18:04:00+0000', 0.0, TRUE);
INSERT INTO invoices (id, subscription_id, issued_at, amount, paid) VALUES (61, 17, '2023-08-17 15:37:00+0000', 0.0, TRUE);
INSERT INTO invoices (id, subscription_id, issued_at, amount, paid) VALUES (62, 18, '2023-04-18 09:38:00+0000', 199.0, TRUE);
INSERT INTO invoices (id, subscription_id, issued_at, amount, paid) VALUES (63, 18, '2023-09-01 00:23:00+0000', 199.0, TRUE);
INSERT INTO invoices (id, subscription_id, issued_at, amount, paid) VALUES (64, 18, '2023-10-21 04:32:00+0000', 199.0, TRUE);
INSERT INTO invoices (id, subscription_id, issued_at, amount, paid) VALUES (65, 18, '2023-05-02 16:04:00+0000', 199.0, TRUE);
INSERT INTO invoices (id, subscription_id, issued_at, amount, paid) VALUES (66, 19, '2023-04-02 20:18:00+0000', 199.0, TRUE);
INSERT INTO invoices (id, subscription_id, issued_at, amount, paid) VALUES (67, 19, '2024-01-18 17:46:00+0000', 199.0, TRUE);
INSERT INTO invoices (id, subscription_id, issued_at, amount, paid) VALUES (68, 19, '2023-03-05 17:22:00+0000', 199.0, TRUE);
INSERT INTO invoices (id, subscription_id, issued_at, amount, paid) VALUES (69, 20, '2023-07-12 12:07:00+0000', 49.0, TRUE);
INSERT INTO invoices (id, subscription_id, issued_at, amount, paid) VALUES (70, 20, '2023-04-04 07:56:00+0000', 49.0, FALSE);
INSERT INTO invoices (id, subscription_id, issued_at, amount, paid) VALUES (71, 20, '2023-12-30 17:09:00+0000', 49.0, TRUE);
INSERT INTO invoices (id, subscription_id, issued_at, amount, paid) VALUES (72, 20, '2023-11-28 10:06:00+0000', 49.0, TRUE);
INSERT INTO invoices (id, subscription_id, issued_at, amount, paid) VALUES (73, 21, '2023-10-30 08:53:00+0000', 49.0, FALSE);
INSERT INTO invoices (id, subscription_id, issued_at, amount, paid) VALUES (74, 21, '2023-03-04 07:11:00+0000', 49.0, TRUE);
INSERT INTO invoices (id, subscription_id, issued_at, amount, paid) VALUES (75, 21, '2023-08-02 22:43:00+0000', 49.0, FALSE);
INSERT INTO invoices (id, subscription_id, issued_at, amount, paid) VALUES (76, 21, '2023-02-21 11:31:00+0000', 49.0, TRUE);
INSERT INTO invoices (id, subscription_id, issued_at, amount, paid) VALUES (77, 22, '2023-04-28 17:17:00+0000', 199.0, TRUE);
INSERT INTO invoices (id, subscription_id, issued_at, amount, paid) VALUES (78, 22, '2024-01-04 22:51:00+0000', 199.0, TRUE);
INSERT INTO invoices (id, subscription_id, issued_at, amount, paid) VALUES (79, 22, '2023-08-20 14:38:00+0000', 199.0, FALSE);
INSERT INTO invoices (id, subscription_id, issued_at, amount, paid) VALUES (80, 22, '2023-12-15 15:20:00+0000', 199.0, FALSE);
INSERT INTO invoices (id, subscription_id, issued_at, amount, paid) VALUES (81, 22, '2023-03-14 20:25:00+0000', 199.0, TRUE);
INSERT INTO invoices (id, subscription_id, issued_at, amount, paid) VALUES (82, 23, '2024-01-18 11:13:00+0000', 999.0, TRUE);
INSERT INTO invoices (id, subscription_id, issued_at, amount, paid) VALUES (83, 23, '2023-08-19 08:52:00+0000', 999.0, FALSE);
INSERT INTO invoices (id, subscription_id, issued_at, amount, paid) VALUES (84, 23, '2023-04-27 03:16:00+0000', 999.0, FALSE);
INSERT INTO invoices (id, subscription_id, issued_at, amount, paid) VALUES (85, 24, '2023-01-11 06:43:00+0000', 49.0, TRUE);
INSERT INTO invoices (id, subscription_id, issued_at, amount, paid) VALUES (86, 25, '2023-07-16 10:24:00+0000', 999.0, FALSE);
INSERT INTO invoices (id, subscription_id, issued_at, amount, paid) VALUES (87, 25, '2023-10-31 05:11:00+0000', 999.0, FALSE);
INSERT INTO invoices (id, subscription_id, issued_at, amount, paid) VALUES (88, 25, '2023-06-05 10:02:00+0000', 999.0, TRUE);
INSERT INTO invoices (id, subscription_id, issued_at, amount, paid) VALUES (89, 25, '2023-10-23 11:19:00+0000', 999.0, FALSE);
INSERT INTO invoices (id, subscription_id, issued_at, amount, paid) VALUES (90, 25, '2023-06-16 13:21:00+0000', 999.0, FALSE);
INSERT INTO invoices (id, subscription_id, issued_at, amount, paid) VALUES (91, 26, '2023-03-30 05:20:00+0000', 199.0, FALSE);
INSERT INTO invoices (id, subscription_id, issued_at, amount, paid) VALUES (92, 26, '2023-10-23 09:24:00+0000', 199.0, TRUE);
INSERT INTO invoices (id, subscription_id, issued_at, amount, paid) VALUES (93, 26, '2023-11-14 23:03:00+0000', 199.0, FALSE);
INSERT INTO invoices (id, subscription_id, issued_at, amount, paid) VALUES (94, 27, '2023-11-16 01:46:00+0000', 999.0, TRUE);
INSERT INTO invoices (id, subscription_id, issued_at, amount, paid) VALUES (95, 27, '2023-05-20 10:45:00+0000', 999.0, TRUE);
INSERT INTO invoices (id, subscription_id, issued_at, amount, paid) VALUES (96, 27, '2023-11-28 06:11:00+0000', 999.0, TRUE);
INSERT INTO invoices (id, subscription_id, issued_at, amount, paid) VALUES (97, 28, '2024-01-28 03:09:00+0000', 49.0, TRUE);
INSERT INTO invoices (id, subscription_id, issued_at, amount, paid) VALUES (98, 28, '2023-01-15 11:40:00+0000', 49.0, FALSE);
INSERT INTO invoices (id, subscription_id, issued_at, amount, paid) VALUES (99, 28, '2023-10-20 14:55:00+0000', 49.0, TRUE);
INSERT INTO invoices (id, subscription_id, issued_at, amount, paid) VALUES (100, 28, '2023-09-08 13:55:00+0000', 49.0, TRUE);
INSERT INTO invoices (id, subscription_id, issued_at, amount, paid) VALUES (101, 29, '2023-11-01 12:33:00+0000', 0.0, TRUE);
INSERT INTO invoices (id, subscription_id, issued_at, amount, paid) VALUES (102, 30, '2023-08-17 06:20:00+0000', 199.0, TRUE);
INSERT INTO invoices (id, subscription_id, issued_at, amount, paid) VALUES (103, 30, '2023-04-05 14:19:00+0000', 199.0, TRUE);
INSERT INTO invoices (id, subscription_id, issued_at, amount, paid) VALUES (104, 30, '2023-05-15 09:53:00+0000', 199.0, TRUE);
INSERT INTO invoices (id, subscription_id, issued_at, amount, paid) VALUES (105, 30, '2023-04-22 21:08:00+0000', 199.0, TRUE);
INSERT INTO invoices (id, subscription_id, issued_at, amount, paid) VALUES (106, 31, '2023-11-24 15:22:00+0000', 199.0, FALSE);
INSERT INTO invoices (id, subscription_id, issued_at, amount, paid) VALUES (107, 31, '2023-07-27 08:16:00+0000', 199.0, TRUE);
INSERT INTO invoices (id, subscription_id, issued_at, amount, paid) VALUES (108, 31, '2023-08-15 22:45:00+0000', 199.0, TRUE);
INSERT INTO invoices (id, subscription_id, issued_at, amount, paid) VALUES (109, 31, '2023-07-04 03:34:00+0000', 199.0, TRUE);
INSERT INTO invoices (id, subscription_id, issued_at, amount, paid) VALUES (110, 32, '2023-04-25 05:54:00+0000', 49.0, TRUE);
INSERT INTO invoices (id, subscription_id, issued_at, amount, paid) VALUES (111, 32, '2023-03-18 07:34:00+0000', 49.0, FALSE);
INSERT INTO invoices (id, subscription_id, issued_at, amount, paid) VALUES (112, 32, '2023-04-29 19:47:00+0000', 49.0, TRUE);
INSERT INTO invoices (id, subscription_id, issued_at, amount, paid) VALUES (113, 33, '2023-06-07 10:01:00+0000', 0.0, FALSE);
INSERT INTO invoices (id, subscription_id, issued_at, amount, paid) VALUES (114, 34, '2023-12-17 13:51:00+0000', 0.0, TRUE);
INSERT INTO invoices (id, subscription_id, issued_at, amount, paid) VALUES (115, 34, '2023-07-26 21:09:00+0000', 0.0, TRUE);
INSERT INTO invoices (id, subscription_id, issued_at, amount, paid) VALUES (116, 35, '2023-05-12 03:16:00+0000', 49.0, TRUE);
INSERT INTO invoices (id, subscription_id, issued_at, amount, paid) VALUES (117, 35, '2023-11-20 02:13:00+0000', 49.0, TRUE);
INSERT INTO invoices (id, subscription_id, issued_at, amount, paid) VALUES (118, 35, '2024-01-05 22:04:00+0000', 49.0, TRUE);
INSERT INTO invoices (id, subscription_id, issued_at, amount, paid) VALUES (119, 35, '2024-01-23 14:45:00+0000', 49.0, TRUE);
INSERT INTO invoices (id, subscription_id, issued_at, amount, paid) VALUES (120, 35, '2023-10-28 21:26:00+0000', 49.0, FALSE);
INSERT INTO invoices (id, subscription_id, issued_at, amount, paid) VALUES (121, 36, '2023-02-21 12:08:00+0000', 49.0, TRUE);
INSERT INTO invoices (id, subscription_id, issued_at, amount, paid) VALUES (122, 36, '2023-09-14 01:35:00+0000', 49.0, FALSE);
INSERT INTO invoices (id, subscription_id, issued_at, amount, paid) VALUES (123, 36, '2023-08-01 04:44:00+0000', 49.0, FALSE);
INSERT INTO invoices (id, subscription_id, issued_at, amount, paid) VALUES (124, 36, '2023-11-20 05:18:00+0000', 49.0, FALSE);
INSERT INTO invoices (id, subscription_id, issued_at, amount, paid) VALUES (125, 37, '2023-10-08 07:38:00+0000', 199.0, FALSE);
INSERT INTO invoices (id, subscription_id, issued_at, amount, paid) VALUES (126, 37, '2023-09-12 18:28:00+0000', 199.0, FALSE);
INSERT INTO invoices (id, subscription_id, issued_at, amount, paid) VALUES (127, 37, '2023-08-30 03:59:00+0000', 199.0, TRUE);
INSERT INTO invoices (id, subscription_id, issued_at, amount, paid) VALUES (128, 38, '2024-02-02 09:57:00+0000', 0.0, TRUE);
INSERT INTO invoices (id, subscription_id, issued_at, amount, paid) VALUES (129, 38, '2023-04-25 08:39:00+0000', 0.0, FALSE);
INSERT INTO invoices (id, subscription_id, issued_at, amount, paid) VALUES (130, 38, '2023-07-19 17:11:00+0000', 0.0, TRUE);
INSERT INTO invoices (id, subscription_id, issued_at, amount, paid) VALUES (131, 39, '2023-07-22 12:07:00+0000', 199.0, FALSE);
INSERT INTO invoices (id, subscription_id, issued_at, amount, paid) VALUES (132, 39, '2023-12-11 12:51:00+0000', 199.0, TRUE);
INSERT INTO invoices (id, subscription_id, issued_at, amount, paid) VALUES (133, 39, '2024-01-01 22:48:00+0000', 199.0, FALSE);
INSERT INTO invoices (id, subscription_id, issued_at, amount, paid) VALUES (134, 39, '2023-09-17 04:15:00+0000', 199.0, FALSE);
INSERT INTO invoices (id, subscription_id, issued_at, amount, paid) VALUES (135, 39, '2023-06-03 08:33:00+0000', 199.0, FALSE);
INSERT INTO invoices (id, subscription_id, issued_at, amount, paid) VALUES (136, 40, '2023-06-08 04:40:00+0000', 999.0, TRUE);
INSERT INTO invoices (id, subscription_id, issued_at, amount, paid) VALUES (137, 40, '2023-09-01 22:12:00+0000', 999.0, TRUE);
INSERT INTO invoices (id, subscription_id, issued_at, amount, paid) VALUES (138, 40, '2023-06-30 08:35:00+0000', 999.0, TRUE);
INSERT INTO invoices (id, subscription_id, issued_at, amount, paid) VALUES (139, 40, '2023-09-11 17:02:00+0000', 999.0, FALSE);
INSERT INTO invoices (id, subscription_id, issued_at, amount, paid) VALUES (140, 40, '2023-01-10 07:30:00+0000', 999.0, TRUE);
COMMIT;
