-- ecommerce seed data. Load after schema.sql.
BEGIN;
INSERT INTO customers (id, name, email, country, created_at) VALUES (1, 'Kai Mori', 'user1@example.com', 'DE', '2023-11-09 21:30:00+0000');
INSERT INTO customers (id, name, email, country, created_at) VALUES (2, 'Avery Garcia', 'user2@example.com', 'SE', '2023-03-24 00:36:00+0000');
INSERT INTO customers (id, name, email, country, created_at) VALUES (3, 'Harper Patel', 'user3@example.com', 'GB', '2023-02-17 09:31:00+0000');
INSERT INTO customers (id, name, email, country, created_at) VALUES (4, 'Morgan Nguyen', 'user4@example.com', 'NG', '2023-02-11 06:34:00+0000');
INSERT INTO customers (id, name, email, country, created_at) VALUES (5, 'Harper Haddad', 'user5@example.com', 'GB', '2023-02-09 03:57:00+0000');
INSERT INTO customers (id, name, email, country, created_at) VALUES (6, 'Noa Khan', 'user6@example.com', 'NG', '2023-09-02 05:37:00+0000');
INSERT INTO customers (id, name, email, country, created_at) VALUES (7, 'Noa Haddad', 'user7@example.com', 'BR', '2023-10-22 20:46:00+0000');
INSERT INTO customers (id, name, email, country, created_at) VALUES (8, 'Kai Haddad', 'user8@example.com', 'US', '2024-01-27 22:42:00+0000');
INSERT INTO customers (id, name, email, country, created_at) VALUES (9, 'Harper Haddad', 'user9@example.com', 'US', '2023-12-10 17:49:00+0000');
INSERT INTO customers (id, name, email, country, created_at) VALUES (10, 'Noa Larsson', 'user10@example.com', 'IN', '2023-01-21 09:43:00+0000');
INSERT INTO customers (id, name, email, country, created_at) VALUES (11, 'Rowan Silva', 'user11@example.com', 'JP', '2023-05-17 12:23:00+0000');
INSERT INTO customers (id, name, email, country, created_at) VALUES (12, 'Riley Khan', 'user12@example.com', 'US', '2023-06-22 15:12:00+0000');
INSERT INTO customers (id, name, email, country, created_at) VALUES (13, 'Quinn Larsson', 'user13@example.com', 'BR', '2023-03-07 18:58:00+0000');
INSERT INTO customers (id, name, email, country, created_at) VALUES (14, 'Casey Mori', 'user14@example.com', 'SE', '2023-03-07 06:17:00+0000');
INSERT INTO customers (id, name, email, country, created_at) VALUES (15, 'Morgan Khan', 'user15@example.com', 'NG', '2023-05-02 16:28:00+0000');
INSERT INTO customers (id, name, email, country, created_at) VALUES (16, 'Kai Garcia', 'user16@example.com', 'IN', '2023-08-11 19:12:00+0000');
INSERT INTO customers (id, name, email, country, created_at) VALUES (17, 'Avery Patel', 'user17@example.com', 'IN', '2023-04-14 02:31:00+0000');
INSERT INTO customers (id, name, email, country, created_at) VALUES (18, 'Avery Patel', 'user18@example.com', 'DE', '2023-03-05 17:07:00+0000');
INSERT INTO customers (id, name, email, country, created_at) VALUES (19, 'Sasha Silva', 'user19@example.com', 'SE', '2023-07-27 06:54:00+0000');
INSERT INTO customers (id, name, email, country, created_at) VALUES (20, 'Riley Nguyen', 'user20@example.com', 'NG', '2023-05-13 04:24:00+0000');
INSERT INTO customers (id, name, email, country, created_at) VALUES (21, 'Quinn Rossi', 'user21@example.com', 'NG', '2023-09-12 19:52:00+0000');
INSERT INTO customers (id, name, email, country, created_at) VALUES (22, 'Quinn Smith', 'user22@example.com', 'IN', '2023-01-31 06:35:00+0000');
INSERT INTO customers (id, name, email, country, created_at) VALUES (23, 'Noa Larsson', 'user23@example.com', 'IN', '2023-04-22 04:22:00+0000');
INSERT INTO customers (id, name, email, country, created_at) VALUES (24, 'Sasha Patel', 'user24@example.com', 'US', '2023-05-02 12:30:00+0000');
INSERT INTO customers (id, name, email, country, created_at) VALUES (25, 'Harper Silva', 'user25@example.com', 'DE', '2023-01-13 21:35:00+0000');
INSERT INTO customers (id, name, email, country, created_at) VALUES (26, 'Harper Garcia', 'user26@example.com', 'IN', '2024-02-05 07:04:00+0000');
INSERT INTO customers (id, name, email, country, created_at) VALUES (27, 'Riley Nguyen', 'user27@example.com', 'BR', '2023-10-11 11:27:00+0000');
INSERT INTO customers (id, name, email, country, created_at) VALUES (28, 'Casey Haddad', 'user28@example.com', 'GB', '2023-05-12 06:53:00+0000');
INSERT INTO customers (id, name, email, country, created_at) VALUES (29, 'Morgan Silva', 'user29@example.com', 'GB', '2023-10-27 01:56:00+0000');
INSERT INTO customers (id, name, email, country, created_at) VALUES (30, 'Rowan Mori', 'user30@example.com', 'DE', '2023-05-04 15:49:00+0000');
INSERT INTO customers (id, name, email, country, created_at) VALUES (31, 'Kai Garcia', 'user31@example.com', 'JP', '2023-06-10 14:14:00+0000');
INSERT INTO customers (id, name, email, country, created_at) VALUES (32, 'Avery Silva', 'user32@example.com', 'US', '2023-05-09 11:58:00+0000');
INSERT INTO customers (id, name, email, country, created_at) VALUES (33, 'Jordan Haddad', 'user33@example.com', 'BR', '2023-08-18 08:13:00+0000');
INSERT INTO customers (id, name, email, country, created_at) VALUES (34, 'Jordan Rossi', 'user34@example.com', 'US', '2023-06-07 16:47:00+0000');
INSERT INTO customers (id, name, email, country, created_at) VALUES (35, 'Devin Larsson', 'user35@example.com', 'JP', '2023-07-15 09:02:00+0000');
INSERT INTO customers (id, name, email, country, created_at) VALUES (36, 'Rowan Khan', 'user36@example.com', 'JP', '2023-03-28 06:09:00+0000');
INSERT INTO customers (id, name, email, country, created_at) VALUES (37, 'Rowan Garcia', 'user37@example.com', 'JP', '2023-05-16 21:10:00+0000');
INSERT INTO customers (id, name, email, country, created_at) VALUES (38, 'Quinn Cohen', 'user38@example.com', 'NG', '2023-05-22 23:02:00+0000');
INSERT INTO customers (id, name, email, country, created_at) VALUES (39, 'Noa Cohen', 'user39@example.com', 'SE', '2023-01-27 11:00:00+0000');
INSERT INTO customers (id, name, email, country, created_at) VALUES (40, 'Kai Mori', 'user40@example.com', 'SE', '2023-01-25 03:41:00+0000');
INSERT INTO customers (id, name, email, country, created_at) VALUES (41, 'Harper Patel', 'user41@example.com', 'NG', '2023-02-18 05:43:00+0000');
INSERT INTO customers (id, name, email, country, created_at) VALUES (42, 'Casey Smith', 'user42@example.com', 'IN', '2023-07-06 23:23:00+0000');
INSERT INTO customers (id, name, email, country, created_at) VALUES (43, 'Rowan Smith', 'user43@example.com', 'IN', '2023-11-01 13:37:00+0000');
INSERT INTO customers (id, name, email, country, created_at) VALUES (44, 'Rowan Khan', 'user44@example.com', 'IN', '2023-10-06 16:47:00+0000');
INSERT INTO customers (id, name, email, country, created_at) VALUES (45, 'Rowan Patel', 'user45@example.com', 'JP', '2023-12-16 12:05:00+0000');
INSERT INTO customers (id, name, email, country, created_at) VALUES (46, 'Riley Okafor', 'user46@example.com', 'GB', '2023-06-30 02:20:00+0000');
INSERT INTO customers (id, name, email, country, created_at) VALUES (47, 'Casey Khan', 'user47@example.com', 'BR', '2023-11-20 07:33:00+0000');
INSERT INTO customers (id, name, email, country, created_at) VALUES (48, 'Riley Garcia', 'user48@example.com', 'DE', '2023-12-14 23:05:00+0000');
INSERT INTO customers (id, name, email, country, created_at) VALUES (49, 'Devin Rossi', 'user49@example.com', 'IN', '2024-01-12 09:41:00+0000');
INSERT INTO customers (id, name, email, country, created_at) VALUES (50, 'Jordan Silva', 'user50@example.com', 'DE', '2023-09-02 05:25:00+0000');
INSERT INTO products (id, sku, name, category, price, in_stock) VALUES (1, 'SKU-00001', 'Compact Gadget', 'Books', 8.97, TRUE);
INSERT INTO products (id, sku, name, category, price, in_stock) VALUES (2, 'SKU-00002', 'Ultra Charger', 'Toys', 335.22, TRUE);
INSERT INTO products (id, sku, name, category, price, in_stock) VALUES (3, 'SKU-00003', 'Ultra Widget', 'Toys', 176.07, FALSE);
INSERT INTO products (id, sku, name, category, price, in_stock) VALUES (4, 'SKU-00004', 'Deluxe Mug', 'Electronics', 357.45, TRUE);
INSERT INTO products (id, sku, name, category, price, in_stock) VALUES (5, 'SKU-00005', 'Deluxe Charger', 'Toys', 377.08, TRUE);
INSERT INTO products (id, sku, name, category, price, in_stock) VALUES (6, 'SKU-00006', 'Pro Bottle', 'Apparel', 261.08, TRUE);
INSERT INTO products (id, sku, name, category, price, in_stock) VALUES (7, 'SKU-00007', 'Eco Mug', 'Toys', 72.99, TRUE);
INSERT INTO products (id, sku, name, category, price, in_stock) VALUES (8, 'SKU-00008', 'Pro Bottle', 'Home', 138.47, TRUE);
INSERT INTO products (id, sku, name, category, price, in_stock) VALUES (9, 'SKU-00009', 'Mini Mug', 'Books', 32.03, TRUE);
INSERT INTO products (id, sku, name, category, price, in_stock) VALUES (10, 'SKU-00010', 'Mini Widget', 'Home', 232.18, FALSE);
INSERT INTO products (id, sku, name, category, price, in_stock) VALUES (11, 'SKU-00011', 'Ultra Widget', 'Grocery', 261.5, TRUE);
INSERT INTO products (id, sku, name, category, price, in_stock) VALUES (12, 'SKU-00012', 'Eco Widget', 'Toys', 460.36, FALSE);
INSERT INTO products (id, sku, name, category, price, in_stock) VALUES (13, 'SKU-00013', 'Compact Widget', 'Home', 446.67, TRUE);
INSERT INTO products (id, sku, name, category, price, in_stock) VALUES (14, 'SKU-00014', 'Compact Bottle', 'Grocery', 86.19, FALSE);
INSERT INTO products (id, sku, name, category, price, in_stock) VALUES (15, 'SKU-00015', 'Ultra Charger', 'Apparel', 438.12, FALSE);
INSERT INTO products (id, sku, name, category, price, in_stock) VALUES (16, 'SKU-00016', 'Ultra Charger', 'Home', 49.09, TRUE);
INSERT INTO products (id, sku, name, category, price, in_stock) VALUES (17, 'SKU-00017', 'Deluxe Gadget', 'Grocery', 78.09, TRUE);
INSERT INTO products (id, sku, name, category, price, in_stock) VALUES (18, 'SKU-00018', 'Eco Charger', 'Toys', 179.41, TRUE);
INSERT INTO products (id, sku, name, category, price, in_stock) VALUES (19, 'SKU-00019', 'Ultra Gadget', 'Toys', 353.4, TRUE);
INSERT INTO products (id, sku, name, category, price, in_stock) VALUES (20, 'SKU-00020', 'Mini Bottle', 'Toys', 301.26, TRUE);
INSERT INTO products (id, sku, name, category, price, in_stock) VALUES (21, 'SKU-00021', 'Mini Lamp', 'Toys', 421.77, TRUE);
INSERT INTO products (id, sku, name, category, price, in_stock) VALUES (22, 'SKU-00022', 'Ultra Charger', 'Electronics', 194.64, TRUE);
INSERT INTO products (id, sku, name, category, price, in_stock) VALUES (23, 'SKU-00023', 'Deluxe Lamp', 'Toys', 162.35, TRUE);
INSERT INTO products (id, sku, name, category, price, in_stock) VALUES (24, 'SKU-00024', 'Pro Charger', 'Toys', 327.92, TRUE);
INSERT INTO products (id, sku, name, category, price, in_stock) VALUES (25, 'SKU-00025', 'Compact Lamp', 'Electronics', 232.22, TRUE);
INSERT INTO products (id, sku, name, category, price, in_stock) VALUES (26, 'SKU-00026', 'Eco Gadget', 'Home', 357.03, TRUE);
INSERT INTO products (id, sku, name, category, price, in_stock) VALUES (27, 'SKU-00027', 'Mini Lamp', 'Toys', 364.49, TRUE);
INSERT INTO products (id, sku, name, category, price, in_stock) VALUES (28, 'SKU-00028', 'Deluxe Gadget', 'Toys', 414.03, TRUE);
INSERT INTO products (id, sku, name, category, price, in_stock) VALUES (29, 'SKU-00029', 'Compact Bottle', 'Grocery', 169.8, FALSE);
INSERT INTO products (id, sku, name, category, price, in_stock) VALUES (30, 'SKU-00030', 'Compact Widget', 'Grocery', 200.92, TRUE);
INSERT INTO orders (id, customer_id, status, order_date, total) VALUES (1, 30, 'SHIPPED', '2023-03-16 06:05:00+0000', 3011.72);
INSERT INTO orders (id, customer_id, status, order_date, total) VALUES (2, 13, 'SHIPPED', '2023-05-09 22:46:00+0000', 1923.49);
INSERT INTO orders (id, customer_id, status, order_date, total) VALUES (3, 42, 'CANCELLED', '2023-04-14 21:39:00+0000', 1514.03);
INSERT INTO orders (id, customer_id, status, order_date, total) VALUES (4, 27, 'CANCELLED', '2023-07-18 05:38:00+0000', 26.91);
INSERT INTO orders (id, customer_id, status, order_date, total) VALUES (5, 50, 'PAID', '2024-01-12 00:23:00+0000', 406.12);
INSERT INTO orders (id, customer_id, status, order_date, total) VALUES (6, 6, 'CANCELLED', '2023-03-13 18:30:00+0000', 2592.03);
INSERT INTO orders (id, customer_id, status, order_date, total) VALUES (7, 38, 'PENDING', '2023-02-23 02:30:00+0000', 3439.56);
INSERT INTO orders (id, customer_id, status, order_date, total) VALUES (8, 30, 'PAID', '2023-07-20 10:16:00+0000', 3604.22);
INSERT INTO orders (id, customer_id, status, order_date, total) VALUES (9, 26, 'PENDING', '2023-08-23 16:18:00+0000', 3270.76);
INSERT INTO orders (id, customer_id, status, order_date, total) VALUES (10, 23, 'PENDING', '2023-12-14 02:57:00+0000', 1502.41);
INSERT INTO orders (id, customer_id, status, order_date, total) VALUES (11, 18, 'CANCELLED', '2023-01-10 20:10:00+0000', 2430.18);
INSERT INTO orders (id, customer_id, status, order_date, total) VALUES (12, 43, 'PAID', '2023-12-13 03:47:00+0000', 3103.21);
INSERT INTO orders (id, customer_id, status, order_date, total) VALUES (13, 15, 'CANCELLED', '2023-11-02 16:40:00+0000', 1158.16);
INSERT INTO orders (id, customer_id, status, order_date, total) VALUES (14, 36, 'PENDING', '2023-08-30 06:32:00+0000', 4687.27);
INSERT INTO orders (id, customer_id, status, order_date, total) VALUES (15, 7, 'CANCELLED', '2023-03-26 11:50:00+0000', 261.5);
INSERT INTO orders (id, customer_id, status, order_date, total) VALUES (16, 17, 'PENDING', '2023-06-14 14:14:00+0000', 1145.08);
INSERT INTO orders (id, customer_id, status, order_date, total) VALUES (17, 50, 'CANCELLED', '2023-08-31 14:38:00+0000', 649.4);
INSERT INTO orders (id, customer_id, status, order_date, total) VALUES (18, 47, 'SHIPPED', '2023-07-14 10:48:00+0000', 3832.15);
INSERT INTO orders (id, customer_id, status, order_date, total) VALUES (19, 18, 'CANCELLED', '2023-05-24 03:39:00+0000', 1863.82);
INSERT INTO orders (id, customer_id, status, order_date, total) VALUES (20, 10, 'PAID', '2023-11-18 06:25:00+0000', 2684.31);
INSERT INTO orders (id, customer_id, status, order_date, total) VALUES (21, 44, 'CANCELLED', '2023-06-26 05:22:00+0000', 1592.15);
INSERT INTO orders (id, customer_id, status, order_date, total) VALUES (22, 18, 'PAID', '2023-01-04 10:52:00+0000', 1131.24);
INSERT INTO orders (id, customer_id, status, order_date, total) VALUES (23, 38, 'CANCELLED', '2023-08-25 18:13:00+0000', 756.67);
INSERT INTO orders (id, customer_id, status, order_date, total) VALUES (24, 45, 'CANCELLED', '2023-05-07 18:19:00+0000', 1012.84);
INSERT INTO orders (id, customer_id, status, order_date, total) VALUES (25, 39, 'PAID', '2024-01-03 22:25:00+0000', 1312.79);
INSERT INTO orders (id, customer_id, status, order_date, total) VALUES (26, 27, 'CANCELLED', '2023-05-26 20:05:00+0000', 2584.81);
INSERT INTO orders (id, customer_id, status, order_date, total) VALUES (27, 7, 'PENDING', '2023-12-24 16:47:00+0000', 1658.8);
INSERT INTO orders (id, customer_id, status, order_date, total) VALUES (28, 7, 'PAID', '2023-01-30 01:46:00+0000', 2605.19);
INSERT INTO orders (id, customer_id, status, order_date, total) VALUES (29, 28, 'SHIPPED', '2023-08-08 22:05:00+0000', 1621.91);
INSERT INTO orders (id, customer_id, status, order_date, total) VALUES (30, 40, 'SHIPPED', '2023-06-15 10:40:00+0000', 4238.54);
INSERT INTO orders (id, customer_id, status, order_date, total) VALUES (31, 18, 'PAID', '2023-05-13 14:07:00+0000', 706.8);
INSERT INTO orders (id, customer_id, status, order_date, total) VALUES (32, 12, 'PENDING', '2023-08-16 00:25:00+0000', 2408.05);
INSERT INTO orders (id, customer_id, status, order_date, total) VALUES (33, 50, 'CANCELLED', '2023-11-16 11:20:00+0000', 2239.17);
INSERT INTO orders (id, customer_id, status, order_date, total) VALUES (34, 8, 'CANCELLED', '2023-12-26 16:10:00+0000', 2179.27);
INSERT INTO orders (id, customer_id, status, order_date, total) VALUES (35, 37, 'PAID', '2023-09-08 17:49:00+0000', 1161.68);
INSERT INTO orders (id, customer_id, status, order_date, total) VALUES (36, 2, 'PENDING', '2023-10-19 13:14:00+0000', 2078.64);
INSERT INTO orders (id, customer_id, status, order_date, total) VALUES (37, 20, 'PENDING', '2023-07-31 12:23:00+0000', 1526.26);
INSERT INTO orders (id, customer_id, status, order_date, total) VALUES (38, 40, 'CANCELLED', '2024-02-01 04:55:00+0000', 3901.19);
INSERT INTO orders (id, customer_id, status, order_date, total) VALUES (39, 28, 'CANCELLED', '2023-02-03 06:09:00+0000', 1603.85);
INSERT INTO orders (id, customer_id, status, order_date, total) VALUES (40, 6, 'PAID', '2023-10-06 06:40:00+0000', 1051.21);
INSERT INTO orders (id, customer_id, status, order_date, total) VALUES (41, 5, 'CANCELLED', '2023-09-01 23:16:00+0000', 5517.44);
INSERT INTO orders (id, customer_id, status, order_date, total) VALUES (42, 46, 'CANCELLED', '2023-01-24 09:07:00+0000', 4590.26);
INSERT INTO orders (id, customer_id, status, order_date, total) VALUES (43, 24, 'PENDING', '2023-10-27 02:56:00+0000', 2226.1);
INSERT INTO orders (id, customer_id, status, order_date, total) VALUES (44, 32, 'SHIPPED', '2023-04-30 19:34:00+0000', 1862.79);
INSERT INTO orders (id, customer_id, status, order_date, total) VALUES (45, 27, 'PAID', '2023-10-02 14:09:00+0000', 1428.12);
INSERT INTO orders (id, customer_id, status, order_date, total) VALUES (46, 36, 'PENDING', '2023-05-30 05:19:00+0000', 1254.62);
INSERT INTO orders (id, customer_id, status, order_date, total) VALUES (47, 23, 'PAID', '2023-01-29 15:27:00+0000', 1376.0);
INSERT INTO orders (id, customer_id, status, order_date, total) VALUES (48, 28, 'CANCELLED', '2023-06-05 04:46:00+0000', 3873.12);
INSERT INTO orders (id, customer_id, status, order_date, total) VALUES (49, 6, 'CANCELLED', '2023-05-18 20:12:00+0000', 1601.85);
INSERT INTO orders (id, customer_id, status, order_date, total) VALUES (50, 43, 'CANCELLED', '2023-11-02 14:51:00+0000', 2709.33);
INSERT INTO orders (id, customer_id, status, order_date, total) VALUES (51, 33, 'CANCELLED', '2023-05-08 20:40:00+0000', 1608.42);
INSERT INTO orders (id, customer_id, status, order_date, total) VALUES (52, 10, 'SHIPPED', '2023-06-26 12:14:00+0000', 1242.09);
INSERT INTO orders (id, customer_id, status, order_date, total) VALUES (53, 4, 'CANCELLED', '2023-07-31 15:47:00+0000', 509.4);
INSERT INTO orders (id, customer_id, status, order_date, total) VALUES (54, 10, 'CANCELLED', '2023-02-16 00:06:00+0000', 1311.68);
INSERT INTO orders (id, customer_id, status, order_date, total) VALUES (55, 2, 'PAID', '2023-08-19 04:03:00+0000', 1835.88);
INSERT INTO orders (id, customer_id, status, order_date, total) VALUES (56, 43, 'CANCELLED', '2023-10-31 05:16:00+0000', 1661.83);
INSERT INTO orders (id, customer_id, status, order_date, total) VALUES (57, 49, 'PENDING', '2023-10-19 06:18:00+0000', 2073.75);
INSERT INTO orders (id, customer_id, status, order_date, total) VALUES (58, 14, 'PENDING', '2023-11-02 17:45:00+0000', 1999.07);
INSERT INTO orders (id, customer_id, status, order_date, total) VALUES (59, 8, 'PAID', '2024-01-19 17:44:00+0000', 1733.46);
INSERT INTO orders (id, customer_id, status, order_date, total) VALUES (60, 32, 'CANCELLED', '2023-08-13 17:39:00+0000', 864.73);
INSERT INTO orders (id, customer_id, status, order_date, total) VALUES (61, 15, 'SHIPPED', '2024-01-12 01:01:00+0000', 2062.13);
INSERT INTO orders (id, customer_id, status, order_date, total) VALUES (62, 27, 'PAID', '2023-08-15 18:36:00+0000', 545.82);
INSERT INTO orders (id, customer_id, status, order_date, total) VALUES (63, 50, 'CANCELLED', '2023-03-19 18:51:00+0000', 2272.59);
INSERT INTO orders (id, customer_id, status, order_date, total) VALUES (64, 45, 'PAID', '2023-10-07 23:52:00+0000', 477.54);
INSERT INTO orders (id, customer_id, status, order_date, total) VALUES (65, 50, 'SHIPPED', '2023-07-01 04:47:00+0000', 3483.44);
INSERT INTO orders (id, customer_id, status, order_date, total) VALUES (66, 25, 'PAID', '2023-04-17 11:41:00+0000', 2956.72);
INSERT INTO orders (id, customer_id, status, order_date, total) VALUES (67, 36, 'SHIPPED', '2023-01-26 05:06:00+0000', 1258.58);
INSERT INTO orders (id, customer_id, status, order_date, total) VALUES (68, 22, 'PENDING', '2023-01-02 14:02:00+0000', 1936.44);
INSERT INTO orders (id, customer_id, status, order_date, total) VALUES (69, 33, 'CANCELLED', '2023-05-04 07:05:00+0000', 2707.8);
INSERT INTO orders (id, customer_id, status, order_date, total) VALUES (70, 15, 'PENDING', '2023-04-29 08:27:00+0000', 4445.88);
INSERT INTO orders (id, customer_id, status, order_date, total) VALUES (71, 14, 'SHIPPED', '2023-10-10 15:41:00+0000', 327.92);
INSERT INTO orders (id, customer_id, status, order_date, total) VALUES (72, 20, 'SHIPPED', '2024-01-08 20:07:00+0000', 1153.18);
INSERT INTO orders (id, customer_id, status, order_date, total) VALUES (73, 22, 'PAID', '2023-11-09 12:17:00+0000', 2154.02);
INSERT INTO orders (id, customer_id, status, order_date, total) VALUES (74, 6, 'PAID', '2023-06-08 07:17:00+0000', 291.96);
INSERT INTO orders (id, customer_id, status, order_date, total) VALUES (75, 40, 'CANCELLED', '2023-05-26 23:55:00+0000', 1792.25);
INSERT INTO orders (id, customer_id, status, order_date, total) VALUES (76, 39, 'CANCELLED', '2023-11-28 01:04:00+0000', 86.19);
INSERT INTO orders (id, customer_id, status, order_date, total) VALUES (77, 30, 'SHIPPED', '2023-11-07 11:49:00+0000', 3540.58);
INSERT INTO orders (id, customer_id, status, order_date, total) VALUES (78, 10, 'PAID', '2023-10-01 08:27:00+0000', 1656.12);
INSERT INTO orders (id, customer_id, status, order_date, total) VALUES (79, 50, 'PAID', '2023-04-13 18:31:00+0000', 1103.77);
INSERT INTO orders (id, customer_id, status, order_date, total) VALUES (80, 47, 'SHIPPED', '2023-12-22 03:45:00+0000', 2502.79);
INSERT INTO orders (id, customer_id, status, order_date, total) VALUES (81, 18, 'CANCELLED', '2023-10-25 03:13:00+0000', 2030.24);
INSERT INTO orders (id, customer_id, status, order_date, total) VALUES (82, 13, 'PENDING', '2023-01-29 14:42:00+0000', 778.56);
INSERT INTO orders (id, customer_id, status, order_date, total) VALUES (83, 7, 'CANCELLED', '2023-10-17 03:43:00+0000', 509.16);
INSERT INTO orders (id, customer_id, status, order_date, total) VALUES (84, 31, 'SHIPPED', '2023-08-14 03:55:00+0000', 717.5);
INSERT INTO orders (id, customer_id, status, order_date, total) VALUES (85, 41, 'SHIPPED', '2023-02-03 10:08:00+0000', 172.38);
INSERT INTO orders (id, customer_id, status, order_date, total) VALUES (86, 13, 'CANCELLED', '2023-02-05 23:35:00+0000', 1071.09);
INSERT INTO orders (id, customer_id, status, order_date, total) VALUES (87, 12, 'SHIPPED', '2023-04-25 07:40:00+0000', 1609.53);
INSERT INTO orders (id, customer_id, status, order_date, total) VALUES (88, 3, 'CANCELLED', '2023-06-29 06:14:00+0000', 2505.58);
INSERT INTO orders (id, customer_id, status, order_date, total) VALUES (89, 22, 'PENDING', '2023-09-01 19:57:00+0000', 1193.27);
INSERT INTO orders (id, customer_id, status, order_date, total) VALUES (90, 49, 'PAID', '2023-10-16 14:39:00+0000', 3903.21);
INSERT INTO orders (id, customer_id, status, order_date, total) VALUES (91, 6, 'PENDING', '2023-06-22 14:07:00+0000', 1338.08);
INSERT INTO orders (id, customer_id, status, order_date, total) VALUES (92, 8, 'CANCELLED', '2023-01-20 09:19:00+0000', 2544.15);
INSERT INTO orders (id, customer_id, status, order_date, total) VALUES (93, 36, 'SHIPPED', '2023-10-29 16:21:00+0000', 1153.56);
INSERT INTO orders (id, customer_id, status, order_date, total) VALUES (94, 29, 'CANCELLED', '2023-01-16 11:32:00+0000', 2832.36);
INSERT INTO orders (id, customer_id, status, order_date, total) VALUES (95, 42, 'SHIPPED', '2023-10-16 21:15:00+0000', 1859.38);
INSERT INTO orders (id, customer_id, status, order_date, total) VALUES (96, 25, 'PENDING', '2023-10-25 11:51:00+0000', 917.49);
INSERT INTO orders (id, customer_id, status, order_date, total) VALUES (97, 22, 'SHIPPED', '2023-06-30 03:11:00+0000', 921.88);
INSERT INTO orders (id, customer_id, status, order_date, total) VALUES (98, 47, 'PAID', '2023-02-05 16:24:00+0000', 1939.62);
INSERT INTO orders (id, customer_id, status, order_date, total) VALUES (99, 30, 'SHIPPED', '2023-12-05 16:51:00+0000', 703.1);
INSERT INTO orders (id, customer_id, status, order_date, total) VALUES (100, 45, 'PAID', '2023-03-25 10:50:00+0000', 649.4);
INSERT INTO orders (id, customer_id, status, order_date, total) VALUES (101, 45, 'SHIPPED', '2024-02-02 09:45:00+0000', 3381.68);
INSERT INTO orders (id, customer_id, status, order_date, total) VALUES (102, 31, 'PENDING', '2023-05-26 08:25:00+0000', 1657.55);
INSERT INTO orders (id, customer_id, status, order_date, total) VALUES (103, 4, 'PAID', '2023-06-13 09:18:00+0000', 1859.48);
INSERT INTO orders (id, customer_id, status, order_date, total) VALUES (104, 20, 'CANCELLED', '2023-09-10 00:29:00+0000', 778.56);
INSERT INTO orders (id, customer_id, status, order_date, total) VALUES (105, 41, 'SHIPPED', '2023-01-18 09:34:00+0000', 3328.46);
INSERT INTO orders (id, customer_id, status, order_date, total) VALUES (106, 35, 'PAID', '2024-02-04 11:26:00+0000', 2338.39);
INSERT INTO orders (id, customer_id, status, order_date, total) VALUES (107, 11, 'CANCELLED', '2023-04-27 20:00:00+0000', 4439.17);
INSERT INTO orders (id, customer_id, status, order_date, total) VALUES (108, 24, 'SHIPPED', '2023-08-07 03:07:00+0000', 2426.56);
INSERT INTO orders (id, customer_id, status, order_date, total) VALUES (109, 40, 'PAID', '2023-01-04 22:18:00+0000', 32.03);
INSERT INTO orders (id, customer_id, status, order_date, total) VALUES (110, 39, 'CANCELLED', '2023-04-04 07:43:00+0000', 3262.73);
INSERT INTO orders (id, customer_id, status, order_date, total) VALUES (111, 20, 'SHIPPED', '2023-10-07 02:26:00+0000', 2320.02);
INSERT INTO orders (id, customer_id, status, order_date, total) VALUES (112, 33, 'SHIPPED', '2023-08-28 19:50:00+0000', 3899.92);
INSERT INTO orders (id, customer_id, status, order_date, total) VALUES (113, 47, 'CANCELLED', '2023-11-14 06:52:00+0000', 1607.52);
INSERT INTO orders (id, customer_id, status, order_date, total) VALUES (114, 7, 'PENDING', '2023-09-23 22:07:00+0000', 602.52);
INSERT INTO orders (id, customer_id, status, order_date, total) VALUES (115, 35, 'SHIPPED', '2023-05-10 13:48:00+0000', 1134.84);
INSERT INTO orders (id, customer_id, status, order_date, total) VALUES (116, 26, 'SHIPPED', '2023-10-06 07:38:00+0000', 1131.24);
INSERT INTO orders (id, customer_id, status, order_date, total) VALUES (117, 17, 'PENDING', '2023-10-09 08:40:00+0000', 2650.5);
INSERT INTO orders (id, customer_id, status, order_date, total) VALUES (118, 2, 'PAID', '2023-08-01 11:11:00+0000', 3270.1);
INSERT INTO orders (id, customer_id, status, order_date, total) VALUES (119, 18, 'PENDING', '2023-02-20 18:18:00+0000', 450.83);
INSERT INTO orders (id, customer_id, status, order_date, total) VALUES (120, 30, 'CANCELLED', '2023-03-21 15:12:00+0000', 261.08);
INSERT INTO orders (id, customer_id, status, order_date, total) VALUES (121, 22, 'PAID', '2023-12-11 11:18:00+0000', 2740.37);
INSERT INTO orders (id, customer_id, status, order_date, total) VALUES (122, 25, 'PAID', '2023-01-25 13:01:00+0000', 2239.9);
INSERT INTO orders (id, customer_id, status, order_date, total) VALUES (123, 16, 'PAID', '2023-11-28 18:47:00+0000', 2462.98);
INSERT INTO orders (id, customer_id, status, order_date, total) VALUES (124, 19, 'PAID', '2023-03-05 17:05:00+0000', 1594.34);
INSERT INTO orders (id, customer_id, status, order_date, total) VALUES (125, 47, 'CANCELLED', '2023-09-15 21:29:00+0000', 2144.89);
INSERT INTO orders (id, customer_id, status, order_date, total) VALUES (126, 17, 'PAID', '2023-06-04 17:48:00+0000', 728.98);
INSERT INTO orders (id, customer_id, status, order_date, total) VALUES (127, 19, 'PENDING', '2023-10-19 02:36:00+0000', 2478.54);
INSERT INTO orders (id, customer_id, status, order_date, total) VALUES (128, 17, 'PAID', '2023-08-09 23:53:00+0000', 1046.0);
INSERT INTO orders (id, customer_id, status, order_date, total) VALUES (129, 8, 'PENDING', '2023-11-18 11:35:00+0000', 169.8);
INSERT INTO orders (id, customer_id, status, order_date, total) VALUES (130, 31, 'CANCELLED', '2023-07-13 02:02:00+0000', 234.27);
INSERT INTO orders (id, customer_id, status, order_date, total) VALUES (131, 28, 'PAID', '2023-06-22 09:27:00+0000', 128.12);
INSERT INTO orders (id, customer_id, status, order_date, total) VALUES (132, 28, 'CANCELLED', '2023-12-17 03:42:00+0000', 1919.31);
INSERT INTO orders (id, customer_id, status, order_date, total) VALUES (133, 45, 'CANCELLED', '2024-01-12 14:45:00+0000', 1265.91);
INSERT INTO orders (id, customer_id, status, order_date, total) VALUES (134, 1, 'PAID', '2023-05-20 15:17:00+0000', 1799.14);
INSERT INTO orders (id, customer_id, status, order_date, total) VALUES (135, 38, 'SHIPPED', '2023-04-16 00:14:00+0000', 1716.04);
INSERT INTO orders (id, customer_id, status, order_date, total) VALUES (136, 17, 'PENDING', '2023-07-25 17:47:00+0000', 2968.74);
INSERT INTO orders (id, customer_id, status, order_date, total) VALUES (137, 48, 'CANCELLED', '2023-06-19 14:06:00+0000', 2727.96);
INSERT INTO orders (id, customer_id, status, order_date, total) VALUES (138, 50, 'SHIPPED', '2023-06-23 20:52:00+0000', 2172.7);
INSERT INTO orders (id, customer_id, status, order_date, total) VALUES (139, 48, 'PAID', '2023-07-27 07:00:00+0000', 1510.44);
INSERT INTO orders (id, customer_id, status, order_date, total) VALUES (140, 6, 'SHIPPED', '2023-03-02 19:50:00+0000', 602.52);
INSERT INTO orders (id, customer_id, status, order_date, total) VALUES (141, 3, 'PAID', '2023-01-09 20:18:00+0000', 1665.44);
INSERT INTO orders (id, customer_id, status, order_date, total) VALUES (142, 19, 'SHIPPED', '2023-03-17 10:02:00+0000', 435.79);
INSERT INTO orders (id, customer_id, status, order_date, total) VALUES (143, 11, 'PENDING', '2023-04-04 02:07:00+0000', 818.22);
INSERT INTO orders (id, customer_id, status, order_date, total) VALUES (144, 45, 'PAID', '2023-04-01 22:22:00+0000', 398.38);
INSERT INTO orders (id, customer_id, status, order_date, total) VALUES (145, 34, 'CANCELLED', '2023-02-08 13:19:00+0000', 2832.86);
INSERT INTO orders (id, customer_id, status, order_date, total) VALUES (146, 36, 'PENDING', '2023-02-12 04:05:00+0000', 2507.68);
INSERT INTO orders (id, customer_id, status, order_date, total) VALUES (147, 40, 'PAID', '2023-09-17 21:37:00+0000', 903.78);
INSERT INTO orders (id, customer_id, status, order_date, total) VALUES (148, 14, 'CANCELLED', '2024-02-05 04:57:00+0000', 1429.8);
INSERT INTO orders (id, customer_id, status, order_date, total) VALUES (149, 30, 'PENDING', '2024-01-17 11:23:00+0000', 1508.76);
INSERT INTO orders (id, customer_id, status, order_date, total) VALUES (150, 47, 'CANCELLED', '2023-12-21 21:28:00+0000', 2223.8);
INSERT INTO orders (id, customer_id, status, order_date, total) VALUES (151, 31, 'PAID', '2023-02-20 08:02:00+0000', 2980.17);
INSERT INTO orders (id, customer_id, status, order_date, total) VALUES (152, 37, 'PAID', '2023-04-28 23:40:00+0000', 2917.35);
INSERT INTO orders (id, customer_id, status, order_date, total) VALUES (153, 50, 'CANCELLED', '2024-01-16 01:31:00+0000', 2972.59);
INSERT INTO orders (id, customer_id, status, order_date, total) VALUES (154, 38, 'SHIPPED', '2023-08-26 08:04:00+0000', 1350.53);
INSERT INTO orders (id, customer_id, status, order_date, total) VALUES (155, 7, 'PENDING', '2023-07-29 22:07:00+0000', 766.53);
INSERT INTO orders (id, customer_id, status, order_date, total) VALUES (156, 32, 'SHIPPED', '2023-09-18 00:46:00+0000', 1428.12);
INSERT INTO orders (id, customer_id, status, order_date, total) VALUES (157, 5, 'CANCELLED', '2023-01-29 02:54:00+0000', 1445.54);
INSERT INTO orders (id, customer_id, status, order_date, total) VALUES (158, 32, 'CANCELLED', '2023-04-07 08:41:00+0000', 276.94);
INSERT INTO orders (id, customer_id, status, order_date, total) VALUES (159, 4, 'SHIPPED', '2023-07-13 04:26:00+0000', 1118.99);
INSERT INTO orders (id, customer_id, status, order_date, total) VALUES (160, 33, 'PENDING', '2023-07-09 18:26:00+0000', 1707.46);
INSERT INTO orders (id, customer_id, status, order_date, total) VALUES (161, 7, 'SHIPPED', '2023-11-24 17:43:00+0000', 1457.09);
INSERT INTO orders (id, customer_id, status, order_date, total) VALUES (162, 1, 'PAID', '2023-02-12 09:58:00+0000', 1942.11);
INSERT INTO orders (id, customer_id, status, order_date, total) VALUES (163, 48, 'SHIPPED', '2023-11-03 15:22:00+0000', 1330.56);
INSERT INTO orders (id, customer_id, status, order_date, total) VALUES (164, 30, 'PAID', '2023-01-18 16:22:00+0000', 2004.83);
INSERT INTO orders (id, customer_id, status, order_date, total) VALUES (165, 35, 'PENDING', '2023-06-05 22:57:00+0000', 4218.04);
INSERT INTO orders (id, customer_id, status, order_date, total) VALUES (166, 11, 'PAID', '2023-07-09 12:03:00+0000', 2255.1);
INSERT INTO orders (id, customer_id, status, order_date, total) VALUES (167, 25, 'CANCELLED', '2023-09-14 05:25:00+0000', 784.5);
INSERT INTO orders (id, customer_id, status, order_date, total) VALUES (168, 33, 'PENDING', '2023-02-17 20:02:00+0000', 843.54);
INSERT INTO orders (id, customer_id, status, order_date, total) VALUES (169, 33, 'SHIPPED', '2023-10-12 15:39:00+0000', 1457.96);
INSERT INTO orders (id, customer_id, status, order_date, total) VALUES (170, 25, 'PENDING', '2024-02-04 04:43:00+0000', 2733.12);
INSERT INTO orders (id, customer_id, status, order_date, total) VALUES (171, 38, 'CANCELLED', '2023-04-26 04:01:00+0000', 1278.22);
INSERT INTO orders (id, customer_id, status, order_date, total) VALUES (172, 50, 'PENDING', '2023-03-04 12:06:00+0000', 3104.42);
INSERT INTO orders (id, customer_id, status, order_date, total) VALUES (173, 31, 'PAID', '2023-05-20 20:14:00+0000', 1811.49);
INSERT INTO orders (id, customer_id, status, order_date, total) VALUES (174, 17, 'PENDING', '2024-02-02 16:51:00+0000', 778.56);
INSERT INTO orders (id, customer_id, status, order_date, total) VALUES (175, 28, 'CANCELLED', '2023-03-13 02:59:00+0000', 2352.66);
INSERT INTO orders (id, customer_id, status, order_date, total) VALUES (176, 18, 'SHIPPED', '2023-09-05 11:11:00+0000', 2020.02);
INSERT INTO orders (id, customer_id, status, order_date, total) VALUES (177, 27, 'SHIPPED', '2023-03-19 13:51:00+0000', 3188.7);
INSERT INTO orders (id, customer_id, status, order_date, total) VALUES (178, 29, 'CANCELLED', '2023-09-05 09:01:00+0000', 2789.44);
INSERT INTO orders (id, customer_id, status, order_date, total) VALUES (179, 15, 'SHIPPED', '2023-10-25 16:57:00+0000', 3883.19);
INSERT INTO orders (id, customer_id, status, order_date, total) VALUES (180, 4, 'SHIPPED', '2024-01-08 16:35:00+0000', 453.24);
INSERT INTO orders (id, customer_id, status, order_date, total) VALUES (181, 14, 'PENDING', '2023-07-08 18:52:00+0000', 1428.13);
INSERT INTO orders (id, customer_id, status, order_date, total) VALUES (182, 33, 'PENDING', '2023-03-15 00:53:00+0000', 301.26);
INSERT INTO orders (id, customer_id, status, order_date, total) VALUES (183, 47, 'PAID', '2023-05-18 13:17:00+0000', 3670.72);
INSERT INTO orders (id, customer_id, status, order_date, total) VALUES (184, 40, 'CANCELLED', '2023-07-23 10:11:00+0000', 2867.74);
INSERT INTO orders (id, customer_id, status, order_date, total) VALUES (185, 29, 'PAID', '2023-05-15 20:42:00+0000', 1015.2);
INSERT INTO orders (id, customer_id, status, order_date, total) VALUES (186, 45, 'CANCELLED', '2023-07-22 04:18:00+0000', 1801.33);
INSERT INTO orders (id, customer_id, status, order_date, total) VALUES (187, 27, 'SHIPPED', '2024-01-14 06:51:00+0000', 1786.68);
INSERT INTO orders (id, customer_id, status, order_date, total) VALUES (188, 27, 'PAID', '2023-10-05 20:04:00+0000', 364.49);
INSERT INTO orders (id, customer_id, status, order_date, total) VALUES (189, 1, 'PENDING', '2023-06-29 00:23:00+0000', 1572.53);
INSERT INTO orders (id, customer_id, status, order_date, total) VALUES (190, 40, 'PENDING', '2023-12-01 02:19:00+0000', 784.5);
INSERT INTO orders (id, customer_id, status, order_date, total) VALUES (191, 2, 'PENDING', '2023-09-20 13:04:00+0000', 3095.08);
INSERT INTO orders (id, customer_id, status, order_date, total) VALUES (192, 39, 'CANCELLED', '2023-12-28 08:45:00+0000', 2413.23);
INSERT INTO orders (id, customer_id, status, order_date, total) VALUES (193, 47, 'PENDING', '2023-03-01 14:32:00+0000', 1902.72);
INSERT INTO orders (id, customer_id, status, order_date, total) VALUES (194, 43, 'SHIPPED', '2023-03-21 14:49:00+0000', 357.03);
INSERT INTO orders (id, customer_id, status, order_date, total) VALUES (195, 15, 'PENDING', '2023-05-18 00:57:00+0000', 2135.29);
INSERT INTO orders (id, customer_id, status, order_date, total) VALUES (196, 30, 'PAID', '2023-03-01 01:16:00+0000', 2042.36);
INSERT INTO orders (id, customer_id, status, order_date, total) VALUES (197, 29, 'PAID', '2023-03-10 13:24:00+0000', 1071.09);
INSERT INTO orders (id, customer_id, status, order_date, total) VALUES (198, 47, 'PENDING', '2023-03-19 11:33:00+0000', 1293.54);
INSERT INTO orders (id, customer_id, status, order_date, total) VALUES (199, 45, 'CANCELLED', '2023-02-19 08:07:00+0000', 3186.04);
INSERT INTO orders (id, customer_id, status, order_date, total) VALUES (200, 1, 'PAID', '2023-12-09 16:18:00+0000', 26.91);
INSERT INTO order_items (id, order_id, product_id, quantity, unit_price) VALUES (1, 1, 9, 2, 32.03);
INSERT INTO order_items (id, order_id, product_id, quantity, unit_price) VALUES (2, 1, 13, 4, 446.67);
INSERT INTO order_items (id, order_id, product_id, quantity, unit_price) VALUES (3, 1, 10, 3, 232.18);
INSERT INTO order_items (id, order_id, product_id, quantity, unit_price) VALUES (4, 1, 25, 2, 232.22);
INSERT INTO order_items (id, order_id, product_id, quantity, unit_price) VALUES (5, 2, 30, 1, 200.92);
INSERT INTO order_items (id, order_id, product_id, quantity, unit_price) VALUES (6, 2, 8, 2, 138.47);
INSERT INTO order_items (id, order_id, product_id, quantity, unit_price) VALUES (7, 2, 9, 1, 32.03);
INSERT INTO order_items (id, order_id, product_id, quantity, unit_price) VALUES (8, 2, 19, 4, 353.4);
INSERT INTO order_items (id, order_id, product_id, quantity, unit_price) VALUES (9, 3, 14, 4, 86.19);
INSERT INTO order_items (id, order_id, product_id, quantity, unit_price) VALUES (10, 3, 16, 2, 49.09);
INSERT INTO order_items (id, order_id, product_id, quantity, unit_price) VALUES (11, 3, 26, 3, 357.03);
INSERT INTO order_items (id, order_id, product_id, quantity, unit_price) VALUES (12, 4, 1, 3, 8.97);
INSERT INTO order_items (id, order_id, product_id, quantity, unit_price) VALUES (13, 5, 26, 1, 357.03);
INSERT INTO order_items (id, order_id, product_id, quantity, unit_price) VALUES (14, 5, 16, 1, 49.09);
INSERT INTO order_items (id, order_id, product_id, quantity, unit_price) VALUES (15, 6, 26, 2, 357.03);
INSERT INTO order_items (id, order_id, product_id, quantity, unit_price) VALUES (16, 6, 11, 3, 261.5);
INSERT INTO order_items (id, order_id, product_id, quantity, unit_price) VALUES (17, 6, 27, 3, 364.49);
INSERT INTO order_items (id, order_id, product_id, quantity, unit_price) VALUES (18, 7, 21, 4, 421.77);
INSERT INTO order_items (id, order_id, product_id, quantity, unit_price) VALUES (19, 7, 15, 4, 438.12);
INSERT INTO order_items (id, order_id, product_id, quantity, unit_price) VALUES (20, 8, 28, 4, 414.03);
INSERT INTO order_items (id, order_id, product_id, quantity, unit_price) VALUES (21, 8, 20, 3, 301.26);
INSERT INTO order_items (id, order_id, product_id, quantity, unit_price) VALUES (22, 8, 6, 4, 261.08);
INSERT INTO order_items (id, order_id, product_id, quantity, unit_price) VALUES (23, 9, 18, 2, 179.41);
INSERT INTO order_items (id, order_id, product_id, quantity, unit_price) VALUES (24, 9, 15, 1, 438.12);
INSERT INTO order_items (id, order_id, product_id, quantity, unit_price) VALUES (25, 9, 20, 4, 301.26);
INSERT INTO order_items (id, order_id, product_id, quantity, unit_price) VALUES (26, 9, 4, 2, 357.45);
INSERT INTO order_items (id, order_id, product_id, quantity, unit_price) VALUES (27, 9, 8, 4, 138.47);
INSERT INTO order_items (id, order_id, product_id, quantity, unit_price) VALUES (28, 10, 20, 1, 301.26);
INSERT INTO order_items (id, order_id, product_id, quantity, unit_price) VALUES (29, 10, 14, 4, 86.19);
INSERT INTO order_items (id, order_id, product_id, quantity, unit_price) VALUES (30, 10, 23, 1, 162.35);
INSERT INTO order_items (id, order_id, product_id, quantity, unit_price) VALUES (31, 10, 18, 2, 179.41);
INSERT INTO order_items (id, order_id, product_id, quantity, unit_price) VALUES (32, 10, 2, 1, 335.22);
INSERT INTO order_items (id, order_id, product_id, quantity, unit_price) VALUES (33, 11, 13, 1, 446.67);
INSERT INTO order_items (id, order_id, product_id, quantity, unit_price) VALUES (34, 11, 14, 4, 86.19);
INSERT INTO order_items (id, order_id, product_id, quantity, unit_price) VALUES (35, 11, 26, 1, 357.03);
INSERT INTO order_items (id, order_id, product_id, quantity, unit_price) VALUES (36, 11, 20, 2, 301.26);
INSERT INTO order_items (id, order_id, product_id, quantity, unit_price) VALUES (37, 11, 29, 4, 169.8);
INSERT INTO order_items (id, order_id, product_id, quantity, unit_price) VALUES (38, 12, 20, 1, 301.26);
INSERT INTO order_items (id, order_id, product_id, quantity, unit_price) VALUES (39, 12, 17, 3, 78.09);
INSERT INTO order_items (id, order_id, product_id, quantity, unit_price) VALUES (40, 12, 29, 4, 169.8);
INSERT INTO order_items (id, order_id, product_id, quantity, unit_price) VALUES (41, 12, 26, 4, 357.03);
INSERT INTO order_items (id, order_id, product_id, quantity, unit_price) VALUES (42, 12, 12, 1, 460.36);
INSERT INTO order_items (id, order_id, product_id, quantity, unit_price) VALUES (43, 13, 30, 2, 200.92);
INSERT INTO order_items (id, order_id, product_id, quantity, unit_price) VALUES (44, 13, 7, 4, 72.99);
INSERT INTO order_items (id, order_id, product_id, quantity, unit_price) VALUES (45, 13, 10, 2, 232.18);
INSERT INTO order_items (id, order_id, product_id, quantity, unit_price) VALUES (46, 14, 15, 4, 438.12);
INSERT INTO order_items (id, order_id, product_id, quantity, unit_price) VALUES (47, 14, 13, 4, 446.67);
INSERT INTO order_items (id, order_id, product_id, quantity, unit_price) VALUES (48, 14, 3, 3, 176.07);
INSERT INTO order_items (id, order_id, product_id, quantity, unit_price) VALUES (49, 14, 6, 1, 261.08);
INSERT INTO order_items (id, order_id, product_id, quantity, unit_price) VALUES (50, 14, 18, 2, 179.41);
INSERT INTO order_items (id, order_id, product_id, quantity, unit_price) VALUES (51, 15, 11, 1, 261.5);
INSERT INTO order_items (id, order_id, product_id, quantity, unit_price) VALUES (52, 16, 7, 1, 72.99);
INSERT INTO order_items (id, order_id, product_id, quantity, unit_price) VALUES (53, 16, 22, 4, 194.64);
INSERT INTO order_items (id, order_id, product_id, quantity, unit_price) VALUES (54, 16, 9, 1, 32.03);
INSERT INTO order_items (id, order_id, product_id, quantity, unit_price) VALUES (55, 16, 11, 1, 261.5);
INSERT INTO order_items (id, order_id, product_id, quantity, unit_price) VALUES (56, 17, 23, 4, 162.35);
INSERT INTO order_items (id, order_id, product_id, quantity, unit_price) VALUES (57, 18, 7, 3, 72.99);
INSERT INTO order_items (id, order_id, product_id, quantity, unit_price) VALUES (58, 18, 19, 1, 353.4);
INSERT INTO order_items (id, order_id, product_id, quantity, unit_price) VALUES (59, 18, 20, 3, 301.26);
INSERT INTO order_items (id, order_id, product_id, quantity, unit_price) VALUES (60, 18, 24, 4, 327.92);
INSERT INTO order_items (id, order_id, product_id, quantity, unit_price) VALUES (61, 18, 6, 4, 261.08);
INSERT INTO order_items (id, order_id, product_id, quantity, unit_price) VALUES (62, 19, 20, 1, 301.26);
INSERT INTO order_items (id, order_id, product_id, quantity, unit_price) VALUES (63, 19, 11, 2, 261.5);
INSERT INTO order_items (id, order_id, product_id, quantity, unit_price) VALUES (64, 19, 9, 4, 32.03);
INSERT INTO order_items (id, order_id, product_id, quantity, unit_price) VALUES (65, 19, 6, 2, 261.08);
INSERT INTO order_items (id, order_id, product_id, quantity, unit_price) VALUES (66, 19, 22, 2, 194.64);
INSERT INTO order_items (id, order_id, product_id, quantity, unit_price) VALUES (67, 20, 14, 2, 86.19);
INSERT INTO order_items (id, order_id, product_id, quantity, unit_price) VALUES (68, 20, 27, 1, 364.49);
INSERT INTO order_items (id, order_id, product_id, quantity, unit_price) VALUES (69, 20, 4, 4, 357.45);
INSERT INTO order_items (id, order_id, product_id, quantity, unit_price) VALUES (70, 20, 18, 4, 179.41);
INSERT INTO order_items (id, order_id, product_id, quantity, unit_price) VALUES (71, 21, 23, 1, 162.35);
INSERT INTO order_items (id, order_id, product_id, quantity, unit_price) VALUES (72, 21, 4, 4, 357.45);
INSERT INTO order_items (id, order_id, product_id, quantity, unit_price) VALUES (73, 22, 5, 3, 377.08);
INSERT INTO order_items (id, order_id, product_id, quantity, unit_price) VALUES (74, 23, 1, 2, 8.97);
INSERT INTO order_items (id, order_id, product_id, quantity, unit_price) VALUES (75, 23, 23, 2, 162.35);
INSERT INTO order_items (id, order_id, product_id, quantity, unit_price) VALUES (76, 23, 28, 1, 414.03);
INSERT INTO order_items (id, order_id, product_id, quantity, unit_price) VALUES (77, 24, 16, 4, 49.09);
INSERT INTO order_items (id, order_id, product_id, quantity, unit_price) VALUES (78, 24, 14, 2, 86.19);
INSERT INTO order_items (id, order_id, product_id, quantity, unit_price) VALUES (79, 24, 3, 2, 176.07);
INSERT INTO order_items (id, order_id, product_id, quantity, unit_price) VALUES (80, 24, 7, 4, 72.99);
INSERT INTO order_items (id, order_id, product_id, quantity, unit_price) VALUES (81, 25, 18, 4, 179.41);
INSERT INTO order_items (id, order_id, product_id, quantity, unit_price) VALUES (82, 25, 7, 1, 72.99);
INSERT INTO order_items (id, order_id, product_id, quantity, unit_price) VALUES (83, 25, 6, 2, 261.08);
INSERT INTO order_items (id, order_id, product_id, quantity, unit_price) VALUES (84, 26, 8, 3, 138.47);
INSERT INTO order_items (id, order_id, product_id, quantity, unit_price) VALUES (85, 26, 30, 1, 200.92);
INSERT INTO order_items (id, order_id, product_id, quantity, unit_price) VALUES (86, 26, 17, 4, 78.09);
INSERT INTO order_items (id, order_id, product_id, quantity, unit_price) VALUES (87, 26, 28, 4, 414.03);
INSERT INTO order_items (id, order_id, product_id, quantity, unit_price) VALUES (88, 27, 6, 2, 261.08);
INSERT INTO order_items (id, order_id, product_id, quantity, unit_price) VALUES (89, 27, 11, 3, 261.5);
INSERT INTO order_items (id, order_id, product_id, quantity, unit_price) VALUES (90, 27, 3, 2, 176.07);
INSERT INTO order_items (id, order_id, product_id, quantity, unit_price) VALUES (91, 28, 6, 4, 261.08);
INSERT INTO order_items (id, order_id, product_id, quantity, unit_price) VALUES (92, 28, 16, 3, 49.09);
INSERT INTO order_items (id, order_id, product_id, quantity, unit_price) VALUES (93, 28, 19, 4, 353.4);
INSERT INTO order_items (id, order_id, product_id, quantity, unit_price) VALUES (94, 29, 10, 3, 232.18);
INSERT INTO order_items (id, order_id, product_id, quantity, unit_price) VALUES (95, 29, 13, 2, 446.67);
INSERT INTO order_items (id, order_id, product_id, quantity, unit_price) VALUES (96, 29, 9, 1, 32.03);
INSERT INTO order_items (id, order_id, product_id, quantity, unit_price) VALUES (97, 30, 24, 4, 327.92);
INSERT INTO order_items (id, order_id, product_id, quantity, unit_price) VALUES (98, 30, 1, 3, 8.97);
INSERT INTO order_items (id, order_id, product_id, quantity, unit_price) VALUES (99, 30, 25, 4, 232.22);
INSERT INTO order_items (id, order_id, product_id, quantity, unit_price) VALUES (100, 30, 28, 3, 414.03);
INSERT INTO order_items (id, order_id, product_id, quantity, unit_price) VALUES (101, 30, 27, 2, 364.49);
INSERT INTO order_items (id, order_id, product_id, quantity, unit_price) VALUES (102, 31, 19, 2, 353.4);
INSERT INTO order_items (id, order_id, product_id, quantity, unit_price) VALUES (103, 32, 24, 2, 327.92);
INSERT INTO order_items (id, order_id, product_id, quantity, unit_price) VALUES (104, 32, 21, 2, 421.77);
INSERT INTO order_items (id, order_id, product_id, quantity, unit_price) VALUES (105, 32, 6, 1, 261.08);
INSERT INTO order_items (id, order_id, product_id, quantity, unit_price) VALUES (106, 32, 13, 1, 446.67);
INSERT INTO order_items (id, order_id, product_id, quantity, unit_price) VALUES (107, 32, 30, 1, 200.92);
INSERT INTO order_items (id, order_id, product_id, quantity, unit_price) VALUES (108, 33, 4, 1, 357.45);
INSERT INTO order_items (id, order_id, product_id, quantity, unit_price) VALUES (109, 33, 21, 4, 421.77);
INSERT INTO order_items (id, order_id, product_id, quantity, unit_price) VALUES (110, 33, 22, 1, 194.64);
INSERT INTO order_items (id, order_id, product_id, quantity, unit_price) VALUES (111, 34, 25, 4, 232.22);
INSERT INTO order_items (id, order_id, product_id, quantity, unit_price) VALUES (112, 34, 26, 3, 357.03);
INSERT INTO order_items (id, order_id, product_id, quantity, unit_price) VALUES (113, 34, 16, 3, 49.09);
INSERT INTO order_items (id, order_id, product_id, quantity, unit_price) VALUES (114, 34, 9, 1, 32.03);
INSERT INTO order_items (id, order_id, product_id, quantity, unit_price) VALUES (115, 35, 23, 1, 162.35);
INSERT INTO order_items (id, order_id, product_id, quantity, unit_price) VALUES (116, 35, 22, 3, 194.64);
INSERT INTO order_items (id, order_id, product_id, quantity, unit_price) VALUES (117, 35, 8, 3, 138.47);
INSERT INTO order_items (id, order_id, product_id, quantity, unit_price) VALUES (118, 36, 7, 4, 72.99);
INSERT INTO order_items (id, order_id, product_id, quantity, unit_price) VALUES (119, 36, 13, 4, 446.67);
INSERT INTO order_items (id, order_id, product_id, quantity, unit_price) VALUES (120, 37, 1, 2, 8.97);
INSERT INTO order_items (id, order_id, product_id, quantity, unit_price) VALUES (121, 37, 5, 4, 377.08);
INSERT INTO order_items (id, order_id, product_id, quantity, unit_price) VALUES (122, 38, 10, 4, 232.18);
INSERT INTO order_items (id, order_id, product_id, quantity, unit_price) VALUES (123, 38, 16, 4, 49.09);
INSERT INTO order_items (id, order_id, product_id, quantity, unit_price) VALUES (124, 38, 26, 3, 357.03);
INSERT INTO order_items (id, order_id, product_id, quantity, unit_price) VALUES (125, 38, 21, 4, 421.77);
INSERT INTO order_items (id, order_id, product_id, quantity, unit_price) VALUES (126, 38, 1, 2, 8.97);
INSERT INTO order_items (id, order_id, product_id, quantity, unit_price) VALUES (127, 39, 18, 4, 179.41);
INSERT INTO order_items (id, order_id, product_id, quantity, unit_price) VALUES (128, 39, 25, 2, 232.22);
INSERT INTO order_items (id, order_id, product_id, quantity, unit_price) VALUES (129, 39, 21, 1, 421.77);
INSERT INTO order_items (id, order_id, product_id, quantity, unit_price) VALUES (130, 40, 11, 2, 261.5);
INSERT INTO order_items (id, order_id, product_id, quantity, unit_price) VALUES (131, 40, 3, 3, 176.07);
INSERT INTO order_items (id, order_id, product_id, quantity, unit_price) VALUES (132, 41, 13, 2, 446.67);
INSERT INTO order_items (id, order_id, product_id, quantity, unit_price) VALUES (133, 41, 15, 4, 438.12);
INSERT INTO order_items (id, order_id, product_id, quantity, unit_price) VALUES (134, 41, 6, 4, 261.08);
INSERT INTO order_items (id, order_id, product_id, quantity, unit_price) VALUES (135, 41, 24, 3, 327.92);
INSERT INTO order_items (id, order_id, product_id, quantity, unit_price) VALUES (136, 41, 21, 2, 421.77);
INSERT INTO order_items (id, order_id, product_id, quantity, unit_price) VALUES (137, 42, 27, 1, 364.49);
INSERT INTO order_items (id, order_id, product_id, quantity, unit_price) VALUES (138, 42, 13, 4, 446.67);
INSERT INTO order_items (id, order_id, product_id, quantity, unit_price) VALUES (139, 42, 21, 3, 421.77);
INSERT INTO order_items (id, order_id, product_id, quantity, unit_price) VALUES (140, 42, 22, 2, 194.64);
INSERT INTO order_items (id, order_id, product_id, quantity, unit_price) VALUES (141, 42, 11, 3, 261.5);
INSERT INTO order_items (id, order_id, product_id, quantity, unit_price) VALUES (142, 43, 19, 2, 353.4);
INSERT INTO order_items (id, order_id, product_id, quantity, unit_price) VALUES (143, 43, 8, 2, 138.47);
INSERT INTO order_items (id, order_id, product_id, quantity, unit_price) VALUES (144, 43, 16, 4, 49.09);
INSERT INTO order_items (id, order_id, product_id, quantity, unit_price) VALUES (145, 43, 11, 4, 261.5);
INSERT INTO order_items (id, order_id, product_id, quantity, unit_price) VALUES (146, 44, 23, 3, 162.35);
INSERT INTO order_items (id, order_id, product_id, quantity, unit_price) VALUES (147, 44, 9, 2, 32.03);
INSERT INTO order_items (id, order_id, product_id, quantity, unit_price) VALUES (148, 44, 24, 4, 327.92);
INSERT INTO order_items (id, order_id, product_id, quantity, unit_price) VALUES (149, 45, 26, 4, 357.03);
INSERT INTO order_items (id, order_id, product_id, quantity, unit_price) VALUES (150, 46, 3, 1, 176.07);
INSERT INTO order_items (id, order_id, product_id, quantity, unit_price) VALUES (151, 46, 27, 1, 364.49);
INSERT INTO order_items (id, order_id, product_id, quantity, unit_price) VALUES (152, 46, 26, 2, 357.03);
INSERT INTO order_items (id, order_id, product_id, quantity, unit_price) VALUES (153, 47, 9, 4, 32.03);
INSERT INTO order_items (id, order_id, product_id, quantity, unit_price) VALUES (154, 47, 19, 1, 353.4);
INSERT INTO order_items (id, order_id, product_id, quantity, unit_price) VALUES (155, 47, 7, 4, 72.99);
INSERT INTO order_items (id, order_id, product_id, quantity, unit_price) VALUES (156, 47, 20, 2, 301.26);
INSERT INTO order_items (id, order_id, product_id, quantity, unit_price) VALUES (157, 48, 4, 4, 357.45);
INSERT INTO order_items (id, order_id, product_id, quantity, unit_price) VALUES (158, 48, 28, 2, 414.03);
INSERT INTO order_items (id, order_id, product_id, quantity, unit_price) VALUES (159, 48, 6, 2, 261.08);
INSERT INTO order_items (id, order_id, product_id, quantity, unit_price) VALUES (160, 48, 14, 2, 86.19);
INSERT INTO order_items (id, order_id, product_id, quantity, unit_price) VALUES (161, 48, 12, 2, 460.36);
INSERT INTO order_items (id, order_id, product_id, quantity, unit_price) VALUES (162, 49, 22, 3, 194.64);
INSERT INTO order_items (id, order_id, product_id, quantity, unit_price) VALUES (163, 49, 20, 2, 301.26);
INSERT INTO order_items (id, order_id, product_id, quantity, unit_price) VALUES (164, 49, 8, 3, 138.47);
INSERT INTO order_items (id, order_id, product_id, quantity, unit_price) VALUES (165, 50, 13, 3, 446.67);
INSERT INTO order_items (id, order_id, product_id, quantity, unit_price) VALUES (166, 50, 19, 1, 353.4);
INSERT INTO order_items (id, order_id, product_id, quantity, unit_price) VALUES (167, 50, 14, 2, 86.19);
INSERT INTO order_items (id, order_id, product_id, quantity, unit_price) VALUES (168, 50, 21, 2, 421.77);
INSERT INTO order_items (id, order_id, product_id, quantity, unit_price) VALUES (169, 51, 2, 3, 335.22);
INSERT INTO order_items (id, order_id, product_id, quantity, unit_price) VALUES (170, 51, 30, 3, 200.92);
INSERT INTO order_items (id, order_id, product_id, quantity, unit_price) VALUES (171, 52, 28, 3, 414.03);
INSERT INTO order_items (id, order_id, product_id, quantity, unit_price) VALUES (172, 53, 29, 3, 169.8);
INSERT INTO order_items (id, order_id, product_id, quantity, unit_price) VALUES (173, 54, 24, 4, 327.92);
INSERT INTO order_items (id, order_id, product_id, quantity, unit_price) VALUES (174, 55, 14, 3, 86.19);
INSERT INTO order_items (id, order_id, product_id, quantity, unit_price) VALUES (175, 55, 2, 1, 335.22);
INSERT INTO order_items (id, order_id, product_id, quantity, unit_price) VALUES (176, 55, 28, 3, 414.03);
INSERT INTO order_items (id, order_id, product_id, quantity, unit_price) VALUES (177, 56, 17, 2, 78.09);
INSERT INTO order_items (id, order_id, product_id, quantity, unit_price) VALUES (178, 56, 7, 3, 72.99);
INSERT INTO order_items (id, order_id, product_id, quantity, unit_price) VALUES (179, 56, 15, 1, 438.12);
INSERT INTO order_items (id, order_id, product_id, quantity, unit_price) VALUES (180, 56, 9, 2, 32.03);
INSERT INTO order_items (id, order_id, product_id, quantity, unit_price) VALUES (181, 56, 11, 3, 261.5);
INSERT INTO order_items (id, order_id, product_id, quantity, unit_price) VALUES (182, 57, 22, 1, 194.64);
INSERT INTO order_items (id, order_id, product_id, quantity, unit_price) VALUES (183, 57, 18, 3, 179.41);
INSERT INTO order_items (id, order_id, product_id, quantity, unit_price) VALUES (184, 57, 2, 4, 335.22);
INSERT INTO order_items (id, order_id, product_id, quantity, unit_price) VALUES (185, 58, 29, 2, 169.8);
INSERT INTO order_items (id, order_id, product_id, quantity, unit_price) VALUES (186, 58, 17, 4, 78.09);
INSERT INTO order_items (id, order_id, product_id, quantity, unit_price) VALUES (187, 58, 7, 1, 72.99);
INSERT INTO order_items (id, order_id, product_id, quantity, unit_price) VALUES (188, 58, 9, 1, 32.03);
INSERT INTO order_items (id, order_id, product_id, quantity, unit_price) VALUES (189, 58, 28, 3, 414.03);
INSERT INTO order_items (id, order_id, product_id, quantity, unit_price) VALUES (190, 59, 8, 4, 138.47);
INSERT INTO order_items (id, order_id, product_id, quantity, unit_price) VALUES (191, 59, 7, 2, 72.99);
INSERT INTO order_items (id, order_id, product_id, quantity, unit_price) VALUES (192, 59, 12, 1, 460.36);
INSERT INTO order_items (id, order_id, product_id, quantity, unit_price) VALUES (193, 59, 14, 1, 86.19);
INSERT INTO order_items (id, order_id, product_id, quantity, unit_price) VALUES (194, 59, 23, 3, 162.35);
INSERT INTO order_items (id, order_id, product_id, quantity, unit_price) VALUES (195, 60, 27, 1, 364.49);
INSERT INTO order_items (id, order_id, product_id, quantity, unit_price) VALUES (196, 60, 10, 2, 232.18);
INSERT INTO order_items (id, order_id, product_id, quantity, unit_price) VALUES (197, 60, 1, 4, 8.97);
INSERT INTO order_items (id, order_id, product_id, quantity, unit_price) VALUES (198, 61, 27, 2, 364.49);
INSERT INTO order_items (id, order_id, product_id, quantity, unit_price) VALUES (199, 61, 11, 2, 261.5);
INSERT INTO order_items (id, order_id, product_id, quantity, unit_price) VALUES (200, 61, 9, 3, 32.03);
INSERT INTO order_items (id, order_id, product_id, quantity, unit_price) VALUES (201, 61, 26, 2, 357.03);
INSERT INTO order_items (id, order_id, product_id, quantity, unit_price) VALUES (202, 62, 14, 1, 86.19);
INSERT INTO order_items (id, order_id, product_id, quantity, unit_price) VALUES (203, 62, 16, 3, 49.09);
INSERT INTO order_items (id, order_id, product_id, quantity, unit_price) VALUES (204, 62, 17, 4, 78.09);
INSERT INTO order_items (id, order_id, product_id, quantity, unit_price) VALUES (205, 63, 26, 2, 357.03);
INSERT INTO order_items (id, order_id, product_id, quantity, unit_price) VALUES (206, 63, 20, 2, 301.26);
INSERT INTO order_items (id, order_id, product_id, quantity, unit_price) VALUES (207, 63, 21, 1, 421.77);
INSERT INTO order_items (id, order_id, product_id, quantity, unit_price) VALUES (208, 63, 29, 2, 169.8);
INSERT INTO order_items (id, order_id, product_id, quantity, unit_price) VALUES (209, 63, 22, 1, 194.64);
INSERT INTO order_items (id, order_id, product_id, quantity, unit_price) VALUES (210, 64, 14, 3, 86.19);
INSERT INTO order_items (id, order_id, product_id, quantity, unit_price) VALUES (211, 64, 7, 3, 72.99);
INSERT INTO order_items (id, order_id, product_id, quantity, unit_price) VALUES (212, 65, 2, 4, 335.22);
INSERT INTO order_items (id, order_id, product_id, quantity, unit_price) VALUES (213, 65, 29, 3, 169.8);
INSERT INTO order_items (id, order_id, product_id, quantity, unit_price) VALUES (214, 65, 25, 4, 232.22);
INSERT INTO order_items (id, order_id, product_id, quantity, unit_price) VALUES (215, 65, 3, 4, 176.07);
INSERT INTO order_items (id, order_id, product_id, quantity, unit_price) VALUES (216, 66, 22, 3, 194.64);
INSERT INTO order_items (id, order_id, product_id, quantity, unit_price) VALUES (217, 66, 24, 2, 327.92);
INSERT INTO order_items (id, order_id, product_id, quantity, unit_price) VALUES (218, 66, 13, 1, 446.67);
INSERT INTO order_items (id, order_id, product_id, quantity, unit_price) VALUES (219, 66, 6, 3, 261.08);
INSERT INTO order_items (id, order_id, product_id, quantity, unit_price) VALUES (220, 66, 23, 3, 162.35);
INSERT INTO order_items (id, order_id, product_id, quantity, unit_price) VALUES (221, 67, 22, 1, 194.64);
INSERT INTO order_items (id, order_id, product_id, quantity, unit_price) VALUES (222, 67, 1, 2, 8.97);
INSERT INTO order_items (id, order_id, product_id, quantity, unit_price) VALUES (223, 67, 11, 4, 261.5);
INSERT INTO order_items (id, order_id, product_id, quantity, unit_price) VALUES (224, 68, 19, 3, 353.4);
INSERT INTO order_items (id, order_id, product_id, quantity, unit_price) VALUES (225, 68, 15, 2, 438.12);
INSERT INTO order_items (id, order_id, product_id, quantity, unit_price) VALUES (226, 69, 25, 4, 232.22);
INSERT INTO order_items (id, order_id, product_id, quantity, unit_price) VALUES (227, 69, 1, 1, 8.97);
INSERT INTO order_items (id, order_id, product_id, quantity, unit_price) VALUES (228, 69, 9, 1, 32.03);
INSERT INTO order_items (id, order_id, product_id, quantity, unit_price) VALUES (229, 69, 5, 2, 377.08);
INSERT INTO order_items (id, order_id, product_id, quantity, unit_price) VALUES (230, 69, 24, 3, 327.92);
INSERT INTO order_items (id, order_id, product_id, quantity, unit_price) VALUES (231, 70, 16, 2, 49.09);
INSERT INTO order_items (id, order_id, product_id, quantity, unit_price) VALUES (232, 70, 26, 3, 357.03);
INSERT INTO order_items (id, order_id, product_id, quantity, unit_price) VALUES (233, 70, 11, 2, 261.5);
INSERT INTO order_items (id, order_id, product_id, quantity, unit_price) VALUES (234, 70, 13, 3, 446.67);
INSERT INTO order_items (id, order_id, product_id, quantity, unit_price) VALUES (235, 70, 19, 4, 353.4);
INSERT INTO order_items (id, order_id, product_id, quantity, unit_price) VALUES (236, 71, 24, 1, 327.92);
INSERT INTO order_items (id, order_id, product_id, quantity, unit_price) VALUES (237, 72, 8, 2, 138.47);
INSERT INTO order_items (id, order_id, product_id, quantity, unit_price) VALUES (238, 72, 15, 2, 438.12);
INSERT INTO order_items (id, order_id, product_id, quantity, unit_price) VALUES (239, 73, 19, 3, 353.4);
INSERT INTO order_items (id, order_id, product_id, quantity, unit_price) VALUES (240, 73, 18, 2, 179.41);
INSERT INTO order_items (id, order_id, product_id, quantity, unit_price) VALUES (241, 73, 17, 1, 78.09);
INSERT INTO order_items (id, order_id, product_id, quantity, unit_price) VALUES (242, 73, 22, 3, 194.64);
INSERT INTO order_items (id, order_id, product_id, quantity, unit_price) VALUES (243, 73, 7, 1, 72.99);
INSERT INTO order_items (id, order_id, product_id, quantity, unit_price) VALUES (244, 74, 7, 4, 72.99);
INSERT INTO order_items (id, order_id, product_id, quantity, unit_price) VALUES (245, 75, 3, 3, 176.07);
INSERT INTO order_items (id, order_id, product_id, quantity, unit_price) VALUES (246, 75, 12, 1, 460.36);
INSERT INTO order_items (id, order_id, product_id, quantity, unit_price) VALUES (247, 75, 30, 4, 200.92);
INSERT INTO order_items (id, order_id, product_id, quantity, unit_price) VALUES (248, 76, 14, 1, 86.19);
INSERT INTO order_items (id, order_id, product_id, quantity, unit_price) VALUES (249, 77, 18, 1, 179.41);
INSERT INTO order_items (id, order_id, product_id, quantity, unit_price) VALUES (250, 77, 15, 3, 438.12);
INSERT INTO order_items (id, order_id, product_id, quantity, unit_price) VALUES (251, 77, 13, 3, 446.67);
INSERT INTO order_items (id, order_id, product_id, quantity, unit_price) VALUES (252, 77, 19, 2, 353.4);
INSERT INTO order_items (id, order_id, product_id, quantity, unit_price) VALUES (253, 78, 28, 4, 414.03);
INSERT INTO order_items (id, order_id, product_id, quantity, unit_price) VALUES (254, 79, 9, 4, 32.03);
INSERT INTO order_items (id, order_id, product_id, quantity, unit_price) VALUES (255, 79, 8, 4, 138.47);
INSERT INTO order_items (id, order_id, product_id, quantity, unit_price) VALUES (256, 79, 21, 1, 421.77);
INSERT INTO order_items (id, order_id, product_id, quantity, unit_price) VALUES (257, 80, 24, 3, 327.92);
INSERT INTO order_items (id, order_id, product_id, quantity, unit_price) VALUES (258, 80, 28, 3, 414.03);
INSERT INTO order_items (id, order_id, product_id, quantity, unit_price) VALUES (259, 80, 8, 2, 138.47);
INSERT INTO order_items (id, order_id, product_id, quantity, unit_price) VALUES (260, 81, 25, 3, 232.22);
INSERT INTO order_items (id, order_id, product_id, quantity, unit_price) VALUES (261, 81, 24, 1, 327.92);
INSERT INTO order_items (id, order_id, product_id, quantity, unit_price) VALUES (262, 81, 2, 3, 335.22);
INSERT INTO order_items (id, order_id, product_id, quantity, unit_price) VALUES (263, 82, 22, 4, 194.64);
INSERT INTO order_items (id, order_id, product_id, quantity, unit_price) VALUES (264, 83, 25, 1, 232.22);
INSERT INTO order_items (id, order_id, product_id, quantity, unit_price) VALUES (265, 83, 8, 2, 138.47);
INSERT INTO order_items (id, order_id, product_id, quantity, unit_price) VALUES (266, 84, 17, 3, 78.09);
INSERT INTO order_items (id, order_id, product_id, quantity, unit_price) VALUES (267, 84, 14, 4, 86.19);
INSERT INTO order_items (id, order_id, product_id, quantity, unit_price) VALUES (268, 84, 8, 1, 138.47);
INSERT INTO order_items (id, order_id, product_id, quantity, unit_price) VALUES (269, 85, 14, 2, 86.19);
INSERT INTO order_items (id, order_id, product_id, quantity, unit_price) VALUES (270, 86, 26, 3, 357.03);
INSERT INTO order_items (id, order_id, product_id, quantity, unit_price) VALUES (271, 87, 29, 3, 169.8);
INSERT INTO order_items (id, order_id, product_id, quantity, unit_price) VALUES (272, 87, 18, 1, 179.41);
INSERT INTO order_items (id, order_id, product_id, quantity, unit_price) VALUES (273, 87, 12, 2, 460.36);
INSERT INTO order_items (id, order_id, product_id, quantity, unit_price) VALUES (274, 88, 4, 2, 357.45);
INSERT INTO order_items (id, order_id, product_id, quantity, unit_price) VALUES (275, 88, 19, 4, 353.4);
INSERT INTO order_items (id, order_id, product_id, quantity, unit_price) VALUES (276, 88, 5, 1, 377.08);
INSERT INTO order_items (id, order_id, product_id, quantity, unit_price) VALUES (277, 89, 16, 3, 49.09);
INSERT INTO order_items (id, order_id, product_id, quantity, unit_price) VALUES (278, 89, 11, 4, 261.5);
INSERT INTO order_items (id, order_id, product_id, quantity, unit_price) VALUES (279, 90, 2, 4, 335.22);
INSERT INTO order_items (id, order_id, product_id, quantity, unit_price) VALUES (280, 90, 20, 1, 301.26);
INSERT INTO order_items (id, order_id, product_id, quantity, unit_price) VALUES (281, 90, 27, 4, 364.49);
INSERT INTO order_items (id, order_id, product_id, quantity, unit_price) VALUES (282, 90, 16, 3, 49.09);
INSERT INTO order_items (id, order_id, product_id, quantity, unit_price) VALUES (283, 90, 24, 2, 327.92);
INSERT INTO order_items (id, order_id, product_id, quantity, unit_price) VALUES (284, 91, 5, 2, 377.08);
INSERT INTO order_items (id, order_id, product_id, quantity, unit_price) VALUES (285, 91, 22, 3, 194.64);
INSERT INTO order_items (id, order_id, product_id, quantity, unit_price) VALUES (286, 92, 11, 4, 261.5);
INSERT INTO order_items (id, order_id, product_id, quantity, unit_price) VALUES (287, 92, 9, 1, 32.03);
INSERT INTO order_items (id, order_id, product_id, quantity, unit_price) VALUES (288, 92, 20, 4, 301.26);
INSERT INTO order_items (id, order_id, product_id, quantity, unit_price) VALUES (289, 92, 6, 1, 261.08);
INSERT INTO order_items (id, order_id, product_id, quantity, unit_price) VALUES (290, 93, 29, 1, 169.8);
INSERT INTO order_items (id, order_id, product_id, quantity, unit_price) VALUES (291, 93, 24, 3, 327.92);
INSERT INTO order_items (id, order_id, product_id, quantity, unit_price) VALUES (292, 94, 15, 4, 438.12);
INSERT INTO order_items (id, order_id, product_id, quantity, unit_price) VALUES (293, 94, 23, 2, 162.35);
INSERT INTO order_items (id, order_id, product_id, quantity, unit_price) VALUES (294, 94, 11, 2, 261.5);
INSERT INTO order_items (id, order_id, product_id, quantity, unit_price) VALUES (295, 94, 10, 1, 232.18);
INSERT INTO order_items (id, order_id, product_id, quantity, unit_price) VALUES (296, 95, 12, 4, 460.36);
INSERT INTO order_items (id, order_id, product_id, quantity, unit_price) VALUES (297, 95, 1, 2, 8.97);
INSERT INTO order_items (id, order_id, product_id, quantity, unit_price) VALUES (298, 96, 19, 1, 353.4);
INSERT INTO order_items (id, order_id, product_id, quantity, unit_price) VALUES (299, 96, 3, 3, 176.07);
INSERT INTO order_items (id, order_id, product_id, quantity, unit_price) VALUES (300, 96, 1, 4, 8.97);
INSERT INTO order_items (id, order_id, product_id, quantity, unit_price) VALUES (301, 97, 20, 1, 301.26);
INSERT INTO order_items (id, order_id, product_id, quantity, unit_price) VALUES (302, 97, 25, 2, 232.22);
INSERT INTO order_items (id, order_id, product_id, quantity, unit_price) VALUES (303, 97, 17, 2, 78.09);
INSERT INTO order_items (id, order_id, product_id, quantity, unit_price) VALUES (304, 98, 16, 2, 49.09);
INSERT INTO order_items (id, order_id, product_id, quantity, unit_price) VALUES (305, 98, 12, 4, 460.36);
INSERT INTO order_items (id, order_id, product_id, quantity, unit_price) VALUES (306, 99, 30, 2, 200.92);
INSERT INTO order_items (id, order_id, product_id, quantity, unit_price) VALUES (307, 99, 20, 1, 301.26);
INSERT INTO order_items (id, order_id, product_id, quantity, unit_price) VALUES (308, 100, 23, 4, 162.35);
INSERT INTO order_items (id, order_id, product_id, quantity, unit_price) VALUES (309, 101, 4, 4, 357.45);
INSERT INTO order_items (id, order_id, product_id, quantity, unit_price) VALUES (310, 101, 29, 3, 169.8);
INSERT INTO order_items (id, order_id, product_id, quantity, unit_price) VALUES (311, 101, 15, 3, 438.12);
INSERT INTO order_items (id, order_id, product_id, quantity, unit_price) VALUES (312, 101, 9, 4, 32.03);
INSERT INTO order_items (id, order_id, product_id, quantity, unit_price) VALUES (313, 102, 3, 1, 176.07);
INSERT INTO order_items (id, order_id, product_id, quantity, unit_price) VALUES (314, 102, 24, 4, 327.92);
INSERT INTO order_items (id, order_id, product_id, quantity, unit_price) VALUES (315, 102, 29, 1, 169.8);
INSERT INTO order_items (id, order_id, product_id, quantity, unit_price) VALUES (316, 103, 28, 3, 414.03);
INSERT INTO order_items (id, order_id, product_id, quantity, unit_price) VALUES (317, 103, 14, 3, 86.19);
INSERT INTO order_items (id, order_id, product_id, quantity, unit_price) VALUES (318, 103, 18, 2, 179.41);
INSERT INTO order_items (id, order_id, product_id, quantity, unit_price) VALUES (319, 104, 22, 4, 194.64);
INSERT INTO order_items (id, order_id, product_id, quantity, unit_price) VALUES (320, 105, 14, 3, 86.19);
INSERT INTO order_items (id, order_id, product_id, quantity, unit_price) VALUES (321, 105, 28, 3, 414.03);
INSERT INTO order_items (id, order_id, product_id, quantity, unit_price) VALUES (322, 105, 25, 4, 232.22);
INSERT INTO order_items (id, order_id, product_id, quantity, unit_price) VALUES (323, 105, 22, 1, 194.64);
INSERT INTO order_items (id, order_id, product_id, quantity, unit_price) VALUES (324, 105, 3, 4, 176.07);
INSERT INTO order_items (id, order_id, product_id, quantity, unit_price) VALUES (325, 106, 15, 2, 438.12);
INSERT INTO order_items (id, order_id, product_id, quantity, unit_price) VALUES (326, 106, 18, 3, 179.41);
INSERT INTO order_items (id, order_id, product_id, quantity, unit_price) VALUES (327, 106, 10, 1, 232.18);
INSERT INTO order_items (id, order_id, product_id, quantity, unit_price) VALUES (328, 106, 3, 2, 176.07);
INSERT INTO order_items (id, order_id, product_id, quantity, unit_price) VALUES (329, 106, 29, 2, 169.8);
INSERT INTO order_items (id, order_id, product_id, quantity, unit_price) VALUES (330, 107, 1, 1, 8.97);
INSERT INTO order_items (id, order_id, product_id, quantity, unit_price) VALUES (331, 107, 27, 3, 364.49);
INSERT INTO order_items (id, order_id, product_id, quantity, unit_price) VALUES (332, 107, 24, 2, 327.92);
INSERT INTO order_items (id, order_id, product_id, quantity, unit_price) VALUES (333, 107, 13, 3, 446.67);
INSERT INTO order_items (id, order_id, product_id, quantity, unit_price) VALUES (334, 107, 2, 4, 335.22);
INSERT INTO order_items (id, order_id, product_id, quantity, unit_price) VALUES (335, 108, 20, 3, 301.26);
INSERT INTO order_items (id, order_id, product_id, quantity, unit_price) VALUES (336, 108, 2, 2, 335.22);
INSERT INTO order_items (id, order_id, product_id, quantity, unit_price) VALUES (337, 108, 5, 2, 377.08);
INSERT INTO order_items (id, order_id, product_id, quantity, unit_price) VALUES (338, 108, 16, 2, 49.09);
INSERT INTO order_items (id, order_id, product_id, quantity, unit_price) VALUES (339, 109, 9, 1, 32.03);
INSERT INTO order_items (id, order_id, product_id, quantity, unit_price) VALUES (340, 110, 18, 3, 179.41);
INSERT INTO order_items (id, order_id, product_id, quantity, unit_price) VALUES (341, 110, 30, 1, 200.92);
INSERT INTO order_items (id, order_id, product_id, quantity, unit_price) VALUES (342, 110, 5, 4, 377.08);
INSERT INTO order_items (id, order_id, product_id, quantity, unit_price) VALUES (343, 110, 3, 3, 176.07);
INSERT INTO order_items (id, order_id, product_id, quantity, unit_price) VALUES (344, 110, 23, 3, 162.35);
INSERT INTO order_items (id, order_id, product_id, quantity, unit_price) VALUES (345, 111, 2, 3, 335.22);
INSERT INTO order_items (id, order_id, product_id, quantity, unit_price) VALUES (346, 111, 15, 3, 438.12);
INSERT INTO order_items (id, order_id, product_id, quantity, unit_price) VALUES (347, 112, 12, 1, 460.36);
INSERT INTO order_items (id, order_id, product_id, quantity, unit_price) VALUES (348, 112, 21, 4, 421.77);
INSERT INTO order_items (id, order_id, product_id, quantity, unit_price) VALUES (349, 112, 15, 4, 438.12);
INSERT INTO order_items (id, order_id, product_id, quantity, unit_price) VALUES (350, 113, 16, 3, 49.09);
INSERT INTO order_items (id, order_id, product_id, quantity, unit_price) VALUES (351, 113, 7, 1, 72.99);
INSERT INTO order_items (id, order_id, product_id, quantity, unit_price) VALUES (352, 113, 30, 3, 200.92);
INSERT INTO order_items (id, order_id, product_id, quantity, unit_price) VALUES (353, 113, 11, 3, 261.5);
INSERT INTO order_items (id, order_id, product_id, quantity, unit_price) VALUES (354, 114, 20, 2, 301.26);
INSERT INTO order_items (id, order_id, product_id, quantity, unit_price) VALUES (355, 115, 29, 4, 169.8);
INSERT INTO order_items (id, order_id, product_id, quantity, unit_price) VALUES (356, 115, 1, 1, 8.97);
INSERT INTO order_items (id, order_id, product_id, quantity, unit_price) VALUES (357, 115, 13, 1, 446.67);
INSERT INTO order_items (id, order_id, product_id, quantity, unit_price) VALUES (358, 116, 5, 3, 377.08);
INSERT INTO order_items (id, order_id, product_id, quantity, unit_price) VALUES (359, 117, 15, 2, 438.12);
INSERT INTO order_items (id, order_id, product_id, quantity, unit_price) VALUES (360, 117, 19, 3, 353.4);
INSERT INTO order_items (id, order_id, product_id, quantity, unit_price) VALUES (361, 117, 26, 2, 357.03);
INSERT INTO order_items (id, order_id, product_id, quantity, unit_price) VALUES (362, 118, 18, 4, 179.41);
INSERT INTO order_items (id, order_id, product_id, quantity, unit_price) VALUES (363, 118, 12, 3, 460.36);
INSERT INTO order_items (id, order_id, product_id, quantity, unit_price) VALUES (364, 118, 1, 4, 8.97);
INSERT INTO order_items (id, order_id, product_id, quantity, unit_price) VALUES (365, 118, 21, 2, 421.77);
INSERT INTO order_items (id, order_id, product_id, quantity, unit_price) VALUES (366, 118, 7, 4, 72.99);
INSERT INTO order_items (id, order_id, product_id, quantity, unit_price) VALUES (367, 119, 8, 1, 138.47);
INSERT INTO order_items (id, order_id, product_id, quantity, unit_price) VALUES (368, 119, 17, 4, 78.09);
INSERT INTO order_items (id, order_id, product_id, quantity, unit_price) VALUES (369, 120, 6, 1, 261.08);
INSERT INTO order_items (id, order_id, product_id, quantity, unit_price) VALUES (370, 121, 10, 4, 232.18);
INSERT INTO order_items (id, order_id, product_id, quantity, unit_price) VALUES (371, 121, 8, 1, 138.47);
INSERT INTO order_items (id, order_id, product_id, quantity, unit_price) VALUES (372, 121, 18, 2, 179.41);
INSERT INTO order_items (id, order_id, product_id, quantity, unit_price) VALUES (373, 121, 15, 3, 438.12);
INSERT INTO order_items (id, order_id, product_id, quantity, unit_price) VALUES (374, 122, 27, 2, 364.49);
INSERT INTO order_items (id, order_id, product_id, quantity, unit_price) VALUES (375, 122, 4, 1, 357.45);
INSERT INTO order_items (id, order_id, product_id, quantity, unit_price) VALUES (376, 122, 19, 2, 353.4);
INSERT INTO order_items (id, order_id, product_id, quantity, unit_price) VALUES (377, 122, 13, 1, 446.67);
INSERT INTO order_items (id, order_id, product_id, quantity, unit_price) VALUES (378, 123, 28, 1, 414.03);
INSERT INTO order_items (id, order_id, product_id, quantity, unit_price) VALUES (379, 123, 30, 4, 200.92);
INSERT INTO order_items (id, order_id, product_id, quantity, unit_price) VALUES (380, 123, 1, 2, 8.97);
INSERT INTO order_items (id, order_id, product_id, quantity, unit_price) VALUES (381, 123, 9, 3, 32.03);
INSERT INTO order_items (id, order_id, product_id, quantity, unit_price) VALUES (382, 123, 5, 3, 377.08);
INSERT INTO order_items (id, order_id, product_id, quantity, unit_price) VALUES (383, 124, 20, 3, 301.26);
INSERT INTO order_items (id, order_id, product_id, quantity, unit_price) VALUES (384, 124, 3, 3, 176.07);
INSERT INTO order_items (id, order_id, product_id, quantity, unit_price) VALUES (385, 124, 23, 1, 162.35);
INSERT INTO order_items (id, order_id, product_id, quantity, unit_price) VALUES (386, 125, 6, 3, 261.08);
INSERT INTO order_items (id, order_id, product_id, quantity, unit_price) VALUES (387, 125, 9, 1, 32.03);
INSERT INTO order_items (id, order_id, product_id, quantity, unit_price) VALUES (388, 125, 24, 4, 327.92);
INSERT INTO order_items (id, order_id, product_id, quantity, unit_price) VALUES (389, 125, 1, 2, 8.97);
INSERT INTO order_items (id, order_id, product_id, quantity, unit_price) VALUES (390, 126, 27, 2, 364.49);
INSERT INTO order_items (id, order_id, product_id, quantity, unit_price) VALUES (391, 127, 3, 1, 176.07);
INSERT INTO order_items (id, order_id, product_id, quantity, unit_price) VALUES (392, 127, 19, 2, 353.4);
INSERT INTO order_items (id, order_id, product_id, quantity, unit_price) VALUES (393, 127, 15, 3, 438.12);
INSERT INTO order_items (id, order_id, product_id, quantity, unit_price) VALUES (394, 127, 25, 1, 232.22);
INSERT INTO order_items (id, order_id, product_id, quantity, unit_price) VALUES (395, 127, 16, 1, 49.09);
INSERT INTO order_items (id, order_id, product_id, quantity, unit_price) VALUES (396, 128, 11, 4, 261.5);
INSERT INTO order_items (id, order_id, product_id, quantity, unit_price) VALUES (397, 129, 29, 1, 169.8);
INSERT INTO order_items (id, order_id, product_id, quantity, unit_price) VALUES (398, 130, 17, 3, 78.09);
INSERT INTO order_items (id, order_id, product_id, quantity, unit_price) VALUES (399, 131, 9, 4, 32.03);
INSERT INTO order_items (id, order_id, product_id, quantity, unit_price) VALUES (400, 132, 20, 2, 301.26);
INSERT INTO order_items (id, order_id, product_id, quantity, unit_price) VALUES (401, 132, 9, 2, 32.03);
INSERT INTO order_items (id, order_id, product_id, quantity, unit_price) VALUES (402, 132, 8, 3, 138.47);
INSERT INTO order_items (id, order_id, product_id, quantity, unit_price) VALUES (403, 132, 29, 3, 169.8);
INSERT INTO order_items (id, order_id, product_id, quantity, unit_price) VALUES (404, 132, 24, 1, 327.92);
INSERT INTO order_items (id, order_id, product_id, quantity, unit_price) VALUES (405, 133, 20, 3, 301.26);
INSERT INTO order_items (id, order_id, product_id, quantity, unit_price) VALUES (406, 133, 1, 3, 8.97);
INSERT INTO order_items (id, order_id, product_id, quantity, unit_price) VALUES (407, 133, 2, 1, 335.22);
INSERT INTO order_items (id, order_id, product_id, quantity, unit_price) VALUES (408, 134, 8, 4, 138.47);
INSERT INTO order_items (id, order_id, product_id, quantity, unit_price) VALUES (409, 134, 11, 1, 261.5);
INSERT INTO order_items (id, order_id, product_id, quantity, unit_price) VALUES (410, 134, 24, 3, 327.92);
INSERT INTO order_items (id, order_id, product_id, quantity, unit_price) VALUES (411, 135, 19, 3, 353.4);
INSERT INTO order_items (id, order_id, product_id, quantity, unit_price) VALUES (412, 135, 24, 2, 327.92);
INSERT INTO order_items (id, order_id, product_id, quantity, unit_price) VALUES (413, 136, 14, 3, 86.19);
INSERT INTO order_items (id, order_id, product_id, quantity, unit_price) VALUES (414, 136, 15, 3, 438.12);
INSERT INTO order_items (id, order_id, product_id, quantity, unit_price) VALUES (415, 136, 28, 2, 414.03);
INSERT INTO order_items (id, order_id, product_id, quantity, unit_price) VALUES (416, 136, 7, 2, 72.99);
INSERT INTO order_items (id, order_id, product_id, quantity, unit_price) VALUES (417, 136, 21, 1, 421.77);
INSERT INTO order_items (id, order_id, product_id, quantity, unit_price) VALUES (418, 137, 15, 3, 438.12);
INSERT INTO order_items (id, order_id, product_id, quantity, unit_price) VALUES (419, 137, 19, 4, 353.4);
INSERT INTO order_items (id, order_id, product_id, quantity, unit_price) VALUES (420, 138, 27, 2, 364.49);
INSERT INTO order_items (id, order_id, product_id, quantity, unit_price) VALUES (421, 138, 12, 2, 460.36);
INSERT INTO order_items (id, order_id, product_id, quantity, unit_price) VALUES (422, 138, 11, 2, 261.5);
INSERT INTO order_items (id, order_id, product_id, quantity, unit_price) VALUES (423, 139, 28, 1, 414.03);
INSERT INTO order_items (id, order_id, product_id, quantity, unit_price) VALUES (424, 139, 17, 1, 78.09);
INSERT INTO order_items (id, order_id, product_id, quantity, unit_price) VALUES (425, 139, 25, 2, 232.22);
INSERT INTO order_items (id, order_id, product_id, quantity, unit_price) VALUES (426, 139, 8, 4, 138.47);
INSERT INTO order_items (id, order_id, product_id, quantity, unit_price) VALUES (427, 140, 20, 2, 301.26);
INSERT INTO order_items (id, order_id, product_id, quantity, unit_price) VALUES (428, 141, 3, 4, 176.07);
INSERT INTO order_items (id, order_id, product_id, quantity, unit_price) VALUES (429, 141, 27, 2, 364.49);
INSERT INTO order_items (id, order_id, product_id, quantity, unit_price) VALUES (430, 141, 10, 1, 232.18);
INSERT INTO order_items (id, order_id, product_id, quantity, unit_price) VALUES (431, 142, 10, 1, 232.18);
INSERT INTO order_items (id, order_id, product_id, quantity, unit_price) VALUES (432, 142, 22, 1, 194.64);
INSERT INTO order_items (id, order_id, product_id, quantity, unit_price) VALUES (433, 142, 1, 1, 8.97);
INSERT INTO order_items (id, order_id, product_id, quantity, unit_price) VALUES (434, 143, 9, 2, 32.03);
INSERT INTO order_items (id, order_id, product_id, quantity, unit_price) VALUES (435, 143, 5, 2, 377.08);
INSERT INTO order_items (id, order_id, product_id, quantity, unit_price) VALUES (436, 144, 18, 1, 179.41);
INSERT INTO order_items (id, order_id, product_id, quantity, unit_price) VALUES (437, 144, 7, 3, 72.99);
INSERT INTO order_items (id, order_id, product_id, quantity, unit_price) VALUES (438, 145, 15, 1, 438.12);
INSERT INTO order_items (id, order_id, product_id, quantity, unit_price) VALUES (439, 145, 10, 4, 232.18);
INSERT INTO order_items (id, order_id, product_id, quantity, unit_price) VALUES (440, 145, 12, 1, 460.36);
INSERT INTO order_items (id, order_id, product_id, quantity, unit_price) VALUES (441, 145, 2, 3, 335.22);
INSERT INTO order_items (id, order_id, product_id, quantity, unit_price) VALUES (442, 146, 20, 1, 301.26);
INSERT INTO order_items (id, order_id, product_id, quantity, unit_price) VALUES (443, 146, 23, 2, 162.35);
INSERT INTO order_items (id, order_id, product_id, quantity, unit_price) VALUES (444, 146, 22, 1, 194.64);
INSERT INTO order_items (id, order_id, product_id, quantity, unit_price) VALUES (445, 146, 21, 4, 421.77);
INSERT INTO order_items (id, order_id, product_id, quantity, unit_price) VALUES (446, 147, 20, 3, 301.26);
INSERT INTO order_items (id, order_id, product_id, quantity, unit_price) VALUES (447, 148, 4, 4, 357.45);
INSERT INTO order_items (id, order_id, product_id, quantity, unit_price) VALUES (448, 149, 6, 4, 261.08);
INSERT INTO order_items (id, order_id, product_id, quantity, unit_price) VALUES (449, 149, 25, 2, 232.22);
INSERT INTO order_items (id, order_id, product_id, quantity, unit_price) VALUES (450, 150, 22, 2, 194.64);
INSERT INTO order_items (id, order_id, product_id, quantity, unit_price) VALUES (451, 150, 26, 4, 357.03);
INSERT INTO order_items (id, order_id, product_id, quantity, unit_price) VALUES (452, 150, 9, 2, 32.03);
INSERT INTO order_items (id, order_id, product_id, quantity, unit_price) VALUES (453, 150, 7, 2, 72.99);
INSERT INTO order_items (id, order_id, product_id, quantity, unit_price) VALUES (454, 150, 16, 4, 49.09);
INSERT INTO order_items (id, order_id, product_id, quantity, unit_price) VALUES (455, 151, 2, 3, 335.22);
INSERT INTO order_items (id, order_id, product_id, quantity, unit_price) VALUES (456, 151, 30, 2, 200.92);
INSERT INTO order_items (id, order_id, product_id, quantity, unit_price) VALUES (457, 151, 18, 1, 179.41);
INSERT INTO order_items (id, order_id, product_id, quantity, unit_price) VALUES (458, 151, 29, 4, 169.8);
INSERT INTO order_items (id, order_id, product_id, quantity, unit_price) VALUES (459, 151, 26, 2, 357.03);
INSERT INTO order_items (id, order_id, product_id, quantity, unit_price) VALUES (460, 152, 28, 4, 414.03);
INSERT INTO order_items (id, order_id, product_id, quantity, unit_price) VALUES (461, 152, 4, 1, 357.45);
INSERT INTO order_items (id, order_id, product_id, quantity, unit_price) VALUES (462, 152, 20, 3, 301.26);
INSERT INTO order_items (id, order_id, product_id, quantity, unit_price) VALUES (463, 153, 18, 4, 179.41);
INSERT INTO order_items (id, order_id, product_id, quantity, unit_price) VALUES (464, 153, 8, 1, 138.47);
INSERT INTO order_items (id, order_id, product_id, quantity, unit_price) VALUES (465, 153, 12, 1, 460.36);
INSERT INTO order_items (id, order_id, product_id, quantity, unit_price) VALUES (466, 153, 28, 4, 414.03);
INSERT INTO order_items (id, order_id, product_id, quantity, unit_price) VALUES (467, 154, 26, 1, 357.03);
INSERT INTO order_items (id, order_id, product_id, quantity, unit_price) VALUES (468, 154, 1, 4, 8.97);
INSERT INTO order_items (id, order_id, product_id, quantity, unit_price) VALUES (469, 154, 6, 1, 261.08);
INSERT INTO order_items (id, order_id, product_id, quantity, unit_price) VALUES (470, 154, 10, 3, 232.18);
INSERT INTO order_items (id, order_id, product_id, quantity, unit_price) VALUES (471, 155, 2, 2, 335.22);
INSERT INTO order_items (id, order_id, product_id, quantity, unit_price) VALUES (472, 155, 9, 3, 32.03);
INSERT INTO order_items (id, order_id, product_id, quantity, unit_price) VALUES (473, 156, 26, 4, 357.03);
INSERT INTO order_items (id, order_id, product_id, quantity, unit_price) VALUES (474, 157, 9, 4, 32.03);
INSERT INTO order_items (id, order_id, product_id, quantity, unit_price) VALUES (475, 157, 20, 2, 301.26);
INSERT INTO order_items (id, order_id, product_id, quantity, unit_price) VALUES (476, 157, 4, 2, 357.45);
INSERT INTO order_items (id, order_id, product_id, quantity, unit_price) VALUES (477, 158, 8, 2, 138.47);
INSERT INTO order_items (id, order_id, product_id, quantity, unit_price) VALUES (478, 159, 11, 4, 261.5);
INSERT INTO order_items (id, order_id, product_id, quantity, unit_price) VALUES (479, 159, 7, 1, 72.99);
INSERT INTO order_items (id, order_id, product_id, quantity, unit_price) VALUES (480, 160, 30, 4, 200.92);
INSERT INTO order_items (id, order_id, product_id, quantity, unit_price) VALUES (481, 160, 20, 3, 301.26);
INSERT INTO order_items (id, order_id, product_id, quantity, unit_price) VALUES (482, 161, 3, 3, 176.07);
INSERT INTO order_items (id, order_id, product_id, quantity, unit_price) VALUES (483, 161, 25, 4, 232.22);
INSERT INTO order_items (id, order_id, product_id, quantity, unit_price) VALUES (484, 162, 7, 4, 72.99);
INSERT INTO order_items (id, order_id, product_id, quantity, unit_price) VALUES (485, 162, 3, 2, 176.07);
INSERT INTO order_items (id, order_id, product_id, quantity, unit_price) VALUES (486, 162, 15, 2, 438.12);
INSERT INTO order_items (id, order_id, product_id, quantity, unit_price) VALUES (487, 162, 21, 1, 421.77);
INSERT INTO order_items (id, order_id, product_id, quantity, unit_price) VALUES (488, 163, 10, 4, 232.18);
INSERT INTO order_items (id, order_id, product_id, quantity, unit_price) VALUES (489, 163, 30, 2, 200.92);
INSERT INTO order_items (id, order_id, product_id, quantity, unit_price) VALUES (490, 164, 28, 2, 414.03);
INSERT INTO order_items (id, order_id, product_id, quantity, unit_price) VALUES (491, 164, 25, 4, 232.22);
INSERT INTO order_items (id, order_id, product_id, quantity, unit_price) VALUES (492, 164, 29, 1, 169.8);
INSERT INTO order_items (id, order_id, product_id, quantity, unit_price) VALUES (493, 164, 17, 1, 78.09);
INSERT INTO order_items (id, order_id, product_id, quantity, unit_price) VALUES (494, 165, 18, 3, 179.41);
INSERT INTO order_items (id, order_id, product_id, quantity, unit_price) VALUES (495, 165, 27, 4, 364.49);
INSERT INTO order_items (id, order_id, product_id, quantity, unit_price) VALUES (496, 165, 9, 3, 32.03);
INSERT INTO order_items (id, order_id, product_id, quantity, unit_price) VALUES (497, 165, 12, 2, 460.36);
INSERT INTO order_items (id, order_id, product_id, quantity, unit_price) VALUES (498, 165, 20, 4, 301.26);
INSERT INTO order_items (id, order_id, product_id, quantity, unit_price) VALUES (499, 166, 27, 4, 364.49);
INSERT INTO order_items (id, order_id, product_id, quantity, unit_price) VALUES (500, 166, 9, 1, 32.03);
INSERT INTO order_items (id, order_id, product_id, quantity, unit_price) VALUES (501, 166, 30, 3, 200.92);
INSERT INTO order_items (id, order_id, product_id, quantity, unit_price) VALUES (502, 166, 23, 1, 162.35);
INSERT INTO order_items (id, order_id, product_id, quantity, unit_price) VALUES (503, 167, 11, 3, 261.5);
INSERT INTO order_items (id, order_id, product_id, quantity, unit_price) VALUES (504, 168, 21, 2, 421.77);
INSERT INTO order_items (id, order_id, product_id, quantity, unit_price) VALUES (505, 169, 27, 4, 364.49);
INSERT INTO order_items (id, order_id, product_id, quantity, unit_price) VALUES (506, 170, 15, 2, 438.12);
INSERT INTO order_items (id, order_id, product_id, quantity, unit_price) VALUES (507, 170, 21, 4, 421.77);
INSERT INTO order_items (id, order_id, product_id, quantity, unit_price) VALUES (508, 170, 29, 1, 169.8);
INSERT INTO order_items (id, order_id, product_id, quantity, unit_price) VALUES (509, 171, 11, 4, 261.5);
INSERT INTO order_items (id, order_id, product_id, quantity, unit_price) VALUES (510, 171, 25, 1, 232.22);
INSERT INTO order_items (id, order_id, product_id, quantity, unit_price) VALUES (511, 172, 13, 1, 446.67);
INSERT INTO order_items (id, order_id, product_id, quantity, unit_price) VALUES (512, 172, 8, 4, 138.47);
INSERT INTO order_items (id, order_id, product_id, quantity, unit_price) VALUES (513, 172, 26, 4, 357.03);
INSERT INTO order_items (id, order_id, product_id, quantity, unit_price) VALUES (514, 172, 7, 1, 72.99);
INSERT INTO order_items (id, order_id, product_id, quantity, unit_price) VALUES (515, 172, 30, 3, 200.92);
INSERT INTO order_items (id, order_id, product_id, quantity, unit_price) VALUES (516, 173, 30, 2, 200.92);
INSERT INTO order_items (id, order_id, product_id, quantity, unit_price) VALUES (517, 173, 6, 2, 261.08);
INSERT INTO order_items (id, order_id, product_id, quantity, unit_price) VALUES (518, 173, 27, 1, 364.49);
INSERT INTO order_items (id, order_id, product_id, quantity, unit_price) VALUES (519, 173, 11, 2, 261.5);
INSERT INTO order_items (id, order_id, product_id, quantity, unit_price) VALUES (520, 174, 22, 4, 194.64);
INSERT INTO order_items (id, order_id, product_id, quantity, unit_price) VALUES (521, 175, 20, 3, 301.26);
INSERT INTO order_items (id, order_id, product_id, quantity, unit_price) VALUES (522, 175, 9, 2, 32.03);
INSERT INTO order_items (id, order_id, product_id, quantity, unit_price) VALUES (523, 175, 11, 1, 261.5);
INSERT INTO order_items (id, order_id, product_id, quantity, unit_price) VALUES (524, 175, 22, 4, 194.64);
INSERT INTO order_items (id, order_id, product_id, quantity, unit_price) VALUES (525, 175, 14, 4, 86.19);
INSERT INTO order_items (id, order_id, product_id, quantity, unit_price) VALUES (526, 176, 15, 4, 438.12);
INSERT INTO order_items (id, order_id, product_id, quantity, unit_price) VALUES (527, 176, 1, 1, 8.97);
INSERT INTO order_items (id, order_id, product_id, quantity, unit_price) VALUES (528, 176, 14, 3, 86.19);
INSERT INTO order_items (id, order_id, product_id, quantity, unit_price) VALUES (529, 177, 12, 4, 460.36);
INSERT INTO order_items (id, order_id, product_id, quantity, unit_price) VALUES (530, 177, 11, 4, 261.5);
INSERT INTO order_items (id, order_id, product_id, quantity, unit_price) VALUES (531, 177, 20, 1, 301.26);
INSERT INTO order_items (id, order_id, product_id, quantity, unit_price) VALUES (532, 178, 1, 4, 8.97);
INSERT INTO order_items (id, order_id, product_id, quantity, unit_price) VALUES (533, 178, 27, 2, 364.49);
INSERT INTO order_items (id, order_id, product_id, quantity, unit_price) VALUES (534, 178, 13, 2, 446.67);
INSERT INTO order_items (id, order_id, product_id, quantity, unit_price) VALUES (535, 178, 5, 3, 377.08);
INSERT INTO order_items (id, order_id, product_id, quantity, unit_price) VALUES (536, 179, 21, 4, 421.77);
INSERT INTO order_items (id, order_id, product_id, quantity, unit_price) VALUES (537, 179, 30, 1, 200.92);
INSERT INTO order_items (id, order_id, product_id, quantity, unit_price) VALUES (538, 179, 16, 3, 49.09);
INSERT INTO order_items (id, order_id, product_id, quantity, unit_price) VALUES (539, 179, 29, 2, 169.8);
INSERT INTO order_items (id, order_id, product_id, quantity, unit_price) VALUES (540, 179, 5, 4, 377.08);
INSERT INTO order_items (id, order_id, product_id, quantity, unit_price) VALUES (541, 180, 17, 3, 78.09);
INSERT INTO order_items (id, order_id, product_id, quantity, unit_price) VALUES (542, 180, 7, 3, 72.99);
INSERT INTO order_items (id, order_id, product_id, quantity, unit_price) VALUES (543, 181, 20, 3, 301.26);
INSERT INTO order_items (id, order_id, product_id, quantity, unit_price) VALUES (544, 181, 5, 1, 377.08);
INSERT INTO order_items (id, order_id, product_id, quantity, unit_price) VALUES (545, 181, 16, 3, 49.09);
INSERT INTO order_items (id, order_id, product_id, quantity, unit_price) VALUES (546, 182, 20, 1, 301.26);
INSERT INTO order_items (id, order_id, product_id, quantity, unit_price) VALUES (547, 183, 1, 4, 8.97);
INSERT INTO order_items (id, order_id, product_id, quantity, unit_price) VALUES (548, 183, 6, 2, 261.08);
INSERT INTO order_items (id, order_id, product_id, quantity, unit_price) VALUES (549, 183, 27, 3, 364.49);
INSERT INTO order_items (id, order_id, product_id, quantity, unit_price) VALUES (550, 183, 13, 3, 446.67);
INSERT INTO order_items (id, order_id, product_id, quantity, unit_price) VALUES (551, 183, 29, 4, 169.8);
INSERT INTO order_items (id, order_id, product_id, quantity, unit_price) VALUES (552, 184, 27, 2, 364.49);
INSERT INTO order_items (id, order_id, product_id, quantity, unit_price) VALUES (553, 184, 23, 2, 162.35);
INSERT INTO order_items (id, order_id, product_id, quantity, unit_price) VALUES (554, 184, 13, 2, 446.67);
INSERT INTO order_items (id, order_id, product_id, quantity, unit_price) VALUES (555, 184, 12, 2, 460.36);
INSERT INTO order_items (id, order_id, product_id, quantity, unit_price) VALUES (556, 185, 14, 4, 86.19);
INSERT INTO order_items (id, order_id, product_id, quantity, unit_price) VALUES (557, 185, 2, 2, 335.22);
INSERT INTO order_items (id, order_id, product_id, quantity, unit_price) VALUES (558, 186, 4, 3, 357.45);
INSERT INTO order_items (id, order_id, product_id, quantity, unit_price) VALUES (559, 186, 27, 2, 364.49);
INSERT INTO order_items (id, order_id, product_id, quantity, unit_price) VALUES (560, 187, 13, 4, 446.67);
INSERT INTO order_items (id, order_id, product_id, quantity, unit_price) VALUES (561, 188, 27, 1, 364.49);
INSERT INTO order_items (id, order_id, product_id, quantity, unit_price) VALUES (562, 189, 3, 3, 176.07);
INSERT INTO order_items (id, order_id, product_id, quantity, unit_price) VALUES (563, 189, 6, 4, 261.08);
INSERT INTO order_items (id, order_id, product_id, quantity, unit_price) VALUES (564, 190, 11, 3, 261.5);
INSERT INTO order_items (id, order_id, product_id, quantity, unit_price) VALUES (565, 191, 19, 4, 353.4);
INSERT INTO order_items (id, order_id, product_id, quantity, unit_price) VALUES (566, 191, 16, 4, 49.09);
INSERT INTO order_items (id, order_id, product_id, quantity, unit_price) VALUES (567, 191, 26, 3, 357.03);
INSERT INTO order_items (id, order_id, product_id, quantity, unit_price) VALUES (568, 191, 28, 1, 414.03);
INSERT INTO order_items (id, order_id, product_id, quantity, unit_price) VALUES (569, 192, 4, 3, 357.45);
INSERT INTO order_items (id, order_id, product_id, quantity, unit_price) VALUES (570, 192, 2, 4, 335.22);
INSERT INTO order_items (id, order_id, product_id, quantity, unit_price) VALUES (571, 193, 18, 4, 179.41);
INSERT INTO order_items (id, order_id, product_id, quantity, unit_price) VALUES (572, 193, 6, 3, 261.08);
INSERT INTO order_items (id, order_id, product_id, quantity, unit_price) VALUES (573, 193, 30, 2, 200.92);
INSERT INTO order_items (id, order_id, product_id, quantity, unit_price) VALUES (574, 194, 26, 1, 357.03);
INSERT INTO order_items (id, order_id, product_id, quantity, unit_price) VALUES (575, 195, 30, 2, 200.92);
INSERT INTO order_items (id, order_id, product_id, quantity, unit_price) VALUES (576, 195, 21, 1, 421.77);
INSERT INTO order_items (id, order_id, product_id, quantity, unit_price) VALUES (577, 195, 24, 4, 327.92);
INSERT INTO order_items (id, order_id, product_id, quantity, unit_price) VALUES (578, 196, 30, 1, 200.92);
INSERT INTO order_items (id, order_id, product_id, quantity, unit_price) VALUES (579, 196, 12, 4, 460.36);
INSERT INTO order_items (id, order_id, product_id, quantity, unit_price) VALUES (580, 197, 26, 3, 357.03);
INSERT INTO order_items (id, order_id, product_id, quantity, unit_price) VALUES (581, 198, 16, 2, 49.09);
INSERT INTO order_items (id, order_id, product_id, quantity, unit_price) VALUES (582, 198, 3, 3, 176.07);
INSERT INTO order_items (id, order_id, product_id, quantity, unit_price) VALUES (583, 198, 7, 2, 72.99);
INSERT INTO order_items (id, order_id, product_id, quantity, unit_price) VALUES (584, 198, 18, 2, 179.41);
INSERT INTO order_items (id, order_id, product_id, quantity, unit_price) VALUES (585, 198, 23, 1, 162.35);
INSERT INTO order_items (id, order_id, product_id, quantity, unit_price) VALUES (586, 199, 16, 1, 49.09);
INSERT INTO order_items (id, order_id, product_id, quantity, unit_price) VALUES (587, 199, 26, 3, 357.03);
INSERT INTO order_items (id, order_id, product_id, quantity, unit_price) VALUES (588, 199, 19, 3, 353.4);
INSERT INTO order_items (id, order_id, product_id, quantity, unit_price) VALUES (589, 199, 2, 3, 335.22);
INSERT INTO order_items (id, order_id, product_id, quantity, unit_price) VALUES (590, 200, 1, 3, 8.97);
COMMIT;
