id,campaign_id,lead_id,event_type,ts
1,1,88,SENT,2023-04-20 23:10:00+0000
2,1,178,SENT,2023-05-15 00:23:00+0000
3,1,178,OPEN,2023-11-17 17:32:00+0000
4,1,117,SENT,2023-12-27 08:37:00+0000
5,1,117,OPEN,2023-03-08 02:00:00+0000
6,1,117,CLICK,2023-02-05 22:02:00+0000
7,1,108,SENT,2023-07-19 23:48:00+0000
8,1,108,OPEN,2023-10-26 17:31:00+0000
9,1,43,SENT,2023-03-21 08:36:00+0000
10,1,43,OPEN,2023-05-24 05:57:00+0000
11,1,43,CLICK,2023-06-19 16:12:00+0000
12,1,82,SENT,2023-06-03 17:14:00+0000
13,1,82,OPEN,2023-12-15 07:25:00+0000
14,1,82,CLICK,2023-08-14 11:26:00+0000
15,1,18,SENT,2023-05-03 05:27:00+0000
16,1,94,SENT,2023-01-14 08:23:00+0000
17,1,94,UNSUBSCRIBE,2023-05-09 21:35:00+0000
18,1,77,SENT,2023-01-11 00:10:00+0000
19,1,77,OPEN,2023-06-15 07:56:00+0000
20,1,77,CLICK,2023-01-22 02:44:00+0000
21,1,159,SENT,2023-08-31 05:45:00+0000
22,1,159,OPEN,2023-02-05 00:59:00+0000
23,1,159,CLICK,2023-05-01 14:27:00+0000
24,1,99,SENT,2023-04-18 11:18:00+0000
25,1,99,OPEN,2023-10-15 18:14:00+0000
26,1,192,SENT,2023-10-15 03:16:00+0000
27,1,154,SENT,2023-04-15 14:26:00+0000
28,1,154,OPEN,2023-05-11 12:23:00+0000
29,1,196,SENT,2023-01-06 09:21:00+0000
30,1,196,OPEN,2023-09-20 19:03:00+0000
31,1,196,CLICK,2024-02-05 19:27:00+0000
32,1,106,SENT,2023-03-27 02:29:00+0000
33,1,106,OPEN,2023-01-15 17:14:00+0000
34,1,11,SENT,2023-01-15 18:09:00+0000
35,1,11,OPEN,2023-03-14 20:08:00+0000
36,1,11,CLICK,2023-05-13 06:34:00+0000
37,1,11,BOUNCE,2023-11-12 16:45:00+0000
38,1,42,SENT,2023-03-27 23:29:00+0000
39,1,42,OPEN,2023-07-27 19:04:00+0000
40,1,40,SENT,2023-09-21 17:23:00+0000
41,1,182,SENT,2023-04-11 20:40:00+0000
42,1,198,SENT,2023-02-01 17:53:00+0000
43,1,1,SENT,2023-11-19 14:10:00+0000
44,1,151,SENT,2023-12-01 07:38:00+0000
45,1,147,SENT,2023-09-15 14:04:00+0000
46,1,65,SENT,2023-09-11 22:07:00+0000
47,1,65,OPEN,2024-01-20 19:35:00+0000
48,1,65,CLICK,2023-09-12 00:40:00+0000
49,1,138,SENT,2023-01-17 07:36:00+0000
50,1,138,BOUNCE,2023-04-03 06:37:00+0000
51,1,84,SENT,2023-05-07 07:01:00+0000
52,1,84,OPEN,2023-01-16 04:26:00+0000
53,1,2,SENT,2023-01-02 21:46:00+0000
54,1,2,OPEN,2023-07-18 16:13:00+0000
55,1,2,CLICK,2023-01-05 15:12:00+0000
56,1,56,SENT,2024-01-22 18:28:00+0000
57,1,119,SENT,2023-08-09 18:25:00+0000
58,1,119,OPEN,2023-04-05 16:50:00+0000
59,1,119,CLICK,2023-05-23 01:29:00+0000
60,1,66,SENT,2023-06-05 21:09:00+0000
61,1,66,OPEN,2023-02-28 16:21:00+0000
62,1,66,CLICK,2023-09-13 07:38:00+0000
63,1,3,SENT,2023-04-06 00:00:00+0000
64,1,3,OPEN,2023-01-28 06:01:00+0000
65,1,3,CLICK,2023-04-14 16:06:00+0000
66,1,163,SENT,2023-01-05 18:20:00+0000
67,1,163,OPEN,2023-03-09 21:12:00+0000
68,1,163,CLICK,2023-01-21 11:29:00+0000
69,1,67,SENT,2023-12-08 09:28:00+0000
70,1,67,OPEN,2023-05-07 23:51:00+0000
71,1,79,SENT,2023-08-10 17:38:00+0000
72,1,79,OPEN,2023-07-04 06:03:00+0000
73,1,161,SENT,2023-09-20 18:26:00+0000
74,1,187,SENT,2024-01-11 09:21:00+0000
75,1,187,OPEN,2023-01-16 12:34:00+0000
76,1,21,SENT,2023-01-23 20:14:00+0000
77,1,21,OPEN,2023-08-01 06:32:00+0000
78,1,21,CLICK,2023-01-16 19:51:00+0000
79,1,191,SENT,2023-06-02 23:15:00+0000
80,1,191,OPEN,2023-03-20 15:52:00+0000
81,1,191,CLICK,2023-01-20 01:06:00+0000
82,1,9,SENT,2023-07-12 00:11:00+0000
83,1,9,OPEN,2023-04-13 07:10:00+0000
84,1,9,CLICK,2023-08-13 20:01:00+0000
85,1,69,SENT,2023-12-29 05:20:00+0000
86,2,2,SENT,2023-11-09 04:35:00+0000
87,2,191,SENT,2023-01-02 21:14:00+0000
88,2,191,OPEN,2024-01-30 03:21:00+0000
89,2,37,SENT,2023-10-27 13:07:00+0000
90,2,125,SENT,2023-10-20 02:14:00+0000
91,2,136,SENT,2023-11-05 02:26:00+0000
92,2,51,SENT,2023-03-16 02:19:00+0000
93,2,51,OPEN,2023-03-26 07:21:00+0000
94,2,51,CLICK,2023-01-01 18:42:00+0000
95,2,80,SENT,2024-01-30 22:50:00+0000
96,2,80,OPEN,2023-12-03 23:50:00+0000
97,2,43,SENT,2023-12-08 17:05:00+0000
98,2,43,OPEN,2023-11-22 22:43:00+0000
99,2,174,SENT,2023-08-02 04:46:00+0000
100,2,64,SENT,2023-05-22 07:08:00+0000
101,2,64,OPEN,2023-12-07 15:30:00+0000
102,2,40,SENT,2023-03-25 09:09:00+0000
103,2,40,OPEN,2023-11-28 19:16:00+0000
104,2,40,CLICK,2023-09-19 12:47:00+0000
105,2,65,SENT,2023-11-20 18:11:00+0000
106,2,65,OPEN,2023-05-24 14:25:00+0000
107,2,65,UNSUBSCRIBE,2023-05-07 19:49:00+0000
108,2,157,SENT,2023-08-24 23:24:00+0000
109,2,112,SENT,2024-01-12 23:48:00+0000
110,2,112,OPEN,2023-01-11 06:40:00+0000
111,2,112,CLICK,2024-01-22 03:59:00+0000
112,2,171,SENT,2023-10-15 06:34:00+0000
113,2,119,SENT,2023-11-21 10:37:00+0000
114,2,193,SENT,2024-01-06 06:04:00+0000
115,2,193,OPEN,2023-11-23 16:21:00+0000
116,2,193,CLICK,2023-12-29 09:03:00+0000
117,2,38,SENT,2023-03-13 16:38:00+0000
118,2,195,SENT,2023-12-31 11:37:00+0000
119,2,195,OPEN,2023-01-11 04:13:00+0000
120,2,49,SENT,2023-07-01 15:45:00+0000
121,2,49,OPEN,2023-08-23 20:38:00+0000
122,2,23,SENT,2023-04-01 09:33:00+0000
123,2,23,OPEN,2023-08-04 20:25:00+0000
124,2,23,CLICK,2023-02-03 07:25:00+0000
125,2,79,SENT,2023-04-19 20:14:00+0000
126,2,79,OPEN,2023-10-13 18:33:00+0000
127,2,115,SENT,2023-10-27 09:34:00+0000
128,2,141,SENT,2023-08-02 12:39:00+0000
129,2,63,SENT,2023-03-21 00:39:00+0000
130,2,63,OPEN,2023-12-18 08:10:00+0000
131,2,63,CLICK,2023-09-06 08:49:00+0000
132,2,143,SENT,2023-07-19 05:32:00+0000
133,2,143,OPEN,2023-11-14 09:05:00+0000
134,2,25,SENT,2023-03-16 00:38:00+0000
135,2,25,OPEN,2023-05-13 02:02:00+0000
136,2,25,CLICK,2023-04-04 07:34:00+0000
137,2,13,SENT,2023-03-16 23:46:00+0000
138,2,13,OPEN,2023-02-19 03:16:00+0000
139,2,100,SENT,2023-01-07 17:05:00+0000
140,2,100,OPEN,2023-02-21 07:30:00+0000
141,2,100,CLICK,2023-04-08 08:11:00+0000
142,2,127,SENT,2023-08-16 07:28:00+0000
143,2,127,OPEN,2023-01-27 06:47:00+0000
144,2,127,CLICK,2023-02-06 11:11:00+0000
145,2,74,SENT,2023-05-19 02:29:00+0000
146,2,74,OPEN,2023-03-03 20:43:00+0000
147,2,74,CLICK,2023-08-12 23:21:00+0000
148,2,14,SENT,2023-06-21 13:06:00+0000
149,2,162,SENT,2023-11-17 17:20:00+0000
150,2,180,SENT,2023-05-24 01:18:00+0000
151,2,180,OPEN,2023-04-28 00:15:00+0000
152,2,180,CLICK,2023-08-12 09:45:00+0000
153,2,69,SENT,2023-07-08 15:39:00+0000
154,2,81,SENT,2023-08-19 17:06:00+0000
155,2,81,OPEN,2023-12-10 20:57:00+0000
156,2,81,CLICK,2023-01-22 03:59:00+0000
157,2,67,SENT,2023-12-18 14:36:00+0000
158,2,67,OPEN,2023-04-21 16:48:00+0000
159,2,41,SENT,2023-12-31 19:19:00+0000
160,2,88,SENT,2023-07-01 09:50:00+0000
161,2,88,OPEN,2023-04-24 15:44:00+0000
162,2,176,SENT,2023-07-29 18:28:00+0000
163,2,176,OPEN,2023-06-21 01:20:00+0000
164,2,176,CLICK,2023-12-08 19:21:00+0000
165,2,46,SENT,2023-05-31 13:46:00+0000
166,2,46,UNSUBSCRIBE,2023-02-23 13:57:00+0000
167,2,183,SENT,2023-12-14 02:10:00+0000
168,2,183,OPEN,2023-01-10 05:41:00+0000
169,2,50,SENT,2023-11-14 19:54:00+0000
170,2,50,OPEN,2023-10-10 05:05:00+0000
171,2,182,SENT,2023-11-13 04:09:00+0000
172,2,182,OPEN,2023-08-12 18:39:00+0000
173,2,20,SENT,2024-01-17 12:16:00+0000
174,2,20,OPEN,2023-01-12 22:51:00+0000
175,2,20,CLICK,2023-01-15 07:15:00+0000
176,2,97,SENT,2023-05-26 22:45:00+0000
177,2,97,OPEN,2023-10-30 00:00:00+0000
178,2,97,BOUNCE,2023-12-04 19:43:00+0000
179,2,96,SENT,2023-10-16 19:53:00+0000
180,2,96,OPEN,2023-01-26 11:50:00+0000
181,2,179,SENT,2023-02-13 14:49:00+0000
182,3,68,SENT,2023-10-01 03:36:00+0000
183,3,68,OPEN,2023-09-27 17:44:00+0000
184,3,73,SENT,2023-05-15 17:23:00+0000
185,3,45,SENT,2023-12-21 02:47:00+0000
186,3,45,OPEN,2023-04-14 23:09:00+0000
187,3,45,CLICK,2023-06-07 07:33:00+0000
188,3,45,UNSUBSCRIBE,2024-01-18 12:52:00+0000
189,3,33,SENT,2023-12-30 13:13:00+0000
190,3,33,OPEN,2023-06-06 14:22:00+0000
191,3,116,SENT,2023-12-04 18:34:00+0000
192,3,116,UNSUBSCRIBE,2023-01-01 21:16:00+0000
193,3,133,SENT,2023-09-15 17:56:00+0000
194,3,133,OPEN,2023-10-19 20:34:00+0000
195,3,133,CLICK,2023-12-18 11:26:00+0000
196,3,190,SENT,2023-01-31 13:46:00+0000
197,3,190,OPEN,2024-01-19 00:42:00+0000
198,3,163,SENT,2023-03-08 22:50:00+0000
199,3,118,SENT,2023-12-08 23:12:00+0000
200,3,111,SENT,2023-09-03 03:01:00+0000
201,3,27,SENT,2024-01-13 19:36:00+0000
202,3,167,SENT,2023-08-02 02:17:00+0000
203,3,29,SENT,2023-08-07 09:44:00+0000
204,3,1,SENT,2023-07-13 14:07:00+0000
205,3,1,OPEN,2024-01-03 14:12:00+0000
206,3,1,CLICK,2023-12-16 04:22:00+0000
207,3,121,SENT,2024-02-04 08:47:00+0000
208,3,121,OPEN,2023-07-18 06:28:00+0000
209,3,31,SENT,2023-11-16 14:06:00+0000
210,3,31,OPEN,2023-10-31 09:35:00+0000
211,3,31,CLICK,2023-09-11 06:01:00+0000
212,3,9,SENT,2023-10-27 01:22:00+0000
213,3,165,SENT,2023-01-21 23:10:00+0000
214,3,165,OPEN,2023-08-01 08:36:00+0000
215,3,165,CLICK,2024-01-25 11:22:00+0000
216,3,126,SENT,2024-01-14 13:03:00+0000
217,3,126,OPEN,2023-06-20 23:01:00+0000
218,3,101,SENT,2023-04-02 08:35:00+0000
219,3,101,OPEN,2023-06-21 17:04:00+0000
220,3,101,CLICK,2023-04-05 15:40:00+0000
221,3,84,SENT,2023-10-19 10:11:00+0000
222,3,84,OPEN,2023-04-27 14:36:00+0000
223,3,84,BOUNCE,2023-02-12 03:15:00+0000
224,3,50,SENT,2023-05-07 16:42:00+0000
225,3,50,OPEN,2023-12-08 14:24:00+0000
226,3,147,SENT,2023-05-25 14:26:00+0000
227,3,147,BOUNCE,2023-02-04 04:57:00+0000
228,3,105,SENT,2023-02-17 10:33:00+0000
229,3,199,SENT,2023-01-27 02:32:00+0000
230,3,199,OPEN,2024-01-09 22:22:00+0000
231,3,199,CLICK,2023-08-10 16:42:00+0000
232,3,46,SENT,2023-05-11 16:33:00+0000
233,3,46,UNSUBSCRIBE,2024-01-21 06:20:00+0000
234,3,197,SENT,2023-01-24 10:41:00+0000
235,3,129,SENT,2023-03-17 18:32:00+0000
236,3,129,OPEN,2023-06-21 04:34:00+0000
237,3,184,SENT,2023-11-30 14:43:00+0000
238,3,81,SENT,2023-07-12 09:11:00+0000
239,3,81,OPEN,2024-02-03 06:20:00+0000
240,3,81,CLICK,2024-01-18 00:14:00+0000
241,3,81,BOUNCE,2023-03-21 17:05:00+0000
242,3,109,SENT,2023-10-25 12:52:00+0000
243,3,109,OPEN,2023-08-14 17:56:00+0000
244,3,142,SENT,2023-02-17 10:17:00+0000
245,3,142,OPEN,2024-01-15 16:16:00+0000
246,3,142,CLICK,2023-01-18 05:38:00+0000
247,3,122,SENT,2023-06-13 19:42:00+0000
248,3,122,OPEN,2023-08-03 05:12:00+0000
249,4,78,SENT,2023-04-15 23:45:00+0000
250,4,78,OPEN,2023-07-28 17:30:00+0000
251,4,78,CLICK,2023-01-11 16:28:00+0000
252,4,113,SENT,2023-08-29 12:04:00+0000
253,4,113,UNSUBSCRIBE,2023-12-01 21:05:00+0000
254,4,69,SENT,2023-01-22 03:55:00+0000
255,4,69,OPEN,2023-09-28 12:22:00+0000
256,4,69,CLICK,2023-08-26 05:50:00+0000
257,4,54,SENT,2023-06-08 01:15:00+0000
258,4,54,OPEN,2023-08-27 03:29:00+0000
259,4,54,CLICK,2023-04-15 01:39:00+0000
260,4,110,SENT,2023-11-23 04:58:00+0000
261,4,110,OPEN,2023-02-24 21:59:00+0000
262,4,110,CLICK,2023-09-22 07:13:00+0000
263,4,17,SENT,2023-11-03 07:09:00+0000
264,4,17,OPEN,2023-04-23 06:42:00+0000
265,4,17,CLICK,2023-02-25 22:52:00+0000
266,4,17,BOUNCE,2023-01-24 21:35:00+0000
267,4,142,SENT,2023-08-02 06:02:00+0000
268,4,104,SENT,2023-07-25 23:54:00+0000
269,4,104,OPEN,2023-02-19 10:45:00+0000
270,4,104,CLICK,2024-01-20 21:56:00+0000
271,4,49,SENT,2023-11-08 11:09:00+0000
272,4,49,OPEN,2023-04-16 16:56:00+0000
273,4,49,CLICK,2023-07-15 11:33:00+0000
274,4,18,SENT,2023-02-01 16:10:00+0000
275,4,23,SENT,2023-10-30 19:12:00+0000
276,4,135,SENT,2023-12-14 10:56:00+0000
277,4,135,OPEN,2023-06-14 06:48:00+0000
278,4,135,CLICK,2023-01-06 00:36:00+0000
279,4,30,SENT,2023-09-01 02:17:00+0000
280,4,123,SENT,2024-01-14 13:28:00+0000
281,4,28,SENT,2023-12-06 19:10:00+0000
282,4,28,OPEN,2024-01-30 14:01:00+0000
283,4,48,SENT,2024-01-11 23:14:00+0000
284,4,177,SENT,2023-05-15 10:24:00+0000
285,4,177,OPEN,2023-03-19 01:41:00+0000
286,4,47,SENT,2023-07-04 15:25:00+0000
287,4,106,SENT,2023-08-11 20:50:00+0000
288,4,106,OPEN,2023-10-24 09:22:00+0000
289,4,106,CLICK,2024-01-23 07:53:00+0000
290,4,73,SENT,2024-01-01 17:53:00+0000
291,4,149,SENT,2023-04-26 07:56:00+0000
292,4,100,SENT,2023-10-24 15:48:00+0000
293,4,26,SENT,2023-08-22 22:24:00+0000
294,4,26,OPEN,2024-01-26 11:02:00+0000
295,4,26,CLICK,2023-03-12 10:10:00+0000
296,4,14,SENT,2023-03-27 11:58:00+0000
297,4,14,OPEN,2023-09-22 19:02:00+0000
298,4,61,SENT,2023-03-12 21:39:00+0000
299,4,61,OPEN,2023-05-04 23:48:00+0000
300,4,61,UNSUBSCRIBE,2023-03-11 03:00:00+0000
301,4,155,SENT,2023-11-17 12:36:00+0000
302,4,111,SENT,2023-12-21 21:19:00+0000
303,4,111,OPEN,2023-07-27 20:48:00+0000
304,4,71,SENT,2024-01-29 18:11:00+0000
305,4,71,OPEN,2023-07-03 15:57:00+0000
306,4,71,CLICK,2023-08-01 10:50:00+0000
307,4,12,SENT,2024-01-24 20:12:00+0000
308,4,12,OPEN,2023-11-04 06:17:00+0000
309,4,12,CLICK,2023-09-20 09:51:00+0000
310,4,186,SENT,2023-04-13 03:29:00+0000
311,4,186,OPEN,2023-09-22 08:20:00+0000
312,4,141,SENT,2023-10-03 16:07:00+0000
313,4,6,SENT,2023-10-06 14:16:00+0000
314,4,6,OPEN,2023-06-13 14:04:00+0000
315,4,6,CLICK,2023-07-14 04:39:00+0000
316,4,24,SENT,2023-05-09 09:41:00+0000
317,4,51,SENT,2023-09-22 14:52:00+0000
318,4,51,OPEN,2023-06-06 20:38:00+0000
319,4,27,SENT,2024-01-23 10:53:00+0000
320,4,27,OPEN,2023-02-15 13:23:00+0000
321,5,89,SENT,2023-01-11 17:53:00+0000
322,5,89,OPEN,2024-01-21 23:34:00+0000
323,5,34,SENT,2023-09-21 17:46:00+0000
324,5,128,SENT,2023-12-26 13:41:00+0000
325,5,128,OPEN,2023-03-10 13:13:00+0000
326,5,128,CLICK,2023-03-14 00:22:00+0000
327,5,37,SENT,2023-09-04 06:40:00+0000
328,5,188,SENT,2023-06-24 00:16:00+0000
329,5,181,SENT,2023-07-13 20:29:00+0000
330,5,181,OPEN,2023-07-05 23:51:00+0000
331,5,166,SENT,2023-04-20 22:52:00+0000
332,5,166,OPEN,2024-01-09 18:08:00+0000
333,5,68,SENT,2023-09-15 10:20:00+0000
334,5,68,OPEN,2023-01-05 16:09:00+0000
335,5,5,SENT,2023-06-02 19:00:00+0000
336,5,5,OPEN,2023-10-07 07:41:00+0000
337,5,5,CLICK,2024-01-04 11:33:00+0000
338,5,5,BOUNCE,2024-01-20 11:41:00+0000
339,5,9,SENT,2023-09-27 10:22:00+0000
340,5,9,OPEN,2023-04-03 06:07:00+0000
341,5,9,CLICK,2023-01-23 11:28:00+0000
342,5,153,SENT,2023-06-06 15:24:00+0000
343,5,153,OPEN,2023-11-13 21:54:00+0000
344,5,153,CLICK,2023-12-26 09:16:00+0000
345,5,28,SENT,2023-05-15 04:59:00+0000
346,5,49,SENT,2023-05-03 03:22:00+0000
347,5,49,OPEN,2023-07-30 13:25:00+0000
348,5,49,CLICK,2023-02-06 17:03:00+0000
349,5,143,SENT,2023-05-23 01:46:00+0000
350,5,143,OPEN,2023-03-17 12:36:00+0000
351,5,143,CLICK,2023-08-23 11:56:00+0000
352,5,200,SENT,2023-01-18 18:01:00+0000
353,5,200,OPEN,2023-07-23 05:47:00+0000
354,5,98,SENT,2024-01-25 22:05:00+0000
355,5,98,BOUNCE,2023-11-01 10:11:00+0000
356,5,179,SENT,2023-03-09 18:22:00+0000
357,5,171,SENT,2023-01-08 11:52:00+0000
358,5,171,OPEN,2023-04-26 20:24:00+0000
359,5,171,CLICK,2023-01-09 21:24:00+0000
360,5,76,SENT,2023-07-17 03:04:00+0000
361,5,158,SENT,2023-10-27 07:51:00+0000
362,5,158,OPEN,2023-04-03 07:25:00+0000
363,5,158,CLICK,2023-08-24 14:48:00+0000
364,5,194,SENT,2023-03-22 00:54:00+0000
365,5,194,OPEN,2024-02-02 12:32:00+0000
366,5,113,SENT,2023-02-08 02:00:00+0000
367,5,113,OPEN,2023-05-25 13:47:00+0000
368,5,122,SENT,2023-07-12 15:56:00+0000
369,5,122,OPEN,2023-11-10 21:41:00+0000
370,5,122,UNSUBSCRIBE,2023-08-12 07:07:00+0000
371,5,175,SENT,2023-10-24 06:38:00+0000
372,5,187,SENT,2023-01-26 22:08:00+0000
373,5,65,SENT,2023-08-08 15:59:00+0000
374,5,65,UNSUBSCRIBE,2023-06-09 00:58:00+0000
375,5,69,SENT,2023-01-14 04:19:00+0000
376,5,4,SENT,2023-01-01 07:10:00+0000
377,5,4,OPEN,2023-01-18 17:02:00+0000
378,5,4,CLICK,2023-05-08 16:36:00+0000
379,5,80,SENT,2023-05-29 00:31:00+0000
380,5,80,OPEN,2023-03-09 08:16:00+0000
381,5,85,SENT,2023-03-04 23:35:00+0000
382,5,85,OPEN,2023-07-09 04:51:00+0000
383,5,85,CLICK,2023-11-05 21:19:00+0000
384,5,160,SENT,2024-01-07 13:21:00+0000
385,5,110,SENT,2023-12-02 09:21:00+0000
386,5,168,SENT,2023-12-06 23:25:00+0000
387,5,168,OPEN,2023-05-22 09:30:00+0000
388,5,168,CLICK,2023-09-01 08:34:00+0000
389,5,157,SENT,2023-09-23 04:24:00+0000
390,5,157,OPEN,2023-04-27 09:22:00+0000
391,5,176,SENT,2023-04-06 17:02:00+0000
392,5,123,SENT,2023-12-17 12:08:00+0000
393,5,123,OPEN,2023-03-02 11:06:00+0000
394,5,159,SENT,2023-11-18 01:36:00+0000
395,5,151,SENT,2023-04-27 06:25:00+0000
396,5,151,OPEN,2023-09-12 10:56:00+0000
397,5,151,CLICK,2023-05-20 18:35:00+0000
398,5,78,SENT,2023-10-12 03:47:00+0000
399,5,19,SENT,2023-10-26 15:54:00+0000
400,5,19,OPEN,2023-12-11 02:05:00+0000
401,5,19,CLICK,2023-11-05 13:20:00+0000
402,5,142,SENT,2023-03-03 23:13:00+0000
403,6,128,SENT,2023-09-24 21:15:00+0000
404,6,128,OPEN,2023-04-26 12:33:00+0000
405,6,128,CLICK,2023-06-06 02:31:00+0000
406,6,163,SENT,2023-11-25 01:26:00+0000
407,6,163,OPEN,2023-01-17 12:04:00+0000
408,6,75,SENT,2023-09-08 07:14:00+0000
409,6,75,OPEN,2023-10-10 19:08:00+0000
410,6,75,BOUNCE,2023-09-12 07:48:00+0000
411,6,29,SENT,2023-05-01 19:52:00+0000
412,6,29,OPEN,2023-03-04 01:14:00+0000
413,6,42,SENT,2023-07-22 15:38:00+0000
414,6,42,OPEN,2023-08-30 15:10:00+0000
415,6,164,SENT,2023-12-03 07:44:00+0000
416,6,32,SENT,2024-02-04 19:38:00+0000
417,6,32,OPEN,2023-05-19 01:14:00+0000
418,6,143,SENT,2024-01-20 15:42:00+0000
419,6,143,OPEN,2023-08-27 21:31:00+0000
420,6,143,UNSUBSCRIBE,2023-10-22 15:37:00+0000
421,6,154,SENT,2023-09-23 20:22:00+0000
422,6,154,OPEN,2023-04-30 01:23:00+0000
423,6,154,CLICK,2024-01-09 10:40:00+0000
424,6,40,SENT,2023-09-29 17:17:00+0000
425,6,107,SENT,2023-12-28 16:14:00+0000
426,6,107,OPEN,2023-09-28 21:23:00+0000
427,6,107,CLICK,2023-09-04 08:35:00+0000
428,6,107,UNSUBSCRIBE,2023-05-26 14:50:00+0000
429,6,27,SENT,2023-03-22 06:30:00+0000
430,6,148,SENT,2023-03-14 21:59:00+0000
431,6,148,OPEN,2023-04-17 16:36:00+0000
432,6,60,SENT,2023-12-19 06:32:00+0000
433,6,60,OPEN,2023-08-25 20:53:00+0000
434,6,4,SENT,2023-11-25 22:05:00+0000
435,6,49,SENT,2023-06-01 05:21:00+0000
436,6,49,OPEN,2023-10-13 22:10:00+0000
437,6,49,CLICK,2023-10-19 17:15:00+0000
438,6,124,SENT,2023-07-26 09:24:00+0000
439,6,124,OPEN,2023-06-18 09:57:00+0000
440,6,124,CLICK,2023-07-14 11:15:00+0000
441,6,81,SENT,2023-02-09 06:44:00+0000
442,6,54,SENT,2023-09-06 20:24:00+0000
443,6,139,SENT,2023-11-13 12:55:00+0000
444,6,139,OPEN,2023-08-20 21:08:00+0000
445,6,139,CLICK,2024-01-01 21:24:00+0000
446,6,50,SENT,2023-04-28 15:54:00+0000
447,6,158,SENT,2023-06-01 17:49:00+0000
448,6,158,OPEN,2024-02-05 15:01:00+0000
449,6,102,SENT,2023-07-26 05:22:00+0000
450,6,44,SENT,2023-12-06 05:37:00+0000
451,7,165,SENT,2023-09-08 05:48:00+0000
452,7,165,OPEN,2024-01-19 23:45:00+0000
453,7,147,SENT,2023-05-23 08:02:00+0000
454,7,147,OPEN,2023-01-21 10:30:00+0000
455,7,147,CLICK,2023-12-22 07:39:00+0000
456,7,186,SENT,2023-06-11 14:35:00+0000
457,7,186,OPEN,2023-05-25 10:04:00+0000
458,7,140,SENT,2023-10-03 14:25:00+0000
459,7,140,OPEN,2024-02-04 16:00:00+0000
460,7,140,CLICK,2023-07-23 03:55:00+0000
461,7,27,SENT,2024-02-04 01:37:00+0000
462,7,27,OPEN,2023-12-28 19:23:00+0000
463,7,27,BOUNCE,2023-02-27 13:21:00+0000
464,7,21,SENT,2023-01-24 21:36:00+0000
465,7,21,OPEN,2023-10-06 15:27:00+0000
466,7,21,BOUNCE,2023-02-03 06:00:00+0000
467,7,126,SENT,2023-10-08 11:08:00+0000
468,7,45,SENT,2023-03-02 13:20:00+0000
469,7,45,OPEN,2023-06-15 15:53:00+0000
470,7,45,CLICK,2023-04-18 15:26:00+0000
471,7,122,SENT,2023-11-07 15:50:00+0000
472,7,92,SENT,2023-03-03 09:18:00+0000
473,7,92,OPEN,2023-01-11 01:45:00+0000
474,7,92,BOUNCE,2023-08-19 10:47:00+0000
475,7,118,SENT,2023-11-01 22:32:00+0000
476,7,118,OPEN,2024-01-20 22:59:00+0000
477,7,72,SENT,2023-12-09 14:12:00+0000
478,7,72,OPEN,2023-02-22 11:18:00+0000
479,7,171,SENT,2023-06-19 10:20:00+0000
480,7,171,OPEN,2023-07-14 06:29:00+0000
481,7,171,CLICK,2024-01-19 22:17:00+0000
482,7,175,SENT,2023-12-15 22:38:00+0000
483,7,175,OPEN,2023-05-05 10:03:00+0000
484,7,175,CLICK,2023-07-01 07:52:00+0000
485,7,20,SENT,2023-07-27 13:36:00+0000
486,7,34,SENT,2023-12-14 10:50:00+0000
487,7,148,SENT,2023-08-09 17:58:00+0000
488,7,148,OPEN,2023-12-02 10:55:00+0000
489,7,148,CLICK,2023-06-12 19:09:00+0000
490,7,148,BOUNCE,2023-03-30 18:09:00+0000
491,7,172,SENT,2023-06-28 20:23:00+0000
492,7,172,OPEN,2024-01-08 01:29:00+0000
493,7,196,SENT,2023-07-01 22:05:00+0000
494,7,196,OPEN,2023-09-12 13:53:00+0000
495,7,196,CLICK,2023-11-11 08:00:00+0000
496,7,198,SENT,2023-06-16 23:50:00+0000
497,7,33,SENT,2024-01-14 07:04:00+0000
498,7,132,SENT,2023-09-02 21:43:00+0000
499,7,132,OPEN,2023-04-09 20:25:00+0000
500,7,132,CLICK,2023-11-17 17:40:00+0000
501,7,144,SENT,2023-08-09 19:05:00+0000
502,7,184,SENT,2023-05-21 10:01:00+0000
503,7,4,SENT,2023-12-11 23:53:00+0000
504,7,4,OPEN,2023-09-06 11:28:00+0000
505,7,4,CLICK,2024-01-25 04:47:00+0000
506,7,4,BOUNCE,2023-04-18 15:33:00+0000
507,7,103,SENT,2023-04-18 08:38:00+0000
508,7,103,OPEN,2023-10-30 11:00:00+0000
509,7,103,CLICK,2023-12-26 01:15:00+0000
510,7,187,SENT,2023-07-19 13:45:00+0000
511,7,187,OPEN,2023-05-12 17:02:00+0000
512,7,187,CLICK,2023-06-12 14:48:00+0000
513,7,183,SENT,2023-12-12 08:40:00+0000
514,7,162,SENT,2023-04-04 05:40:00+0000
515,7,189,SENT,2023-08-13 23:28:00+0000
516,7,189,OPEN,2023-03-18 20:00:00+0000
517,7,189,CLICK,2023-03-12 04:31:00+0000
518,7,13,SENT,2023-09-07 23:03:00+0000
519,7,53,SENT,2023-04-04 21:49:00+0000
520,7,53,OPEN,2023-12-09 20:57:00+0000
521,7,53,CLICK,2023-02-08 12:45:00+0000
522,7,188,SENT,2024-01-13 23:34:00+0000
523,7,188,OPEN,2023-10-18 03:31:00+0000
524,7,188,CLICK,2023-07-29 13:31:00+0000
525,7,188,BOUNCE,2023-12-03 23:13:00+0000
526,7,193,SENT,2023-06-30 08:05:00+0000
527,7,193,OPEN,2023-04-16 06:23:00+0000
528,7,193,CLICK,2023-11-19 21:49:00+0000
529,7,100,SENT,2023-05-15 00:14:00+0000
530,7,102,SENT,2023-03-01 19:25:00+0000
531,7,102,OPEN,2023-12-31 15:19:00+0000
532,7,102,CLICK,2023-12-21 13:14:00+0000
533,7,42,SENT,2024-01-28 23:56:00+0000
534,7,181,SENT,2023-05-06 08:00:00+0000
535,7,181,OPEN,2023-05-05 08:44:00+0000
536,7,123,SENT,2023-03-17 13:28:00+0000
537,7,125,SENT,2023-03-23 10:43:00+0000
538,7,57,SENT,2023-09-06 11:53:00+0000
539,7,57,OPEN,2023-02-14 08:06:00+0000
540,7,179,SENT,2023-08-28 21:07:00+0000
541,7,179,OPEN,2023-02-10 03:47:00+0000
542,7,43,SENT,2023-04-18 11:12:00+0000
543,7,10,SENT,2023-12-17 19:19:00+0000
544,7,177,SENT,2023-11-30 14:33:00+0000
545,7,177,OPEN,2023-11-04 17:53:00+0000
546,7,63,SENT,2023-05-31 19:45:00+0000
547,7,63,OPEN,2023-05-05 12:01:00+0000
548,7,63,BOUNCE,2023-04-11 15:37:00+0000
549,7,195,SENT,2023-01-09 17:31:00+0000
550,7,114,SENT,2023-05-18 19:47:00+0000
551,7,114,OPEN,2024-01-09 20:12:00+0000
552,7,114,CLICK,2023-08-23 08:18:00+0000
553,7,167,SENT,2023-04-02 19:30:00+0000
554,8,113,SENT,2023-05-07 15:07:00+0000
555,8,113,OPEN,2024-01-26 20:22:00+0000
556,8,113,CLICK,2023-12-20 01:30:00+0000
557,8,111,SENT,2023-06-20 10:21:00+0000
558,8,111,OPEN,2023-04-25 17:47:00+0000
559,8,111,CLICK,2023-08-06 09:40:00+0000
560,8,111,BOUNCE,2023-03-09 09:05:00+0000
561,8,77,SENT,2023-10-18 23:02:00+0000
562,8,77,OPEN,2023-11-26 02:21:00+0000
563,8,80,SENT,2023-05-01 09:35:00+0000
564,8,136,SENT,2023-04-13 02:26:00+0000
565,8,136,BOUNCE,2023-02-12 21:05:00+0000
566,8,118,SENT,2023-07-31 17:56:00+0000
567,8,118,OPEN,2023-10-29 11:41:00+0000
568,8,1,SENT,2023-03-01 17:23:00+0000
569,8,1,OPEN,2023-08-03 23:27:00+0000
570,8,1,CLICK,2023-05-21 17:28:00+0000
571,8,183,SENT,2023-05-27 03:33:00+0000
572,8,92,SENT,2023-03-02 10:16:00+0000
573,8,100,SENT,2023-12-28 14:55:00+0000
574,8,54,SENT,2023-12-01 12:40:00+0000
575,8,54,OPEN,2023-03-11 17:42:00+0000
576,8,54,CLICK,2023-04-07 00:00:00+0000
577,8,54,BOUNCE,2023-02-03 22:58:00+0000
578,8,150,SENT,2023-12-07 10:20:00+0000
579,8,150,OPEN,2023-01-26 04:55:00+0000
580,8,150,CLICK,2023-06-02 23:53:00+0000
581,8,197,SENT,2023-03-28 13:37:00+0000
582,8,101,SENT,2023-11-01 04:18:00+0000
583,8,166,SENT,2023-09-26 06:12:00+0000
584,8,187,SENT,2023-05-28 07:19:00+0000
585,8,187,OPEN,2023-07-20 12:47:00+0000
586,8,187,CLICK,2023-09-19 06:46:00+0000
587,8,181,SENT,2023-09-14 10:46:00+0000
588,8,181,OPEN,2023-12-15 04:35:00+0000
589,8,181,CLICK,2023-12-15 01:45:00+0000
590,8,128,SENT,2023-12-20 06:38:00+0000
591,8,128,OPEN,2023-05-06 07:30:00+0000
592,8,132,SENT,2023-11-26 20:31:00+0000
593,8,162,SENT,2023-05-02 15:19:00+0000
594,8,162,OPEN,2023-12-02 12:34:00+0000
595,8,162,CLICK,2024-01-03 17:47:00+0000
596,8,146,SENT,2023-09-17 09:09:00+0000
597,8,177,SENT,2023-12-04 01:52:00+0000
598,8,177,OPEN,2023-04-26 07:02:00+0000
599,8,20,SENT,2024-01-10 01:17:00+0000
600,8,20,OPEN,2023-08-10 20:53:00+0000
601,8,108,SENT,2023-09-01 17:16:00+0000
602,8,108,OPEN,2023-03-21 14:29:00+0000
603,8,31,SENT,2023-09-28 23:21:00+0000
604,8,31,OPEN,2024-01-09 21:13:00+0000
605,8,74,SENT,2023-07-11 16:08:00+0000
606,8,74,OPEN,2023-09-14 07:52:00+0000
607,8,74,CLICK,2023-01-31 01:21:00+0000
608,8,25,SENT,2023-10-05 22:04:00+0000
609,8,160,SENT,2023-05-12 05:07:00+0000
610,8,50,SENT,2023-05-07 10:07:00+0000
611,8,50,OPEN,2023-03-26 17:07:00+0000
612,8,50,CLICK,2023-11-11 12:35:00+0000
613,8,50,BOUNCE,2023-11-17 12:06:00+0000
614,8,70,SENT,2023-02-01 09:42:00+0000
615,8,70,OPEN,2023-03-27 17:34:00+0000
616,8,131,SENT,2023-10-02 14:23:00+0000
617,8,131,OPEN,2023-11-02 21:15:00+0000
618,8,131,CLICK,2023-09-19 12:08:00+0000
619,8,55,SENT,2023-01-14 20:37:00+0000
620,8,55,OPEN,2024-01-04 23:38:00+0000
621,8,151,SENT,2024-01-30 10:07:00+0000
622,8,151,OPEN,2023-11-23 14:33:00+0000
623,8,81,SENT,2023-07-07 04:49:00+0000
624,8,81,OPEN,2023-09-09 03:29:00+0000
625,8,81,CLICK,2023-02-01 20:36:00+0000
626,8,81,UNSUBSCRIBE,2024-02-03 23:39:00+0000
627,8,33,SENT,2023-12-01 22:14:00+0000
628,8,33,OPEN,2023-07-26 05:11:00+0000
629,8,33,CLICK,2024-01-28 12:35:00+0000
630,8,122,SENT,2023-10-25 18:56:00+0000
631,8,122,OPEN,2023-07-07 13:57:00+0000
632,8,180,SENT,2023-11-18 06:44:00+0000
633,8,180,OPEN,2023-05-19 14:08:00+0000
634,8,180,UNSUBSCRIBE,2023-06-12 06:34:00+0000
635,8,121,SENT,2023-03-16 11:07:00+0000
636,8,121,OPEN,2023-08-27 03:42:00+0000
637,8,121,CLICK,2024-01-06 14:46:00+0000
638,8,48,SENT,2023-12-19 13:27:00+0000
639,8,186,SENT,2024-01-24 03:21:00+0000
640,8,62,SENT,2024-02-01 14:43:00+0000
641,8,62,OPEN,2023-09-06 17:05:00+0000
642,8,62,CLICK,2023-05-16 17:41:00+0000
643,8,62,BOUNCE,2023-07-10 04:07:00+0000
644,8,106,SENT,2023-03-06 19:07:00+0000
645,8,106,OPEN,2023-11-01 16:59:00+0000
646,9,5,SENT,2023-09-15 21:20:00+0000
647,9,5,OPEN,2023-06-05 15:57:00+0000
648,9,5,CLICK,2023-10-10 04:28:00+0000
649,9,138,SENT,2023-03-15 08:19:00+0000
650,9,138,OPEN,2023-12-17 11:08:00+0000
651,9,138,CLICK,2023-09-14 20:53:00+0000
652,9,56,SENT,2023-03-23 08:58:00+0000
653,9,196,SENT,2023-09-05 21:33:00+0000
654,9,196,OPEN,2023-11-22 00:57:00+0000
655,9,196,CLICK,2023-02-20 14:18:00+0000
656,9,69,SENT,2024-01-17 17:00:00+0000
657,9,174,SENT,2023-11-26 21:30:00+0000
658,9,174,OPEN,2024-01-16 03:05:00+0000
659,9,174,UNSUBSCRIBE,2023-03-14 04:07:00+0000
660,9,143,SENT,2023-03-10 19:25:00+0000
661,9,143,OPEN,2023-10-28 06:51:00+0000
662,9,165,SENT,2023-01-05 15:47:00+0000
663,9,165,BOUNCE,2023-05-13 12:40:00+0000
664,9,81,SENT,2023-12-29 18:51:00+0000
665,9,81,OPEN,2023-01-14 23:27:00+0000
666,9,137,SENT,2023-10-31 21:09:00+0000
667,9,132,SENT,2023-03-13 07:06:00+0000
668,9,52,SENT,2023-11-08 11:35:00+0000
669,9,52,OPEN,2023-01-06 18:49:00+0000
670,9,14,SENT,2023-04-08 00:40:00+0000
671,9,17,SENT,2023-02-03 10:40:00+0000
672,9,17,OPEN,2023-09-10 01:21:00+0000
673,9,17,CLICK,2023-07-07 13:22:00+0000
674,9,105,SENT,2023-12-23 05:05:00+0000
675,9,105,OPEN,2023-08-22 22:21:00+0000
676,9,105,CLICK,2023-05-29 12:44:00+0000
677,9,200,SENT,2023-04-16 16:08:00+0000
678,9,10,SENT,2023-11-26 10:02:00+0000
679,9,168,SENT,2023-11-08 20:42:00+0000
680,9,168,OPEN,2023-09-06 15:23:00+0000
681,9,27,SENT,2023-12-13 07:37:00+0000
682,9,27,OPEN,2024-01-11 11:03:00+0000
683,9,54,SENT,2023-11-08 12:16:00+0000
684,9,64,SENT,2023-05-20 17:20:00+0000
685,9,64,OPEN,2024-02-01 06:36:00+0000
686,9,64,CLICK,2023-12-05 15:21:00+0000
687,9,146,SENT,2023-01-14 23:21:00+0000
688,9,146,OPEN,2023-07-09 06:46:00+0000
689,9,11,SENT,2023-04-15 12:39:00+0000
690,9,11,OPEN,2023-04-04 04:18:00+0000
691,10,43,SENT,2023-02-20 01:59:00+0000
692,10,106,SENT,2023-05-28 08:33:00+0000
693,10,130,SENT,2023-12-03 16:59:00+0000
694,10,130,OPEN,2023-03-16 18:20:00+0000
695,10,130,CLICK,2023-04-30 15:39:00+0000
696,10,81,SENT,2023-11-23 18:43:00+0000
697,10,81,OPEN,2023-02-02 02:41:00+0000
698,10,160,SENT,2023-11-13 18:25:00+0000
699,10,160,OPEN,2023-03-16 00:42:00+0000
700,10,160,CLICK,2024-01-25 11:26:00+0000
701,10,37,SENT,2023-07-04 22:39:00+0000
702,10,37,OPEN,2023-08-23 09:18:00+0000
703,10,199,SENT,2023-02-26 06:06:00+0000
704,10,199,OPEN,2023-03-16 19:41:00+0000
705,10,199,CLICK,2024-01-22 15:21:00+0000
706,10,61,SENT,2023-03-27 17:31:00+0000
707,10,61,OPEN,2023-11-30 01:42:00+0000
708,10,61,CLICK,2023-06-23 07:54:00+0000
709,10,67,SENT,2023-02-06 09:09:00+0000
710,10,67,UNSUBSCRIBE,2023-07-22 06:57:00+0000
711,10,189,SENT,2023-03-04 00:55:00+0000
712,10,136,SENT,2023-07-02 21:03:00+0000
713,10,80,SENT,2023-02-19 20:03:00+0000
714,10,80,OPEN,2023-03-18 18:07:00+0000
715,10,80,CLICK,2023-06-08 01:54:00+0000
716,10,54,SENT,2023-03-14 01:31:00+0000
717,10,54,OPEN,2023-06-01 17:38:00+0000
718,10,104,SENT,2023-03-29 21:45:00+0000
719,10,104,OPEN,2023-02-24 21:30:00+0000
720,10,104,CLICK,2023-09-07 14:23:00+0000
721,10,73,SENT,2023-02-27 21:15:00+0000
722,10,73,OPEN,2023-07-07 18:32:00+0000
723,10,120,SENT,2023-03-19 18:09:00+0000
724,10,120,OPEN,2023-07-21 17:48:00+0000
725,10,120,CLICK,2023-11-27 14:24:00+0000
726,10,11,SENT,2023-08-29 23:09:00+0000
727,10,66,SENT,2023-09-09 06:13:00+0000
728,10,66,OPEN,2023-07-02 08:35:00+0000
729,10,66,CLICK,2023-08-03 03:59:00+0000
730,10,191,SENT,2023-08-07 05:02:00+0000
731,10,161,SENT,2023-01-22 10:00:00+0000
732,10,146,SENT,2023-10-01 02:39:00+0000
733,10,117,SENT,2023-08-22 07:40:00+0000
734,10,117,OPEN,2023-07-15 21:09:00+0000
735,10,39,SENT,2024-01-22 02:21:00+0000
736,10,30,SENT,2023-01-26 18:09:00+0000
737,10,30,OPEN,2023-12-27 16:05:00+0000
738,10,47,SENT,2023-06-13 06:07:00+0000
739,10,47,OPEN,2023-03-04 23:14:00+0000
740,10,47,CLICK,2023-10-12 17:17:00+0000
741,10,47,UNSUBSCRIBE,2023-04-02 08:44:00+0000
742,10,115,SENT,2023-07-13 02:22:00+0000
743,10,102,SENT,2023-02-07 11:57:00+0000
744,10,102,OPEN,2023-10-01 11:01:00+0000
745,10,102,BOUNCE,2024-01-09 19:12:00+0000
746,10,17,SENT,2023-07-02 03:05:00+0000
747,10,17,OPEN,2023-10-13 06:52:00+0000
748,10,62,SENT,2023-08-15 11:32:00+0000
749,10,62,OPEN,2023-12-12 09:59:00+0000
750,10,62,CLICK,2023-09-19 20:00:00+0000
751,10,163,SENT,2023-09-26 00:59:00+0000
752,10,163,OPEN,2024-02-03 17:27:00+0000
753,10,163,CLICK,2023-02-09 08:17:00+0000
754,10,5,SENT,2023-02-23 08:30:00+0000
755,10,5,OPEN,2023-08-31 04:40:00+0000
756,10,5,CLICK,2023-11-29 09:22:00+0000
757,10,50,SENT,2023-09-13 00:19:00+0000
758,10,12,SENT,2023-06-03 13:59:00+0000
759,10,12,OPEN,2023-10-10 22:33:00+0000
760,10,119,SENT,2023-05-31 21:56:00+0000
761,10,31,SENT,2023-10-19 20:26:00+0000
762,10,31,OPEN,2023-02-06 13:03:00+0000
763,10,185,SENT,2023-11-27 08:20:00+0000
764,10,111,SENT,2023-03-16 11:39:00+0000
765,10,111,UNSUBSCRIBE,2023-03-05 19:32:00+0000
766,10,72,SENT,2023-06-01 13:55:00+0000
767,10,72,OPEN,2023-11-10 01:19:00+0000
768,10,159,SENT,2023-10-10 05:51:00+0000
769,10,159,OPEN,2023-05-24 00:01:00+0000
770,10,159,CLICK,2023-11-08 02:41:00+0000
771,10,69,SENT,2024-01-30 04:13:00+0000
772,10,69,OPEN,2023-05-16 01:25:00+0000
773,10,22,SENT,2023-09-15 05:51:00+0000
774,10,22,OPEN,2023-11-19 18:36:00+0000
775,10,22,CLICK,2023-10-11 10:06:00+0000
776,10,32,SENT,2023-07-19 15:50:00+0000
777,10,124,SENT,2023-06-01 09:14:00+0000
778,10,124,OPEN,2023-12-25 07:44:00+0000
779,10,133,SENT,2023-09-21 02:24:00+0000
780,10,133,OPEN,2023-02-07 15:36:00+0000
781,10,133,CLICK,2024-01-03 04:05:00+0000
782,10,34,SENT,2023-06-08 06:23:00+0000
783,10,176,SENT,2023-11-06 12:26:00+0000
784,10,176,OPEN,2023-05-06 20:41:00+0000
785,10,172,SENT,2023-03-19 22:30:00+0000
786,10,172,OPEN,2023-02-05 10:03:00+0000
787,10,44,SENT,2023-01-08 18:40:00+0000
788,10,128,SENT,2023-03-20 10:09:00+0000
789,10,128,BOUNCE,2023-07-09 12:43:00+0000
790,10,112,SENT,2023-10-04 00:33:00+0000
791,10,49,SENT,2024-01-02 09:11:00+0000
792,10,3,SENT,2023-05-09 09:50:00+0000
793,10,3,UNSUBSCRIBE,2023-08-05 15:24:00+0000
794,10,4,SENT,2023-11-04 21:20:00+0000
795,10,150,SENT,2023-11-16 07:27:00+0000
796,10,150,OPEN,2023-05-26 21:01:00+0000
797,10,79,SENT,2023-07-28 10:14:00+0000
798,10,79,OPEN,2023-12-24 01:48:00+0000
799,10,103,SENT,2024-01-31 12:19:00+0000
800,10,103,OPEN,2023-01-09 06:08:00+0000
801,10,103,CLICK,2023-05-08 20:17:00+0000
802,10,93,SENT,2024-01-18 08:10:00+0000
803,10,93,OPEN,2023-10-20 05:53:00+0000
804,10,93,CLICK,2023-10-17 19:17:00+0000
805,10,138,SENT,2024-01-24 09:55:00+0000
806,10,7,SENT,2023-01-27 16:46:00+0000
807,11,99,SENT,2024-01-23 17:11:00+0000
808,11,99,OPEN,2023-04-18 15:02:00+0000
809,11,99,BOUNCE,2023-02-22 13:18:00+0000
810,11,128,SENT,2023-01-17 04:52:00+0000
811,11,128,OPEN,2023-09-12 02:32:00+0000
812,11,50,SENT,2023-05-01 14:29:00+0000
813,11,50,OPEN,2023-07-08 03:34:00+0000
814,11,62,SENT,2023-10-25 18:09:00+0000
815,11,62,BOUNCE,2023-10-12 06:57:00+0000
816,11,90,SENT,2023-05-27 04:29:00+0000
817,11,90,OPEN,2023-02-12 17:22:00+0000
818,11,90,CLICK,2023-07-13 14:12:00+0000
819,11,150,SENT,2023-05-13 03:07:00+0000
820,11,150,OPEN,2023-05-03 22:27:00+0000
821,11,150,CLICK,2023-06-10 02:03:00+0000
822,11,64,SENT,2023-04-07 15:21:00+0000
823,11,64,OPEN,2023-12-22 17:52:00+0000
824,11,141,SENT,2023-12-09 21:04:00+0000
825,11,141,UNSUBSCRIBE,2023-06-23 04:21:00+0000
826,11,185,SENT,2023-08-10 20:35:00+0000
827,11,185,OPEN,2023-12-25 06:33:00+0000
828,11,32,SENT,2023-09-12 18:30:00+0000
829,11,32,OPEN,2023-03-04 13:10:00+0000
830,11,103,SENT,2023-12-16 22:31:00+0000
831,11,103,OPEN,2023-10-31 14:44:00+0000
832,11,103,CLICK,2023-10-25 04:46:00+0000
833,11,79,SENT,2023-03-11 16:57:00+0000
834,11,79,OPEN,2023-05-16 07:48:00+0000
835,11,184,SENT,2023-03-31 00:38:00+0000
836,11,184,OPEN,2023-10-02 23:29:00+0000
837,11,184,CLICK,2023-11-12 12:14:00+0000
838,11,12,SENT,2023-03-19 13:02:00+0000
839,11,12,OPEN,2023-05-12 13:21:00+0000
840,11,65,SENT,2023-07-15 07:47:00+0000
841,11,65,OPEN,2023-10-02 07:59:00+0000
842,11,143,SENT,2023-06-13 18:28:00+0000
843,11,143,OPEN,2023-05-26 14:39:00+0000
844,11,9,SENT,2023-09-29 22:13:00+0000
845,11,45,SENT,2023-07-05 06:02:00+0000
846,11,45,OPEN,2023-05-20 17:45:00+0000
847,11,45,CLICK,2023-05-03 19:43:00+0000
848,11,45,BOUNCE,2023-12-12 09:48:00+0000
849,11,173,SENT,2023-06-25 22:06:00+0000
850,11,173,OPEN,2023-11-04 20:43:00+0000
851,11,91,SENT,2023-04-08 00:30:00+0000
852,11,78,SENT,2023-04-03 20:51:00+0000
853,11,78,OPEN,2023-04-27 17:36:00+0000
854,11,78,CLICK,2023-11-23 16:59:00+0000
855,11,18,SENT,2023-02-18 21:31:00+0000
856,11,18,BOUNCE,2023-11-26 14:32:00+0000
857,11,107,SENT,2023-12-15 04:37:00+0000
858,11,14,SENT,2023-01-30 05:25:00+0000
859,11,14,OPEN,2023-08-19 18:00:00+0000
860,11,14,UNSUBSCRIBE,2024-01-02 10:12:00+0000
861,11,164,SENT,2023-09-24 05:04:00+0000
862,11,156,SENT,2023-07-16 22:51:00+0000
863,11,13,SENT,2023-01-01 11:07:00+0000
864,11,13,OPEN,2023-11-04 22:44:00+0000
865,11,157,SENT,2023-12-06 06:47:00+0000
866,11,175,SENT,2023-02-04 06:52:00+0000
867,11,182,SENT,2023-03-26 13:02:00+0000
868,11,4,SENT,2023-10-22 04:31:00+0000
869,11,93,SENT,2023-07-15 20:12:00+0000
870,11,93,OPEN,2023-03-01 21:04:00+0000
871,11,181,SENT,2023-07-10 06:44:00+0000
872,11,181,OPEN,2023-09-18 16:09:00+0000
873,11,5,SENT,2023-04-20 15:25:00+0000
874,11,5,OPEN,2024-01-01 04:51:00+0000
875,11,134,SENT,2023-01-03 00:34:00+0000
876,11,134,OPEN,2023-07-19 03:59:00+0000
877,11,41,SENT,2023-03-03 04:08:00+0000
878,11,41,OPEN,2023-04-01 18:36:00+0000
879,11,41,UNSUBSCRIBE,2023-12-10 11:05:00+0000
880,11,122,SENT,2023-02-03 18:57:00+0000
881,11,122,OPEN,2023-11-23 04:19:00+0000
882,12,41,SENT,2023-05-22 15:21:00+0000
883,12,41,OPEN,2023-05-21 13:29:00+0000
884,12,41,CLICK,2023-03-31 17:09:00+0000
885,12,91,SENT,2023-01-31 00:46:00+0000
886,12,196,SENT,2023-07-18 13:31:00+0000
887,12,196,UNSUBSCRIBE,2023-06-03 14:05:00+0000
888,12,178,SENT,2023-08-09 13:53:00+0000
889,12,178,OPEN,2023-10-04 19:54:00+0000
890,12,185,SENT,2023-11-07 18:09:00+0000
891,12,102,SENT,2023-12-07 23:20:00+0000
892,12,102,OPEN,2023-03-31 19:33:00+0000
893,12,102,CLICK,2023-04-19 06:47:00+0000
894,12,102,UNSUBSCRIBE,2023-03-09 13:29:00+0000
895,12,119,SENT,2023-11-04 20:11:00+0000
896,12,119,UNSUBSCRIBE,2023-06-22 21:29:00+0000
897,12,147,SENT,2023-03-21 01:50:00+0000
898,12,147,OPEN,2023-08-03 20:19:00+0000
899,12,85,SENT,2023-02-17 17:54:00+0000
900,12,85,OPEN,2023-07-03 07:34:00+0000
901,12,44,SENT,2023-10-29 20:08:00+0000
902,12,44,OPEN,2023-10-02 04:28:00+0000
903,12,107,SENT,2023-01-29 16:08:00+0000
904,12,107,OPEN,2023-04-18 02:58:00+0000
905,12,107,CLICK,2023-11-30 04:33:00+0000
906,12,1,SENT,2023-08-06 04:53:00+0000
907,12,1,OPEN,2023-11-09 13:58:00+0000
908,12,98,SENT,2023-01-23 08:57:00+0000
909,12,98,OPEN,2024-01-03 08:54:00+0000
910,12,106,SENT,2023-03-11 22:37:00+0000
911,12,136,SENT,2023-12-18 00:05:00+0000
912,12,174,SENT,2023-02-08 23:36:00+0000
913,12,156,SENT,2023-06-04 12:50:00+0000
914,12,156,OPEN,2023-01-06 11:01:00+0000
915,12,183,SENT,2023-08-12 14:40:00+0000
916,12,183,OPEN,2023-02-19 01:00:00+0000
917,12,74,SENT,2023-04-18 16:38:00+0000
918,12,74,OPEN,2023-03-27 06:17:00+0000
919,12,74,CLICK,2023-05-19 13:48:00+0000
920,12,74,BOUNCE,2024-01-31 22:51:00+0000
921,12,56,SENT,2023-06-22 14:02:00+0000
922,12,56,OPEN,2023-12-16 20:32:00+0000
923,12,56,CLICK,2023-03-25 04:50:00+0000
924,12,124,SENT,2023-01-26 06:53:00+0000
925,12,122,SENT,2023-12-19 08:02:00+0000
926,12,122,OPEN,2023-04-30 06:19:00+0000
927,12,131,SENT,2024-02-03 01:13:00+0000
928,12,8,SENT,2023-02-25 13:02:00+0000
929,12,8,OPEN,2023-11-07 14:04:00+0000
930,12,65,SENT,2023-11-07 22:40:00+0000
931,12,65,OPEN,2023-02-27 07:29:00+0000
932,12,195,SENT,2023-01-05 22:12:00+0000
933,12,195,OPEN,2023-10-12 15:13:00+0000
934,12,121,SENT,2023-06-04 10:51:00+0000
935,12,121,OPEN,2024-01-23 18:27:00+0000
936,12,121,CLICK,2023-03-11 10:40:00+0000
937,12,51,SENT,2023-06-01 19:16:00+0000
938,12,51,BOUNCE,2023-02-26 17:30:00+0000
939,12,80,SENT,2023-05-31 18:35:00+0000
940,12,80,OPEN,2023-10-16 18:13:00+0000
941,12,80,BOUNCE,2023-06-08 09:00:00+0000
942,12,170,SENT,2023-07-20 21:28:00+0000
943,12,93,SENT,2024-01-19 23:55:00+0000
944,12,18,SENT,2023-04-10 16:01:00+0000
945,12,18,OPEN,2023-02-27 00:32:00+0000
946,12,18,UNSUBSCRIBE,2023-07-29 04:19:00+0000
947,12,99,SENT,2023-05-02 03:22:00+0000
948,12,99,OPEN,2024-01-05 00:14:00+0000
949,12,145,SENT,2023-02-12 18:29:00+0000
950,12,145,OPEN,2024-01-14 15:11:00+0000
951,12,162,SENT,2023-10-14 13:28:00+0000
952,12,162,BOUNCE,2023-06-07 01:01:00+0000
953,13,63,SENT,2023-08-23 22:38:00+0000
954,13,179,SENT,2023-12-07 17:33:00+0000
955,13,179,OPEN,2023-12-30 10:31:00+0000
956,13,140,SENT,2023-01-09 01:10:00+0000
957,13,33,SENT,2023-07-02 17:24:00+0000
958,13,33,OPEN,2023-12-18 16:30:00+0000
959,13,33,BOUNCE,2023-02-11 01:00:00+0000
960,13,44,SENT,2023-04-01 23:42:00+0000
961,13,44,OPEN,2023-10-16 21:48:00+0000
962,13,72,SENT,2024-01-16 01:54:00+0000
963,13,126,SENT,2023-08-12 22:01:00+0000
964,13,18,SENT,2023-03-09 02:58:00+0000
965,13,192,SENT,2023-02-10 21:31:00+0000
966,13,27,SENT,2023-09-13 04:11:00+0000
967,13,8,SENT,2023-06-12 23:57:00+0000
968,13,8,OPEN,2023-06-26 10:10:00+0000
969,13,167,SENT,2023-08-11 08:37:00+0000
970,13,167,OPEN,2023-06-05 09:18:00+0000
971,13,167,CLICK,2023-07-23 16:12:00+0000
972,13,168,SENT,2023-02-07 18:22:00+0000
973,13,110,SENT,2023-01-29 19:02:00+0000
974,13,88,SENT,2023-10-11 09:20:00+0000
975,13,169,SENT,2023-12-13 06:02:00+0000
976,13,169,OPEN,2023-07-07 06:19:00+0000
977,13,169,CLICK,2023-03-18 09:21:00+0000
978,13,91,SENT,2023-11-11 23:23:00+0000
979,13,91,UNSUBSCRIBE,2023-11-06 16:30:00+0000
980,13,47,SENT,2023-07-19 07:20:00+0000
981,13,47,OPEN,2023-04-24 22:50:00+0000
982,13,47,CLICK,2023-11-13 18:49:00+0000
983,13,11,SENT,2023-04-12 18:23:00+0000
984,13,59,SENT,2023-12-24 06:30:00+0000
985,13,76,SENT,2023-02-28 16:54:00+0000
986,13,76,OPEN,2023-01-10 13:05:00+0000
987,13,83,SENT,2023-07-08 18:38:00+0000
988,13,181,SENT,2023-02-07 06:15:00+0000
989,13,181,OPEN,2023-04-23 00:25:00+0000
990,13,181,CLICK,2024-01-25 22:26:00+0000
991,13,84,SENT,2023-10-08 22:16:00+0000
992,14,135,SENT,2023-05-06 13:37:00+0000
993,14,89,SENT,2023-10-03 21:00:00+0000
994,14,89,OPEN,2023-10-02 10:21:00+0000
995,14,89,BOUNCE,2023-12-23 21:44:00+0000
996,14,145,SENT,2023-09-09 20:33:00+0000
997,14,127,SENT,2023-07-06 04:24:00+0000
998,14,164,SENT,2023-10-30 06:15:00+0000
999,14,164,UNSUBSCRIBE,2023-11-25 07:17:00+0000
1000,14,185,SENT,2023-11-02 20:31:00+0000
1001,14,185,OPEN,2023-05-30 04:11:00+0000
1002,14,101,SENT,2023-04-14 22:21:00+0000
1003,14,195,SENT,2023-09-09 09:49:00+0000
1004,14,5,SENT,2023-06-01 22:21:00+0000
1005,14,5,BOUNCE,2023-05-23 07:41:00+0000
1006,14,24,SENT,2023-01-16 07:28:00+0000
1007,14,63,SENT,2023-10-21 23:58:00+0000
1008,14,155,SENT,2023-01-09 02:49:00+0000
1009,14,112,SENT,2023-10-08 16:44:00+0000
1010,14,112,OPEN,2023-11-28 17:29:00+0000
1011,14,112,UNSUBSCRIBE,2023-05-12 11:59:00+0000
1012,14,178,SENT,2024-01-15 21:05:00+0000
1013,14,178,OPEN,2023-09-10 05:58:00+0000
1014,14,115,SENT,2023-12-15 05:17:00+0000
1015,14,115,OPEN,2023-02-01 08:29:00+0000
1016,14,115,CLICK,2023-11-29 06:32:00+0000
1017,14,28,SENT,2023-04-09 21:00:00+0000
1018,14,75,SENT,2024-01-11 20:45:00+0000
1019,14,75,OPEN,2023-12-21 04:00:00+0000
1020,14,75,CLICK,2023-04-10 22:17:00+0000
1021,14,122,SENT,2023-11-24 17:12:00+0000
1022,14,122,OPEN,2024-01-01 21:52:00+0000
1023,14,95,SENT,2023-01-12 18:47:00+0000
1024,14,95,OPEN,2023-07-13 04:50:00+0000
1025,14,95,CLICK,2023-08-12 15:25:00+0000
1026,14,171,SENT,2023-09-24 21:47:00+0000
1027,14,171,OPEN,2023-11-06 07:16:00+0000
1028,14,171,CLICK,2023-05-03 16:25:00+0000
1029,14,61,SENT,2023-10-13 12:42:00+0000
1030,14,106,SENT,2023-09-13 05:25:00+0000
1031,15,17,SENT,2023-11-09 03:16:00+0000
1032,15,17,OPEN,2023-01-19 02:45:00+0000
1033,15,58,SENT,2023-11-19 18:31:00+0000
1034,15,58,OPEN,2023-05-11 06:46:00+0000
1035,15,58,CLICK,2023-04-04 13:21:00+0000
1036,15,70,SENT,2023-04-15 04:17:00+0000
1037,15,70,OPEN,2023-03-04 08:53:00+0000
1038,15,88,SENT,2023-01-01 05:28:00+0000
1039,15,88,OPEN,2023-04-22 07:25:00+0000
1040,15,88,CLICK,2023-12-25 06:55:00+0000
1041,15,180,SENT,2023-04-20 13:40:00+0000
1042,15,180,OPEN,2023-04-24 09:16:00+0000
1043,15,180,CLICK,2024-02-03 14:07:00+0000
1044,15,140,SENT,2023-04-20 07:04:00+0000
1045,15,140,OPEN,2023-02-24 11:31:00+0000
1046,15,103,SENT,2023-05-20 13:13:00+0000
1047,15,133,SENT,2023-12-19 06:32:00+0000
1048,15,133,OPEN,2023-06-29 17:05:00+0000
1049,15,186,SENT,2023-04-22 23:41:00+0000
1050,15,199,SENT,2023-10-27 20:40:00+0000
1051,15,199,OPEN,2023-11-07 19:18:00+0000
1052,15,199,CLICK,2023-11-28 07:11:00+0000
1053,15,156,SENT,2024-01-29 01:30:00+0000
1054,15,156,OPEN,2023-11-26 14:16:00+0000
1055,15,156,CLICK,2024-01-29 17:06:00+0000
1056,15,1,SENT,2023-03-08 04:46:00+0000
1057,15,1,OPEN,2023-04-08 09:09:00+0000
1058,15,1,CLICK,2023-08-26 11:49:00+0000
1059,15,60,SENT,2023-06-04 18:07:00+0000
1060,15,196,SENT,2023-07-27 20:02:00+0000
1061,15,139,SENT,2023-08-25 00:06:00+0000
1062,15,114,SENT,2023-12-28 07:34:00+0000
1063,15,114,OPEN,2023-11-24 10:10:00+0000
1064,15,114,CLICK,2023-08-04 02:56:00+0000
1065,15,50,SENT,2023-10-27 22:52:00+0000
1066,15,75,SENT,2023-05-10 07:38:00+0000
1067,15,75,OPEN,2023-01-15 02:23:00+0000
1068,15,96,SENT,2023-06-30 04:02:00+0000
1069,15,96,OPEN,2023-01-11 03:15:00+0000
1070,15,57,SENT,2023-06-13 04:21:00+0000
1071,15,147,SENT,2023-06-02 05:34:00+0000
1072,15,181,SENT,2023-12-02 06:49:00+0000
1073,15,110,SENT,2023-04-26 14:55:00+0000
1074,15,110,OPEN,2023-10-23 00:16:00+0000
1075,15,110,CLICK,2023-01-02 16:50:00+0000
1076,15,146,SENT,2023-05-01 00:58:00+0000
1077,15,146,OPEN,2023-03-31 15:14:00+0000
1078,15,146,CLICK,2023-09-25 11:38:00+0000
1079,15,115,SENT,2023-01-15 11:16:00+0000
1080,15,115,OPEN,2023-07-03 05:41:00+0000
1081,15,166,SENT,2023-09-10 22:15:00+0000
1082,15,16,SENT,2023-06-02 05:31:00+0000
1083,15,16,OPEN,2023-08-30 18:05:00+0000
1084,15,16,CLICK,2023-08-30 20:49:00+0000
1085,15,191,SENT,2023-01-20 03:01:00+0000
1086,15,191,OPEN,2023-10-16 09:03:00+0000
1087,15,54,SENT,2023-06-29 12:42:00+0000
1088,15,54,OPEN,2024-01-19 19:14:00+0000
1089,15,24,SENT,2023-12-03 18:35:00+0000
1090,15,24,OPEN,2023-05-02 21:51:00+0000
1091,15,109,SENT,2024-02-05 15:07:00+0000
1092,15,109,OPEN,2023-10-06 19:36:00+0000
1093,16,6,SENT,2023-12-08 13:19:00+0000
1094,16,6,OPEN,2023-02-05 09:33:00+0000
1095,16,6,CLICK,2023-11-12 02:50:00+0000
1096,16,186,SENT,2023-10-19 10:09:00+0000
1097,16,186,UNSUBSCRIBE,2023-01-29 23:05:00+0000
1098,16,54,SENT,2023-04-19 09:22:00+0000
1099,16,54,OPEN,2024-01-02 18:19:00+0000
1100,16,54,UNSUBSCRIBE,2023-12-22 01:03:00+0000
1101,16,171,SENT,2023-10-29 16:01:00+0000
1102,16,171,OPEN,2023-12-05 02:15:00+0000
1103,16,171,CLICK,2023-01-14 18:06:00+0000
1104,16,19,SENT,2023-06-09 15:42:00+0000
1105,16,65,SENT,2023-05-10 11:08:00+0000
1106,16,118,SENT,2023-05-26 19:41:00+0000
1107,16,25,SENT,2023-05-29 10:31:00+0000
1108,16,46,SENT,2023-06-10 18:57:00+0000
1109,16,78,SENT,2023-09-09 00:22:00+0000
1110,16,196,SENT,2023-01-19 03:37:00+0000
1111,16,196,OPEN,2023-07-21 14:31:00+0000
1112,16,198,SENT,2023-06-04 16:14:00+0000
1113,16,24,SENT,2023-08-13 07:14:00+0000
1114,16,24,OPEN,2024-01-12 01:13:00+0000
1115,16,15,SENT,2023-12-28 21:46:00+0000
1116,16,14,SENT,2023-05-21 07:39:00+0000
1117,16,14,OPEN,2024-01-05 06:21:00+0000
1118,16,146,SENT,2023-02-03 16:04:00+0000
1119,16,23,SENT,2023-11-22 21:36:00+0000
1120,16,23,OPEN,2023-09-10 01:21:00+0000
1121,16,102,SENT,2023-11-14 12:53:00+0000
1122,16,102,OPEN,2023-05-17 20:29:00+0000
1123,16,142,SENT,2023-02-01 10:24:00+0000
1124,16,142,OPEN,2023-02-25 01:49:00+0000
1125,16,142,UNSUBSCRIBE,2023-04-20 18:51:00+0000
1126,16,16,SENT,2023-10-09 08:43:00+0000
1127,16,16,OPEN,2023-06-04 03:07:00+0000
1128,16,10,SENT,2023-08-23 20:52:00+0000
1129,16,10,OPEN,2023-10-08 05:30:00+0000
1130,16,10,CLICK,2023-03-17 01:36:00+0000
1131,16,111,SENT,2023-02-22 05:26:00+0000
1132,16,188,SENT,2023-05-22 00:31:00+0000
1133,16,188,OPEN,2023-03-26 21:53:00+0000
1134,16,115,SENT,2024-01-03 09:42:00+0000
1135,16,115,OPEN,2023-06-09 02:02:00+0000
1136,16,71,SENT,2023-02-08 10:16:00+0000
1137,16,71,OPEN,2023-04-12 16:08:00+0000
1138,16,63,SENT,2023-08-22 13:49:00+0000
1139,16,63,OPEN,2023-09-27 23:03:00+0000
1140,16,93,SENT,2023-03-30 14:35:00+0000
1141,16,39,SENT,2023-06-26 09:15:00+0000
1142,16,39,OPEN,2023-07-26 07:01:00+0000
1143,16,95,SENT,2023-05-14 22:59:00+0000
1144,16,95,OPEN,2023-02-06 04:04:00+0000
1145,16,95,CLICK,2024-01-02 16:24:00+0000
1146,16,77,SENT,2023-02-09 15:37:00+0000
1147,16,77,OPEN,2023-01-11 17:54:00+0000
1148,16,199,SENT,2023-11-13 05:58:00+0000
1149,16,199,OPEN,2023-09-26 11:08:00+0000
1150,16,199,CLICK,2023-11-16 14:23:00+0000
1151,16,106,SENT,2023-09-30 06:36:00+0000
1152,16,106,OPEN,2023-12-29 03:20:00+0000
1153,16,87,SENT,2023-05-31 17:19:00+0000
1154,16,87,OPEN,2024-01-26 12:51:00+0000
1155,16,76,SENT,2023-09-16 12:36:00+0000
1156,16,192,SENT,2023-07-09 16:26:00+0000
1157,16,158,SENT,2023-11-03 17:02:00+0000
1158,16,158,OPEN,2023-04-07 18:47:00+0000
1159,16,158,CLICK,2023-10-02 12:23:00+0000
1160,16,22,SENT,2024-01-03 14:24:00+0000
1161,16,22,OPEN,2023-12-07 20:49:00+0000
1162,16,22,CLICK,2023-07-23 11:21:00+0000
1163,16,134,SENT,2023-11-26 19:56:00+0000
1164,16,134,OPEN,2023-10-15 08:02:00+0000
1165,16,134,CLICK,2023-10-27 03:33:00+0000
1166,16,134,BOUNCE,2023-01-27 07:00:00+0000
1167,16,69,SENT,2023-01-30 00:59:00+0000
1168,16,69,OPEN,2023-10-01 21:25:00+0000
1169,16,69,CLICK,2023-03-24 12:36:00+0000
1170,16,5,SENT,2023-05-05 01:44:00+0000
1171,16,5,OPEN,2023-08-15 21:21:00+0000
1172,16,5,CLICK,2023-08-31 18:13:00+0000
1173,16,61,SENT,2023-12-11 14:18:00+0000
1174,16,52,SENT,2023-12-10 17:20:00+0000
1175,16,123,SENT,2023-07-20 10:40:00+0000
1176,16,174,SENT,2023-05-06 12:25:00+0000
1177,16,68,SENT,2023-02-11 01:58:00+0000
1178,16,107,SENT,2023-10-11 19:49:00+0000
1179,16,107,OPEN,2023-05-30 03:12:00+0000
1180,16,30,SENT,2023-10-09 22:47:00+0000
1181,16,30,OPEN,2023-03-29 10:28:00+0000
1182,16,81,SENT,2023-05-14 02:52:00+0000
1183,16,81,OPEN,2024-01-05 12:29:00+0000
1184,16,50,SENT,2023-09-07 06:03:00+0000
1185,16,50,OPEN,2023-12-17 08:48:00+0000
1186,16,50,BOUNCE,2023-04-22 21:33:00+0000
1187,16,94,SENT,2023-08-23 04:12:00+0000
1188,16,94,OPEN,2023-02-04 00:26:00+0000
1189,16,85,SENT,2023-07-07 19:32:00+0000
1190,16,85,OPEN,2023-12-19 03:14:00+0000
1191,16,32,SENT,2023-12-07 19:46:00+0000
1192,16,32,OPEN,2023-03-11 15:57:00+0000
1193,16,32,CLICK,2023-08-21 08:13:00+0000
1194,16,2,SENT,2023-09-09 01:48:00+0000
1195,16,2,OPEN,2023-01-16 03:30:00+0000
1196,16,2,CLICK,2023-08-14 16:36:00+0000
1197,16,86,SENT,2023-09-17 09:25:00+0000
1198,16,105,SENT,2023-10-30 00:20:00+0000
1199,16,13,SENT,2023-02-28 16:07:00+0000
1200,16,13,OPEN,2023-02-18 14:08:00+0000
1201,16,13,CLICK,2023-12-26 07:40:00+0000
1202,17,40,SENT,2024-02-01 08:11:00+0000
1203,17,40,OPEN,2023-12-03 09:28:00+0000
1204,17,40,CLICK,2023-08-02 01:26:00+0000
1205,17,37,SENT,2023-03-15 23:28:00+0000
1206,17,37,OPEN,2023-01-24 04:33:00+0000
1207,17,37,CLICK,2023-01-16 06:04:00+0000
1208,17,8,SENT,2023-07-01 05:50:00+0000
1209,17,8,OPEN,2023-03-22 00:56:00+0000
1210,17,8,CLICK,2023-04-15 07:37:00+0000
1211,17,162,SENT,2023-04-04 18:35:00+0000
1212,17,134,SENT,2024-01-31 05:28:00+0000
1213,17,134,OPEN,2023-04-24 14:27:00+0000
1214,17,134,CLICK,2023-07-20 11:24:00+0000
1215,17,51,SENT,2023-01-26 19:19:00+0000
1216,17,136,SENT,2023-01-20 07:55:00+0000
1217,17,136,OPEN,2023-09-23 04:37:00+0000
1218,17,136,CLICK,2023-07-21 15:50:00+0000
1219,17,136,UNSUBSCRIBE,2024-01-20 20:19:00+0000
1220,17,156,SENT,2023-11-26 23:52:00+0000
1221,17,156,OPEN,2023-01-05 19:10:00+0000
1222,17,142,SENT,2023-08-16 18:52:00+0000
1223,17,142,OPEN,2023-12-29 23:47:00+0000
1224,17,200,SENT,2023-06-11 23:33:00+0000
1225,17,53,SENT,2023-05-27 15:09:00+0000
1226,17,53,OPEN,2023-03-05 23:15:00+0000
1227,17,53,CLICK,2023-09-22 00:30:00+0000
1228,17,126,SENT,2023-05-26 04:52:00+0000
1229,17,126,OPEN,2024-01-31 06:10:00+0000
1230,17,125,SENT,2023-10-17 05:03:00+0000
1231,17,184,SENT,2023-02-18 05:42:00+0000
1232,17,77,SENT,2023-08-24 20:08:00+0000
1233,17,77,OPEN,2023-05-30 11:45:00+0000
1234,17,25,SENT,2023-06-28 19:55:00+0000
1235,17,25,OPEN,2023-08-14 12:45:00+0000
1236,17,118,SENT,2023-05-25 18:54:00+0000
1237,17,118,OPEN,2023-06-27 21:04:00+0000
1238,17,118,UNSUBSCRIBE,2023-05-16 04:49:00+0000
1239,17,3,SENT,2023-09-26 10:38:00+0000
1240,17,3,OPEN,2023-12-26 14:30:00+0000
1241,17,113,SENT,2023-06-20 06:27:00+0000
1242,17,43,SENT,2023-05-13 06:53:00+0000
1243,17,43,OPEN,2023-02-01 09:06:00+0000
1244,17,69,SENT,2024-01-24 10:07:00+0000
1245,17,73,SENT,2023-09-26 11:38:00+0000
1246,17,73,UNSUBSCRIBE,2023-08-27 21:59:00+0000
1247,17,67,SENT,2023-12-07 23:10:00+0000
1248,17,130,SENT,2023-08-28 22:13:00+0000
1249,17,130,OPEN,2023-02-17 05:21:00+0000
1250,17,130,UNSUBSCRIBE,2023-08-30 17:06:00+0000
1251,17,158,SENT,2023-12-04 06:30:00+0000
1252,17,154,SENT,2023-11-23 17:16:00+0000
1253,17,154,OPEN,2023-12-17 01:42:00+0000
1254,17,154,CLICK,2023-10-16 03:07:00+0000
1255,17,157,SENT,2023-08-31 06:23:00+0000
1256,17,110,SENT,2023-10-05 18:16:00+0000
1257,17,179,SENT,2024-02-03 10:36:00+0000
1258,17,179,OPEN,2023-10-04 04:59:00+0000
1259,17,121,SENT,2023-03-24 08:43:00+0000
1260,17,198,SENT,2023-10-20 19:36:00+0000
1261,17,198,OPEN,2023-06-01 14:07:00+0000
1262,17,44,SENT,2023-01-24 21:27:00+0000
1263,17,80,SENT,2023-12-22 23:58:00+0000
1264,17,166,SENT,2023-01-04 12:30:00+0000
1265,17,166,OPEN,2023-06-04 18:13:00+0000
1266,17,166,CLICK,2023-06-12 15:54:00+0000
1267,17,28,SENT,2023-09-21 17:09:00+0000
1268,17,28,OPEN,2023-12-23 16:52:00+0000
1269,17,28,CLICK,2023-02-02 19:29:00+0000
1270,17,81,SENT,2023-08-18 13:17:00+0000
1271,17,70,SENT,2023-04-21 05:47:00+0000
1272,17,148,SENT,2023-07-29 22:43:00+0000
1273,17,60,SENT,2023-06-11 18:10:00+0000
1274,17,60,OPEN,2023-08-29 22:43:00+0000
1275,17,60,CLICK,2023-12-19 10:33:00+0000
1276,17,115,SENT,2023-05-12 23:12:00+0000
1277,17,115,OPEN,2024-02-04 17:24:00+0000
1278,17,26,SENT,2023-07-23 02:20:00+0000
1279,17,26,OPEN,2023-04-02 21:28:00+0000
1280,17,169,SENT,2023-02-28 22:35:00+0000
1281,17,112,SENT,2023-09-03 13:26:00+0000
1282,17,181,SENT,2024-01-18 02:06:00+0000
1283,17,122,SENT,2023-05-12 08:56:00+0000
1284,17,122,OPEN,2023-11-28 00:00:00+0000
1285,17,12,SENT,2024-01-03 14:45:00+0000
1286,17,12,OPEN,2024-01-30 09:08:00+0000
1287,17,12,CLICK,2023-12-17 22:05:00+0000
1288,17,132,SENT,2023-07-22 02:00:00+0000
1289,17,132,OPEN,2023-04-07 18:28:00+0000
1290,17,85,SENT,2023-04-15 22:54:00+0000
1291,17,85,OPEN,2024-01-11 10:25:00+0000
1292,17,145,SENT,2023-06-15 20:36:00+0000
1293,17,145,OPEN,2023-05-06 06:54:00+0000
1294,17,64,SENT,2023-01-18 14:00:00+0000
1295,17,64,OPEN,2023-04-23 02:38:00+0000
1296,17,64,CLICK,2023-07-14 10:05:00+0000
1297,17,33,SENT,2023-09-28 03:13:00+0000
1298,17,33,OPEN,2023-05-01 18:11:00+0000
1299,17,33,CLICK,2023-08-30 06:02:00+0000
1300,17,49,SENT,2023-05-30 22:30:00+0000
1301,17,49,OPEN,2023-09-14 09:17:00+0000
1302,17,95,SENT,2023-08-14 18:42:00+0000
1303,17,95,OPEN,2023-01-22 07:52:00+0000
1304,17,19,SENT,2023-04-28 06:56:00+0000
1305,17,19,OPEN,2023-11-12 01:56:00+0000
1306,17,19,CLICK,2023-09-28 00:55:00+0000
1307,17,101,SENT,2023-03-12 07:20:00+0000
1308,17,101,OPEN,2023-08-22 06:12:00+0000
1309,18,158,SENT,2023-04-05 17:04:00+0000
1310,18,83,SENT,2023-06-09 07:48:00+0000
1311,18,83,OPEN,2023-12-17 23:35:00+0000
1312,18,24,SENT,2023-07-01 20:19:00+0000
1313,18,109,SENT,2023-12-03 23:02:00+0000
1314,18,109,OPEN,2023-06-07 07:53:00+0000
1315,18,109,CLICK,2023-11-21 03:04:00+0000
1316,18,153,SENT,2023-06-01 00:00:00+0000
1317,18,68,SENT,2023-05-23 08:35:00+0000
1318,18,68,OPEN,2023-01-17 08:32:00+0000
1319,18,42,SENT,2023-02-06 03:22:00+0000
1320,18,177,SENT,2023-02-18 18:50:00+0000
1321,18,177,OPEN,2024-01-31 00:29:00+0000
1322,18,177,CLICK,2023-09-07 15:50:00+0000
1323,18,89,SENT,2023-03-17 00:26:00+0000
1324,18,89,OPEN,2023-10-27 11:00:00+0000
1325,18,12,SENT,2023-12-12 17:26:00+0000
1326,18,12,OPEN,2023-06-29 17:46:00+0000
1327,18,12,CLICK,2023-04-04 11:12:00+0000
1328,18,12,BOUNCE,2023-04-13 13:16:00+0000
1329,18,31,SENT,2023-02-28 02:35:00+0000
1330,18,104,SENT,2023-06-11 19:07:00+0000
1331,18,104,OPEN,2023-06-30 22:12:00+0000
1332,18,148,SENT,2023-06-12 12:31:00+0000
1333,18,124,SENT,2023-03-09 22:14:00+0000
1334,18,160,SENT,2024-01-27 13:27:00+0000
1335,18,80,SENT,2023-10-22 00:24:00+0000
1336,18,80,OPEN,2024-01-16 11:49:00+0000
1337,18,80,CLICK,2023-01-18 20:36:00+0000
1338,18,186,SENT,2024-01-21 12:14:00+0000
1339,18,186,OPEN,2023-08-12 18:00:00+0000
1340,18,186,UNSUBSCRIBE,2023-12-14 06:50:00+0000
1341,18,20,SENT,2023-10-25 18:20:00+0000
1342,18,20,OPEN,2023-07-18 03:09:00+0000
1343,18,20,UNSUBSCRIBE,2023-08-26 06:33:00+0000
1344,18,166,SENT,2024-01-04 16:16:00+0000
1345,18,166,OPEN,2023-07-05 10:24:00+0000
1346,18,64,SENT,2023-01-14 15:50:00+0000
1347,18,152,SENT,2023-02-18 22:38:00+0000
1348,18,152,OPEN,2023-01-13 14:23:00+0000
1349,18,61,SENT,2023-10-14 10:11:00+0000
1350,18,199,SENT,2023-12-06 01:41:00+0000
1351,18,5,SENT,2023-09-14 19:10:00+0000
1352,18,173,SENT,2023-05-27 13:14:00+0000
1353,18,173,OPEN,2023-02-05 02:29:00+0000
1354,18,173,CLICK,2023-05-04 05:13:00+0000
1355,18,95,SENT,2023-02-11 06:38:00+0000
1356,18,180,SENT,2023-01-31 21:31:00+0000
1357,18,180,OPEN,2023-11-27 06:14:00+0000
1358,18,180,CLICK,2023-12-26 05:02:00+0000
1359,18,100,SENT,2023-03-14 04:56:00+0000
1360,18,100,OPEN,2024-02-03 05:20:00+0000
1361,18,21,SENT,2023-06-24 04:39:00+0000
1362,18,21,OPEN,2023-07-11 23:39:00+0000
1363,18,115,SENT,2023-08-11 13:33:00+0000
1364,18,87,SENT,2023-05-06 18:24:00+0000
1365,18,87,OPEN,2023-03-16 13:53:00+0000
1366,18,87,BOUNCE,2023-06-21 22:03:00+0000
1367,18,107,SENT,2023-03-05 20:08:00+0000
1368,18,107,OPEN,2023-08-09 06:56:00+0000
1369,18,165,SENT,2023-06-24 13:20:00+0000
1370,18,165,OPEN,2023-04-24 01:41:00+0000
1371,18,167,SENT,2023-10-06 10:26:00+0000
1372,18,167,OPEN,2024-01-17 00:23:00+0000
1373,18,34,SENT,2023-10-24 12:22:00+0000
1374,18,34,OPEN,2023-03-06 03:46:00+0000
1375,18,35,SENT,2023-04-23 17:23:00+0000
1376,18,108,SENT,2023-04-03 01:08:00+0000
1377,18,108,OPEN,2023-03-05 06:22:00+0000
1378,18,8,SENT,2023-04-04 17:56:00+0000
1379,18,8,OPEN,2023-06-01 15:34:00+0000
1380,18,38,SENT,2023-07-28 15:40:00+0000
1381,18,99,SENT,2023-11-25 00:12:00+0000
1382,18,99,OPEN,2023-07-25 11:12:00+0000
1383,19,46,SENT,2023-03-29 06:09:00+0000
1384,19,46,OPEN,2024-02-01 04:23:00+0000
1385,19,46,CLICK,2023-11-17 14:43:00+0000
1386,19,149,SENT,2023-01-17 13:42:00+0000
1387,19,149,OPEN,2023-01-07 14:38:00+0000
1388,19,149,CLICK,2023-09-29 12:11:00+0000
1389,19,19,SENT,2023-11-08 17:00:00+0000
1390,19,19,OPEN,2023-05-18 06:37:00+0000
1391,19,19,CLICK,2023-03-29 02:09:00+0000
1392,19,19,BOUNCE,2023-03-24 22:48:00+0000
1393,19,105,SENT,2023-01-09 05:12:00+0000
1394,19,105,OPEN,2023-03-27 23:56:00+0000
1395,19,93,SENT,2023-08-30 21:11:00+0000
1396,19,93,OPEN,2023-07-14 07:31:00+0000
1397,19,27,SENT,2024-01-12 17:33:00+0000
1398,19,175,SENT,2023-07-29 00:16:00+0000
1399,19,175,OPEN,2024-01-23 02:59:00+0000
1400,19,40,SENT,2023-05-24 07:46:00+0000
1401,19,21,SENT,2024-01-04 14:25:00+0000
1402,19,21,OPEN,2023-06-17 23:08:00+0000
1403,19,186,SENT,2023-09-23 15:58:00+0000
1404,19,186,OPEN,2023-04-24 01:32:00+0000
1405,19,106,SENT,2023-06-07 22:03:00+0000
1406,19,106,OPEN,2023-07-08 16:25:00+0000
1407,19,111,SENT,2023-05-10 21:22:00+0000
1408,19,35,SENT,2023-05-22 14:59:00+0000
1409,19,104,SENT,2024-01-23 06:56:00+0000
1410,19,104,OPEN,2023-08-01 22:23:00+0000
1411,19,28,SENT,2023-12-22 17:32:00+0000
1412,19,28,OPEN,2023-10-18 23:46:00+0000
1413,19,130,SENT,2023-11-24 13:04:00+0000
1414,19,153,SENT,2023-09-05 08:28:00+0000
1415,19,143,SENT,2024-01-12 16:54:00+0000
1416,19,196,SENT,2023-04-08 21:58:00+0000
1417,19,196,OPEN,2023-01-14 10:25:00+0000
1418,19,196,CLICK,2023-11-07 22:36:00+0000
1419,19,107,SENT,2023-10-31 05:11:00+0000
1420,19,9,SENT,2023-09-01 20:27:00+0000
1421,19,164,SENT,2023-07-15 19:03:00+0000
1422,19,135,SENT,2023-04-29 15:20:00+0000
1423,19,135,OPEN,2023-12-11 10:52:00+0000
1424,19,135,CLICK,2023-12-04 15:49:00+0000
1425,19,126,SENT,2023-02-25 03:37:00+0000
1426,19,126,OPEN,2023-11-01 06:08:00+0000
1427,19,126,CLICK,2023-05-15 05:15:00+0000
1428,19,84,SENT,2023-09-01 05:59:00+0000
1429,19,84,OPEN,2023-04-03 14:12:00+0000
1430,19,184,SENT,2023-12-02 17:10:00+0000
1431,19,172,SENT,2023-12-07 12:26:00+0000
1432,19,180,SENT,2023-11-27 11:28:00+0000
1433,19,191,SENT,2023-07-20 21:22:00+0000
1434,19,191,OPEN,2023-11-02 14:11:00+0000
1435,19,108,SENT,2023-02-09 02:41:00+0000
1436,19,77,SENT,2023-01-14 03:38:00+0000
1437,19,85,SENT,2023-07-29 19:49:00+0000
1438,19,85,OPEN,2024-02-05 10:21:00+0000
1439,19,95,SENT,2023-03-13 04:37:00+0000
1440,20,156,SENT,2023-05-04 12:58:00+0000
1441,20,27,SENT,2023-07-29 21:32:00+0000
1442,20,27,OPEN,2023-04-19 15:36:00+0000
1443,20,27,CLICK,2023-02-25 13:13:00+0000
1444,20,16,SENT,2023-07-10 02:52:00+0000
1445,20,16,OPEN,2023-09-15 09:52:00+0000
1446,20,72,SENT,2023-02-13 18:33:00+0000
1447,20,125,SENT,2023-01-24 07:11:00+0000
1448,20,166,SENT,2023-06-12 15:50:00+0000
1449,20,166,OPEN,2024-01-13 19:15:00+0000
1450,20,31,SENT,2023-05-28 02:45:00+0000
1451,20,31,OPEN,2024-01-18 17:55:00+0000
1452,20,69,SENT,2024-01-05 09:35:00+0000
1453,20,69,UNSUBSCRIBE,2024-01-11 17:41:00+0000
1454,20,97,SENT,2023-09-05 14:45:00+0000
1455,20,97,OPEN,2023-03-14 06:32:00+0000
1456,20,97,CLICK,2024-01-27 23:09:00+0000
1457,20,172,SENT,2023-09-29 05:34:00+0000
1458,20,172,OPEN,2023-04-23 23:57:00+0000
1459,20,172,CLICK,2023-03-31 19:01:00+0000
1460,20,199,SENT,2023-02-15 16:06:00+0000
1461,20,12,SENT,2023-02-27 19:07:00+0000
1462,20,139,SENT,2023-08-09 18:02:00+0000
1463,20,2,SENT,2023-01-10 18:16:00+0000
1464,20,2,OPEN,2024-01-06 06:02:00+0000
1465,20,2,CLICK,2023-11-01 02:39:00+0000
1466,20,59,SENT,2023-08-20 21:09:00+0000
1467,20,59,OPEN,2024-01-09 17:32:00+0000
1468,20,133,SENT,2023-11-25 08:47:00+0000
1469,20,67,SENT,2023-06-21 06:23:00+0000
1470,20,67,OPEN,2023-07-29 09:19:00+0000
1471,20,190,SENT,2023-10-08 17:06:00+0000
1472,20,190,OPEN,2023-12-12 04:07:00+0000
1473,20,165,SENT,2023-07-10 13:38:00+0000
1474,20,165,OPEN,2023-03-24 00:35:00+0000
1475,20,22,SENT,2023-03-08 18:28:00+0000
1476,20,22,OPEN,2023-04-23 19:17:00+0000
1477,20,93,SENT,2023-09-21 18:24:00+0000
1478,20,122,SENT,2023-01-22 00:48:00+0000
1479,20,103,SENT,2023-08-09 20:18:00+0000
1480,20,103,UNSUBSCRIBE,2023-07-23 19:46:00+0000
1481,20,187,SENT,2023-12-15 10:46:00+0000
1482,20,187,OPEN,2023-09-20 03:34:00+0000
1483,20,187,CLICK,2023-12-21 06:31:00+0000
1484,20,197,SENT,2023-03-29 01:03:00+0000
1485,20,197,OPEN,2023-03-27 03:07:00+0000
1486,20,57,SENT,2023-05-10 07:55:00+0000
1487,20,51,SENT,2023-06-07 04:36:00+0000
1488,20,51,OPEN,2023-11-19 09:02:00+0000
1489,20,13,SENT,2023-02-08 09:58:00+0000
1490,20,13,OPEN,2023-09-17 03:16:00+0000
1491,20,84,SENT,2023-05-21 11:38:00+0000
1492,20,23,SENT,2023-01-20 21:36:00+0000
1493,20,23,OPEN,2023-08-27 05:33:00+0000
1494,20,23,CLICK,2023-04-27 02:17:00+0000
1495,20,162,SENT,2023-05-13 03:19:00+0000
1496,20,95,SENT,2023-08-01 19:07:00+0000
1497,20,10,SENT,2023-07-24 08:46:00+0000
1498,20,200,SENT,2023-05-19 11:13:00+0000
1499,20,200,OPEN,2023-04-19 21:28:00+0000
1500,20,200,CLICK,2023-03-02 16:25:00+0000
1501,20,196,SENT,2023-09-08 09:50:00+0000
1502,20,196,OPEN,2023-02-09 00:54:00+0000
1503,20,175,SENT,2023-08-27 04:03:00+0000
1504,20,19,SENT,2023-06-05 05:09:00+0000
1505,20,134,SENT,2023-03-21 09:59:00+0000
1506,20,134,OPEN,2023-04-07 14:19:00+0000
1507,20,186,SENT,2023-08-16 03:33:00+0000
1508,20,186,OPEN,2023-12-29 17:41:00+0000
1509,20,192,SENT,2023-02-15 06:02:00+0000
1510,20,192,OPEN,2023-01-20 12:45:00+0000
1511,20,38,SENT,2023-12-18 12:11:00+0000
1512,20,38,OPEN,2023-04-04 21:36:00+0000
1513,20,38,CLICK,2023-02-15 04:36:00+0000
1514,20,20,SENT,2023-05-11 09:57:00+0000
1515,20,140,SENT,2023-11-28 00:31:00+0000
1516,20,34,SENT,2023-12-12 13:05:00+0000
1517,20,34,OPEN,2023-12-22 23:42:00+0000
1518,20,145,SENT,2023-10-14 00:03:00+0000
1519,20,145,OPEN,2023-12-08 07:55:00+0000
1520,20,36,SENT,2023-09-17 23:59:00+0000
1521,20,36,OPEN,2024-01-28 01:33:00+0000
1522,20,36,CLICK,2023-10-01 22:22:00+0000
1523,20,4,SENT,2023-05-29 11:23:00+0000
1524,20,4,UNSUBSCRIBE,2023-04-21 22:31:00+0000
1525,20,25,SENT,2023-10-21 16:04:00+0000
1526,20,118,SENT,2023-01-21 09:13:00+0000
1527,20,118,OPEN,2023-02-25 23:10:00+0000
1528,20,178,SENT,2024-01-03 17:04:00+0000
1529,20,178,OPEN,2023-01-08 08:37:00+0000
1530,20,109,SENT,2023-10-16 03:56:00+0000
1531,20,109,OPEN,2023-10-25 02:29:00+0000
1532,20,109,CLICK,2023-02-27 20:03:00+0000
1533,20,40,SENT,2023-01-03 14:28:00+0000
