-- healthcare seed data. Load after schema.sql.
BEGIN;
INSERT INTO patients (id, name, birth_date, gender, country) VALUES (1, 'Noa Nguyen', '2004-11-26', 'U', 'US');
INSERT INTO patients (id, name, birth_date, gender, country) VALUES (2, 'Casey Nguyen', '1994-01-28', 'F', 'SE');
INSERT INTO patients (id, name, birth_date, gender, country) VALUES (3, 'Kai Rossi', '1997-01-05', 'F', 'IN');
INSERT INTO patients (id, name, birth_date, gender, country) VALUES (4, 'Avery Cohen', '1975-11-12', 'M', 'IN');
INSERT INTO patients (id, name, birth_date, gender, country) VALUES (5, 'Quinn Okafor', '2013-06-16', 'M', 'GB');
INSERT INTO patients (id, name, birth_date, gender, country) VALUES (6, 'Rowan Cohen', '1980-01-09', 'U', 'JP');
INSERT INTO patients (id, name, birth_date, gender, country) VALUES (7, 'Harper Larsson', '1996-01-15', 'U', 'GB');
INSERT INTO patients (id, name, birth_date, gender, country) VALUES (8, 'Harper Smith', '1963-07-27', 'F', 'GB');
INSERT INTO patients (id, name, birth_date, gender, country) VALUES (9, 'Quinn Garcia', '2007-06-04', 'M', 'JP');
INSERT INTO patients (id, name, birth_date, gender, country) VALUES (10, 'Rowan Nguyen', '1993-07-31', 'F', 'BR');
INSERT INTO patients (id, name, birth_date, gender, country) VALUES (11, 'Morgan Khan', '1951-03-01', 'U', 'US');
INSERT INTO patients (id, name, birth_date, gender, country) VALUES (12, 'Sasha Silva', '2012-05-22', 'F', 'US');
INSERT INTO patients (id, name, birth_date, gender, country) VALUES (13, 'Harper Smith', '2017-06-16', 'U', 'IN');
INSERT INTO patients (id, name, birth_date, gender, country) VALUES (14, 'Avery Garcia', '1976-02-28', 'M', 'GB');
INSERT INTO patients (id, name, birth_date, gender, country) VALUES (15, 'Sasha Haddad', '1960-12-21', 'F', 'BR');
INSERT INTO patients (id, name, birth_date, gender, country) VALUES (16, 'Devin Patel', '1966-10-08', 'M', 'BR');
INSERT INTO patients (id, name, birth_date, gender, country) VALUES (17, 'Riley Cohen', '2000-04-22', 'U', 'NG');
INSERT INTO patients (id, name, birth_date, gender, country) VALUES (18, 'Devin Mori', '1953-07-28', 'U', 'DE');
INSERT INTO patients (id, name, birth_date, gender, country) VALUES (19, 'Morgan Haddad', '1989-02-28', 'M', 'DE');
INSERT INTO patients (id, name, birth_date, gender, country) VALUES (20, 'Avery Khan', '1972-12-17', 'U', 'NG');
INSERT INTO patients (id, name, birth_date, gender, country) VALUES (21, 'Rowan Khan', '1982-01-04', 'U', 'GB');
INSERT INTO patients (id, name, birth_date, gender, country) VALUES (22, 'Jordan Patel', '1983-06-06', 'M', 'SE');
INSERT INTO patients (id, name, birth_date, gender, country) VALUES (23, 'Rowan Garcia', '1951-05-13', 'F', 'DE');
INSERT INTO patients (id, name, birth_date, gender, country) VALUES (24, 'Quinn Haddad', '1974-07-06', 'F', 'NG');
INSERT INTO patients (id, name, birth_date, gender, country) VALUES (25, 'Morgan Smith', '1990-09-22', 'M', 'IN');
INSERT INTO patients (id, name, birth_date, gender, country) VALUES (26, 'Noa Garcia', '2004-07-08', 'U', 'US');
INSERT INTO patients (id, name, birth_date, gender, country) VALUES (27, 'Kai Khan', '1971-07-22', 'U', 'NG');
INSERT INTO patients (id, name, birth_date, gender, country) VALUES (28, 'Morgan Garcia', '2007-06-03', 'F', 'NG');
INSERT INTO patients (id, name, birth_date, gender, country) VALUES (29, 'Quinn Patel', '1969-08-08', 'F', 'US');
INSERT INTO patients (id, name, birth_date, gender, country) VALUES (30, 'Jordan Nguyen', '1969-03-23', 'F', 'SE');
INSERT INTO patients (id, name, birth_date, gender, country) VALUES (31, 'Riley Okafor', '1998-12-09', 'U', 'IN');
INSERT INTO patients (id, name, birth_date, gender, country) VALUES (32, 'Devin Garcia', '1950-09-12', 'U', 'DE');
INSERT INTO patients (id, name, birth_date, gender, country) VALUES (33, 'Rowan Garcia', '2015-07-09', 'F', 'SE');
INSERT INTO patients (id, name, birth_date, gender, country) VALUES (34, 'Devin Okafor', '1960-08-22', 'U', 'US');
INSERT INTO patients (id, name, birth_date, gender, country) VALUES (35, 'Quinn Nguyen', '2005-01-02', 'F', 'US');
INSERT INTO patients (id, name, birth_date, gender, country) VALUES (36, 'Jordan Haddad', '1994-11-14', 'U', 'BR');
INSERT INTO patients (id, name, birth_date, gender, country) VALUES (37, 'Rowan Cohen', '2004-08-10', 'F', 'DE');
INSERT INTO patients (id, name, birth_date, gender, country) VALUES (38, 'Jordan Rossi', '1959-04-30', 'F', 'GB');
INSERT INTO patients (id, name, birth_date, gender, country) VALUES (39, 'Kai Mori', '1960-02-07', 'M', 'DE');
INSERT INTO patients (id, name, birth_date, gender, country) VALUES (40, 'Morgan Garcia', '1972-12-12', 'M', 'BR');
INSERT INTO patients (id, name, birth_date, gender, country) VALUES (41, 'Harper Patel', '1968-12-15', 'F', 'JP');
INSERT INTO patients (id, name, birth_date, gender, country) VALUES (42, 'Jordan Nguyen', '1998-12-23', 'U', 'US');
INSERT INTO patients (id, name, birth_date, gender, country) VALUES (43, 'Sasha Okafor', '1970-04-28', 'M', 'DE');
INSERT INTO patients (id, name, birth_date, gender, country) VALUES (44, 'Sasha Khan', '2010-12-05', 'U', 'US');
INSERT INTO patients (id, name, birth_date, gender, country) VALUES (45, 'Avery Rossi', '1978-12-22', 'U', 'NG');
INSERT INTO patients (id, name, birth_date, gender, country) VALUES (46, 'Harper Nguyen', '2008-01-11', 'F', 'DE');
INSERT INTO patients (id, name, birth_date, gender, country) VALUES (47, 'Devin Haddad', '1963-11-24', 'U', 'DE');
INSERT INTO patients (id, name, birth_date, gender, country) VALUES (48, 'Riley Haddad', '1950-12-26', 'M', 'BR');
INSERT INTO patients (id, name, birth_date, gender, country) VALUES (49, 'Casey Patel', '1983-09-22', 'U', 'JP');
INSERT INTO patients (id, name, birth_date, gender, country) VALUES (50, 'Sasha Larsson', '1962-08-31', 'F', 'US');
INSERT INTO patients (id, name, birth_date, gender, country) VALUES (51, 'Sasha Rossi', '2009-06-08', 'U', 'SE');
INSERT INTO patients (id, name, birth_date, gender, country) VALUES (52, 'Quinn Mori', '1981-12-10', 'U', 'SE');
INSERT INTO patients (id, name, birth_date, gender, country) VALUES (53, 'Sasha Okafor', '1985-03-16', 'F', 'DE');
INSERT INTO patients (id, name, birth_date, gender, country) VALUES (54, 'Quinn Rossi', '2012-07-05', 'U', 'US');
INSERT INTO patients (id, name, birth_date, gender, country) VALUES (55, 'Sasha Smith', '1982-02-13', 'M', 'IN');
INSERT INTO patients (id, name, birth_date, gender, country) VALUES (56, 'Noa Rossi', '1986-10-15', 'U', 'IN');
INSERT INTO patients (id, name, birth_date, gender, country) VALUES (57, 'Devin Patel', '1959-03-17', 'U', 'BR');
INSERT INTO patients (id, name, birth_date, gender, country) VALUES (58, 'Morgan Larsson', '1966-12-27', 'F', 'SE');
INSERT INTO patients (id, name, birth_date, gender, country) VALUES (59, 'Devin Larsson', '1957-10-02', 'U', 'SE');
INSERT INTO patients (id, name, birth_date, gender, country) VALUES (60, 'Avery Cohen', '1964-11-30', 'M', 'JP');
INSERT INTO patients (id, name, birth_date, gender, country) VALUES (61, 'Rowan Haddad', '1965-12-04', 'F', 'DE');
INSERT INTO patients (id, name, birth_date, gender, country) VALUES (62, 'Casey Silva', '1972-02-02', 'M', 'BR');
INSERT INTO patients (id, name, birth_date, gender, country) VALUES (63, 'Jordan Patel', '2004-09-21', 'M', 'GB');
INSERT INTO patients (id, name, birth_date, gender, country) VALUES (64, 'Jordan Rossi', '1952-08-16', 'F', 'US');
INSERT INTO patients (id, name, birth_date, gender, country) VALUES (65, 'Avery Smith', '1977-08-30', 'M', 'JP');
INSERT INTO patients (id, name, birth_date, gender, country) VALUES (66, 'Riley Rossi', '1967-11-20', 'U', 'GB');
INSERT INTO patients (id, name, birth_date, gender, country) VALUES (67, 'Rowan Garcia', '1951-03-03', 'U', 'SE');
INSERT INTO patients (id, name, birth_date, gender, country) VALUES (68, 'Kai Khan', '1958-06-20', 'F', 'DE');
INSERT INTO patients (id, name, birth_date, gender, country) VALUES (69, 'Avery Garcia', '1965-03-30', 'U', 'DE');
INSERT INTO patients (id, name, birth_date, gender, country) VALUES (70, 'Riley Silva', '2004-10-24', 'F', 'IN');
INSERT INTO patients (id, name, birth_date, gender, country) VALUES (71, 'Casey Smith', '1999-10-08', 'U', 'DE');
INSERT INTO patients (id, name, birth_date, gender, country) VALUES (72, 'Sasha Patel', '2015-03-20', 'U', 'NG');
INSERT INTO patients (id, name, birth_date, gender, country) VALUES (73, 'Quinn Rossi', '2014-06-13', 'U', 'JP');
INSERT INTO patients (id, name, birth_date, gender, country) VALUES (74, 'Quinn Mori', '1983-11-01', 'F', 'GB');
INSERT INTO patients (id, name, birth_date, gender, country) VALUES (75, 'Morgan Larsson', '1967-10-27', 'U', 'US');
INSERT INTO patients (id, name, birth_date, gender, country) VALUES (76, 'Jordan Silva', '1969-08-23', 'M', 'IN');
INSERT INTO patients (id, name, birth_date, gender, country) VALUES (77, 'Quinn Nguyen', '1978-05-01', 'M', 'SE');
INSERT INTO patients (id, name, birth_date, gender, country) VALUES (78, 'Kai Cohen', '1964-03-31', 'M', 'US');
INSERT INTO patients (id, name, birth_date, gender, country) VALUES (79, 'Kai Khan', '2004-07-03', 'F', 'IN');
INSERT INTO patients (id, name, birth_date, gender, country) VALUES (80, 'Casey Okafor', '1977-03-24', 'M', 'NG');
INSERT INTO providers (id, name, specialty) VALUES (1, 'Morgan Smith', 'General');
INSERT INTO providers (id, name, specialty) VALUES (2, 'Sasha Garcia', 'Pediatrics');
INSERT INTO providers (id, name, specialty) VALUES (3, 'Devin Mori', 'Oncology');
INSERT INTO providers (id, name, specialty) VALUES (4, 'Riley Mori', 'Oncology');
INSERT INTO providers (id, name, specialty) VALUES (5, 'Quinn Silva', 'Pediatrics');
INSERT INTO providers (id, name, specialty) VALUES (6, 'Kai Mori', 'Neurology');
INSERT INTO providers (id, name, specialty) VALUES (7, 'Morgan Smith', 'Dermatology');
INSERT INTO providers (id, name, specialty) VALUES (8, 'Avery Smith', 'Cardiology');
INSERT INTO providers (id, name, specialty) VALUES (9, 'Rowan Khan', 'Cardiology');
INSERT INTO providers (id, name, specialty) VALUES (10, 'Jordan Cohen', 'General');
INSERT INTO providers (id, name, specialty) VALUES (11, 'Jordan Silva', 'Pediatrics');
INSERT INTO providers (id, name, specialty) VALUES (12, 'Quinn Smith', 'Neurology');
INSERT INTO providers (id, name, specialty) VALUES (13, 'Devin Haddad', 'Neurology');
INSERT INTO providers (id, name, specialty) VALUES (14, 'Avery Cohen', 'Cardiology');
INSERT INTO providers (id, name, specialty) VALUES (15, 'Casey Haddad', 'Oncology');
INSERT INTO encounters (id, patient_id, provider_id, encounter_date, type, status) VALUES (1, 47, 4, '2023-08-03 03:55:00+0000', 'ER', 'COMPLETED');
INSERT INTO encounters (id, patient_id, provider_id, encounter_date, type, status) VALUES (2, 10, 3, '2023-05-02 13:03:00+0000', 'ER', 'NO_SHOW');
INSERT INTO encounters (id, patient_id, provider_id, encounter_date, type, status) VALUES (3, 64, 11, '2023-01-13 00:39:00+0000', 'OFFICE', 'COMPLETED');
INSERT INTO encounters (id, patient_id, provider_id, encounter_date, type, status) VALUES (4, 14, 3, '2023-12-28 13:13:00+0000', 'TELEHEALTH', 'SCHEDULED');
INSERT INTO encounters (id, patient_id, provider_id, encounter_date, type, status) VALUES (5, 50, 3, '2023-06-08 08:35:00+0000', 'TELEHEALTH', 'NO_SHOW');
INSERT INTO encounters (id, patient_id, provider_id, encounter_date, type, status) VALUES (6, 15, 13, '2023-10-30 01:19:00+0000', 'TELEHEALTH', 'CANCELLED');
INSERT INTO encounters (id, patient_id, provider_id, encounter_date, type, status) VALUES (7, 29, 6, '2023-04-21 04:37:00+0000', 'OFFICE', 'COMPLETED');
INSERT INTO encounters (id, patient_id, provider_id, encounter_date, type, status) VALUES (8, 11, 14, '2024-02-01 12:02:00+0000', 'ER', 'COMPLETED');
INSERT INTO encounters (id, patient_id, provider_id, encounter_date, type, status) VALUES (9, 36, 9, '2023-06-13 09:51:00+0000', 'TELEHEALTH', 'COMPLETED');
INSERT INTO encounters (id, patient_id, provider_id, encounter_date, type, status) VALUES (10, 40, 3, '2023-10-19 10:14:00+0000', 'OFFICE', 'NO_SHOW');
INSERT INTO encounters (id, patient_id, provider_id, encounter_date, type, status) VALUES (11, 49, 12, '2023-10-25 19:26:00+0000', 'INPATIENT', 'NO_SHOW');
INSERT INTO encounters (id, patient_id, provider_id, encounter_date, type, status) VALUES (12, 71, 15, '2023-08-14 21:33:00+0000', 'INPATIENT', 'SCHEDULED');
INSERT INTO encounters (id, patient_id, provider_id, encounter_date, type, status) VALUES (13, 50, 14, '2023-07-19 21:21:00+0000', 'TELEHEALTH', 'SCHEDULED');
INSERT INTO encounters (id, patient_id, provider_id, encounter_date, type, status) VALUES (14, 43, 13, '2024-02-01 22:50:00+0000', 'ER', 'SCHEDULED');
INSERT INTO encounters (id, patient_id, provider_id, encounter_date, type, status) VALUES (15, 28, 10, '2023-05-19 10:06:00+0000', 'INPATIENT', 'COMPLETED');
INSERT INTO encounters (id, patient_id, provider_id, encounter_date, type, status) VALUES (16, 6, 12, '2023-11-13 01:12:00+0000', 'TELEHEALTH', 'CANCELLED');
INSERT INTO encounters (id, patient_id, provider_id, encounter_date, type, status) VALUES (17, 61, 12, '2023-12-09 14:06:00+0000', 'INPATIENT', 'SCHEDULED');
INSERT INTO encounters (id, patient_id, provider_id, encounter_date, type, status) VALUES (18, 3, 14, '2023-05-22 12:54:00+0000', 'INPATIENT', 'CANCELLED');
INSERT INTO encounters (id, patient_id, provider_id, encounter_date, type, status) VALUES (19, 6, 14, '2023-06-02 15:57:00+0000', 'INPATIENT', 'SCHEDULED');
INSERT INTO encounters (id, patient_id, provider_id, encounter_date, type, status) VALUES (20, 66, 13, '2023-09-08 01:21:00+0000', 'ER', 'COMPLETED');
INSERT INTO encounters (id, patient_id, provider_id, encounter_date, type, status) VALUES (21, 28, 14, '2023-03-19 08:25:00+0000', 'INPATIENT', 'NO_SHOW');
INSERT INTO encounters (id, patient_id, provider_id, encounter_date, type, status) VALUES (22, 67, 7, '2023-04-12 14:44:00+0000', 'OFFICE', 'CANCELLED');
INSERT INTO encounters (id, patient_id, provider_id, encounter_date, type, status) VALUES (23, 24, 15, '2023-01-15 21:47:00+0000', 'INPATIENT', 'COMPLETED');
INSERT INTO encounters (id, patient_id, provider_id, encounter_date, type, status) VALUES (24, 21, 14, '2023-05-02 16:37:00+0000', 'OFFICE', 'CANCELLED');
INSERT INTO encounters (id, patient_id, provider_id, encounter_date, type, status) VALUES (25, 5, 5, '2023-04-13 10:25:00+0000', 'ER', 'SCHEDULED');
INSERT INTO encounters (id, patient_id, provider_id, encounter_date, type, status) VALUES (26, 36, 8, '2023-07-19 20:26:00+0000', 'OFFICE', 'NO_SHOW');
INSERT INTO encounters (id, patient_id, provider_id, encounter_date, type, status) VALUES (27, 71, 14, '2023-10-11 02:15:00+0000', 'ER', 'SCHEDULED');
INSERT INTO encounters (id, patient_id, provider_id, encounter_date, type, status) VALUES (28, 72, 8, '2023-04-26 10:40:00+0000', 'ER', 'CANCELLED');
INSERT INTO encounters (id, patient_id, provider_id, encounter_date, type, status) VALUES (29, 56, 6, '2023-03-13 15:18:00+0000', 'TELEHEALTH', 'NO_SHOW');
INSERT INTO encounters (id, patient_id, provider_id, encounter_date, type, status) VALUES (30, 62, 12, '2023-08-19 21:27:00+0000', 'INPATIENT', 'NO_SHOW');
INSERT INTO encounters (id, patient_id, provider_id, encounter_date, type, status) VALUES (31, 70, 9, '2023-09-13 08:33:00+0000', 'INPATIENT', 'NO_SHOW');
INSERT INTO encounters (id, patient_id, provider_id, encounter_date, type, status) VALUES (32, 65, 3, '2023-06-28 16:19:00+0000', 'OFFICE', 'CANCELLED');
INSERT INTO encounters (id, patient_id, provider_id, encounter_date, type, status) VALUES (33, 1, 4, '2023-11-01 05:11:00+0000', 'ER', 'SCHEDULED');
INSERT INTO encounters (id, patient_id, provider_id, encounter_date, type, status) VALUES (34, 21, 12, '2023-04-26 06:21:00+0000', 'ER', 'COMPLETED');
INSERT INTO encounters (id, patient_id, provider_id, encounter_date, type, status) VALUES (35, 16, 3, '2023-12-16 02:20:00+0000', 'OFFICE', 'CANCELLED');
INSERT INTO encounters (id, patient_id, provider_id, encounter_date, type, status) VALUES (36, 52, 13, '2023-03-17 19:07:00+0000', 'TELEHEALTH', 'NO_SHOW');
INSERT INTO encounters (id, patient_id, provider_id, encounter_date, type, status) VALUES (37, 46, 7, '2023-02-21 20:07:00+0000', 'OFFICE', 'CANCELLED');
INSERT INTO encounters (id, patient_id, provider_id, encounter_date, type, status) VALUES (38, 26, 11, '2023-04-10 12:38:00+0000', 'TELEHEALTH', 'NO_SHOW');
INSERT INTO encounters (id, patient_id, provider_id, encounter_date, type, status) VALUES (39, 56, 9, '2023-03-29 15:29:00+0000', 'ER', 'COMPLETED');
INSERT INTO encounters (id, patient_id, provider_id, encounter_date, type, status) VALUES (40, 65, 15, '2023-03-10 04:33:00+0000', 'INPATIENT', 'COMPLETED');
INSERT INTO encounters (id, patient_id, provider_id, encounter_date, type, status) VALUES (41, 9, 4, '2023-11-16 18:01:00+0000', 'ER', 'CANCELLED');
INSERT INTO encounters (id, patient_id, provider_id, encounter_date, type, status) VALUES (42, 49, 1, '2023-06-26 09:22:00+0000', 'ER', 'SCHEDULED');
INSERT INTO encounters (id, patient_id, provider_id, encounter_date, type, status) VALUES (43, 42, 10, '2023-01-29 13:20:00+0000', 'OFFICE', 'COMPLETED');
INSERT INTO encounters (id, patient_id, provider_id, encounter_date, type, status) VALUES (44, 25, 11, '2023-06-07 02:25:00+0000', 'OFFICE', 'NO_SHOW');
INSERT INTO encounters (id, patient_id, provider_id, encounter_date, type, status) VALUES (45, 18, 4, '2023-10-07 02:53:00+0000', 'INPATIENT', 'SCHEDULED');
INSERT INTO encounters (id, patient_id, provider_id, encounter_date, type, status) VALUES (46, 37, 5, '2023-08-31 15:14:00+0000', 'INPATIENT', 'SCHEDULED');
INSERT INTO encounters (id, patient_id, provider_id, encounter_date, type, status) VALUES (47, 16, 7, '2023-09-13 15:06:00+0000', 'OFFICE', 'COMPLETED');
INSERT INTO encounters (id, patient_id, provider_id, encounter_date, type, status) VALUES (48, 56, 10, '2023-08-09 10:55:00+0000', 'ER', 'COMPLETED');
INSERT INTO encounters (id, patient_id, provider_id, encounter_date, type, status) VALUES (49, 48, 8, '2023-12-18 17:01:00+0000', 'OFFICE', 'SCHEDULED');
INSERT INTO encounters (id, patient_id, provider_id, encounter_date, type, status) VALUES (50, 37, 14, '2023-01-03 08:09:00+0000', 'OFFICE', 'SCHEDULED');
INSERT INTO encounters (id, patient_id, provider_id, encounter_date, type, status) VALUES (51, 66, 15, '2023-05-19 03:31:00+0000', 'OFFICE', 'CANCELLED');
INSERT INTO encounters (id, patient_id, provider_id, encounter_date, type, status) VALUES (52, 43, 3, '2023-08-04 05:37:00+0000', 'TELEHEALTH', 'SCHEDULED');
INSERT INTO encounters (id, patient_id, provider_id, encounter_date, type, status) VALUES (53, 33, 9, '2023-07-13 03:49:00+0000', 'ER', 'NO_SHOW');
INSERT INTO encounters (id, patient_id, provider_id, encounter_date, type, status) VALUES (54, 63, 7, '2023-06-16 04:23:00+0000', 'OFFICE', 'SCHEDULED');
INSERT INTO encounters (id, patient_id, provider_id, encounter_date, type, status) VALUES (55, 76, 5, '2023-10-24 22:20:00+0000', 'INPATIENT', 'CANCELLED');
INSERT INTO encounters (id, patient_id, provider_id, encounter_date, type, status) VALUES (56, 65, 8, '2023-09-06 08:22:00+0000', 'ER', 'SCHEDULED');
INSERT INTO encounters (id, patient_id, provider_id, encounter_date, type, status) VALUES (57, 19, 10, '2024-01-28 03:30:00+0000', 'OFFICE', 'COMPLETED');
INSERT INTO encounters (id, patient_id, provider_id, encounter_date, type, status) VALUES (58, 12, 4, '2023-10-24 13:31:00+0000', 'ER', 'SCHEDULED');
INSERT INTO encounters (id, patient_id, provider_id, encounter_date, type, status) VALUES (59, 41, 8, '2023-01-15 11:45:00+0000', 'INPATIENT', 'NO_SHOW');
INSERT INTO encounters (id, patient_id, provider_id, encounter_date, type, status) VALUES (60, 70, 13, '2024-01-06 07:24:00+0000', 'ER', 'NO_SHOW');
INSERT INTO encounters (id, patient_id, provider_id, encounter_date, type, status) VALUES (61, 27, 4, '2024-01-17 02:34:00+0000', 'OFFICE', 'CANCELLED');
INSERT INTO encounters (id, patient_id, provider_id, encounter_date, type, status) VALUES (62, 70, 4, '2023-01-26 10:00:00+0000', 'INPATIENT', 'CANCELLED');
INSERT INTO encounters (id, patient_id, provider_id, encounter_date, type, status) VALUES (63, 71, 3, '2023-10-29 22:40:00+0000', 'ER', 'CANCELLED');
INSERT INTO encounters (id, patient_id, provider_id, encounter_date, type, status) VALUES (64, 44, 14, '2023-12-25 13:20:00+0000', 'ER', 'COMPLETED');
INSERT INTO encounters (id, patient_id, provider_id, encounter_date, type, status) VALUES (65, 9, 5, '2023-10-13 13:39:00+0000', 'OFFICE', 'COMPLETED');
INSERT INTO encounters (id, patient_id, provider_id, encounter_date, type, status) VALUES (66, 24, 14, '2023-06-23 15:26:00+0000', 'TELEHEALTH', 'SCHEDULED');
INSERT INTO encounters (id, patient_id, provider_id, encounter_date, type, status) VALUES (67, 58, 8, '2023-08-17 02:36:00+0000', 'OFFICE', 'COMPLETED');
INSERT INTO encounters (id, patient_id, provider_id, encounter_date, type, status) VALUES (68, 8, 8, '2023-08-27 05:47:00+0000', 'OFFICE', 'COMPLETED');
INSERT INTO encounters (id, patient_id, provider_id, encounter_date, type, status) VALUES (69, 31, 4, '2023-11-22 07:22:00+0000', 'OFFICE', 'SCHEDULED');
INSERT INTO encounters (id, patient_id, provider_id, encounter_date, type, status) VALUES (70, 24, 1, '2023-12-12 05:19:00+0000', 'TELEHEALTH', 'SCHEDULED');
INSERT INTO encounters (id, patient_id, provider_id, encounter_date, type, status) VALUES (71, 75, 9, '2023-02-26 11:59:00+0000', 'TELEHEALTH', 'NO_SHOW');
INSERT INTO encounters (id, patient_id, provider_id, encounter_date, type, status) VALUES (72, 52, 10, '2023-05-02 08:16:00+0000', 'TELEHEALTH', 'NO_SHOW');
INSERT INTO encounters (id, patient_id, provider_id, encounter_date, type, status) VALUES (73, 22, 3, '2023-04-25 19:22:00+0000', 'INPATIENT', 'CANCELLED');
INSERT INTO encounters (id, patient_id, provider_id, encounter_date, type, status) VALUES (74, 24, 10, '2023-01-06 00:20:00+0000', 'INPATIENT', 'CANCELLED');
INSERT INTO encounters (id, patient_id, provider_id, encounter_date, type, status) VALUES (75, 45, 14, '2023-02-07 03:00:00+0000', 'TELEHEALTH', 'COMPLETED');
INSERT INTO encounters (id, patient_id, provider_id, encounter_date, type, status) VALUES (76, 79, 15, '2023-03-28 12:48:00+0000', 'TELEHEALTH', 'CANCELLED');
INSERT INTO encounters (id, patient_id, provider_id, encounter_date, type, status) VALUES (77, 3, 14, '2023-12-22 08:51:00+0000', 'TELEHEALTH', 'CANCELLED');
INSERT INTO encounters (id, patient_id, provider_id, encounter_date, type, status) VALUES (78, 61, 4, '2023-05-30 23:00:00+0000', 'TELEHEALTH', 'SCHEDULED');
INSERT INTO encounters (id, patient_id, provider_id, encounter_date, type, status) VALUES (79, 60, 14, '2023-06-04 20:01:00+0000', 'TELEHEALTH', 'NO_SHOW');
INSERT INTO encounters (id, patient_id, provider_id, encounter_date, type, status) VALUES (80, 33, 4, '2023-06-20 00:07:00+0000', 'OFFICE', 'CANCELLED');
INSERT INTO encounters (id, patient_id, provider_id, encounter_date, type, status) VALUES (81, 12, 4, '2023-11-01 07:34:00+0000', 'ER', 'CANCELLED');
INSERT INTO encounters (id, patient_id, provider_id, encounter_date, type, status) VALUES (82, 71, 12, '2023-05-24 22:12:00+0000', 'TELEHEALTH', 'COMPLETED');
INSERT INTO encounters (id, patient_id, provider_id, encounter_date, type, status) VALUES (83, 57, 9, '2023-01-28 19:19:00+0000', 'INPATIENT', 'NO_SHOW');
INSERT INTO encounters (id, patient_id, provider_id, encounter_date, type, status) VALUES (84, 23, 11, '2023-11-06 22:20:00+0000', 'OFFICE', 'CANCELLED');
INSERT INTO encounters (id, patient_id, provider_id, encounter_date, type, status) VALUES (85, 78, 7, '2023-02-28 02:27:00+0000', 'INPATIENT', 'COMPLETED');
INSERT INTO encounters (id, patient_id, provider_id, encounter_date, type, status) VALUES (86, 39, 4, '2023-02-10 01:33:00+0000', 'ER', 'COMPLETED');
INSERT INTO encounters (id, patient_id, provider_id, encounter_date, type, status) VALUES (87, 50, 11, '2023-06-12 19:53:00+0000', 'ER', 'NO_SHOW');
INSERT INTO encounters (id, patient_id, provider_id, encounter_date, type, status) VALUES (88, 35, 5, '2023-11-11 06:34:00+0000', 'OFFICE', 'NO_SHOW');
INSERT INTO encounters (id, patient_id, provider_id, encounter_date, type, status) VALUES (89, 74, 12, '2023-07-12 03:08:00+0000', 'INPATIENT', 'NO_SHOW');
INSERT INTO encounters (id, patient_id, provider_id, encounter_date, type, status) VALUES (90, 70, 7, '2023-10-09 16:42:00+0000', 'OFFICE', 'NO_SHOW');
INSERT INTO encounters (id, patient_id, provider_id, encounter_date, type, status) VALUES (91, 66, 6, '2023-04-16 23:30:00+0000', 'TELEHEALTH', 'CANCELLED');
INSERT INTO encounters (id, patient_id, provider_id, encounter_date, type, status) VALUES (92, 77, 5, '2023-11-19 10:13:00+0000', 'ER', 'CANCELLED');
INSERT INTO encounters (id, patient_id, provider_id, encounter_date, type, status) VALUES (93, 36, 8, '2023-09-26 06:12:00+0000', 'ER', 'COMPLETED');
INSERT INTO encounters (id, patient_id, provider_id, encounter_date, type, status) VALUES (94, 64, 9, '2023-02-20 10:35:00+0000', 'OFFICE', 'NO_SHOW');
INSERT INTO encounters (id, patient_id, provider_id, encounter_date, type, status) VALUES (95, 51, 15, '2023-08-30 06:42:00+0000', 'INPATIENT', 'COMPLETED');
INSERT INTO encounters (id, patient_id, provider_id, encounter_date, type, status) VALUES (96, 13, 5, '2024-02-03 07:17:00+0000', 'INPATIENT', 'COMPLETED');
INSERT INTO encounters (id, patient_id, provider_id, encounter_date, type, status) VALUES (97, 17, 9, '2023-02-15 11:34:00+0000', 'INPATIENT', 'CANCELLED');
INSERT INTO encounters (id, patient_id, provider_id, encounter_date, type, status) VALUES (98, 17, 3, '2023-06-23 16:52:00+0000', 'OFFICE', 'CANCELLED');
INSERT INTO encounters (id, patient_id, provider_id, encounter_date, type, status) VALUES (99, 28, 6, '2023-10-31 08:03:00+0000', 'TELEHEALTH', 'CANCELLED');
INSERT INTO encounters (id, patient_id, provider_id, encounter_date, type, status) VALUES (100, 8, 1, '2023-06-16 02:39:00+0000', 'ER', 'CANCELLED');
INSERT INTO encounters (id, patient_id, provider_id, encounter_date, type, status) VALUES (101, 71, 12, '2024-01-17 02:49:00+0000', 'OFFICE', 'SCHEDULED');
INSERT INTO encounters (id, patient_id, provider_id, encounter_date, type, status) VALUES (102, 58, 3, '2023-06-07 13:30:00+0000', 'INPATIENT', 'CANCELLED');
INSERT INTO encounters (id, patient_id, provider_id, encounter_date, type, status) VALUES (103, 31, 8, '2023-08-11 20:56:00+0000', 'INPATIENT', 'NO_SHOW');
INSERT INTO encounters (id, patient_id, provider_id, encounter_date, type, status) VALUES (104, 45, 5, '2023-09-22 21:38:00+0000', 'ER', 'CANCELLED');
INSERT INTO encounters (id, patient_id, provider_id, encounter_date, type, status) VALUES (105, 39, 2, '2023-08-14 14:34:00+0000', 'INPATIENT', 'SCHEDULED');
INSERT INTO encounters (id, patient_id, provider_id, encounter_date, type, status) VALUES (106, 71, 12, '2023-11-15 12:02:00+0000', 'INPATIENT', 'NO_SHOW');
INSERT INTO encounters (id, patient_id, provider_id, encounter_date, type, status) VALUES (107, 60, 3, '2023-05-04 09:09:00+0000', 'INPATIENT', 'SCHEDULED');
INSERT INTO encounters (id, patient_id, provider_id, encounter_date, type, status) VALUES (108, 39, 11, '2023-02-14 09:01:00+0000', 'ER', 'CANCELLED');
INSERT INTO encounters (id, patient_id, provider_id, encounter_date, type, status) VALUES (109, 37, 8, '2023-06-27 14:29:00+0000', 'ER', 'SCHEDULED');
INSERT INTO encounters (id, patient_id, provider_id, encounter_date, type, status) VALUES (110, 10, 8, '2023-08-19 11:56:00+0000', 'TELEHEALTH', 'SCHEDULED');
INSERT INTO encounters (id, patient_id, provider_id, encounter_date, type, status) VALUES (111, 64, 1, '2023-03-04 08:03:00+0000', 'TELEHEALTH', 'NO_SHOW');
INSERT INTO encounters (id, patient_id, provider_id, encounter_date, type, status) VALUES (112, 19, 13, '2023-08-30 01:02:00+0000', 'INPATIENT', 'SCHEDULED');
INSERT INTO encounters (id, patient_id, provider_id, encounter_date, type, status) VALUES (113, 18, 12, '2023-07-06 14:27:00+0000', 'OFFICE', 'COMPLETED');
INSERT INTO encounters (id, patient_id, provider_id, encounter_date, type, status) VALUES (114, 17, 11, '2024-02-03 14:03:00+0000', 'TELEHEALTH', 'COMPLETED');
INSERT INTO encounters (id, patient_id, provider_id, encounter_date, type, status) VALUES (115, 14, 5, '2023-04-23 17:02:00+0000', 'OFFICE', 'NO_SHOW');
INSERT INTO encounters (id, patient_id, provider_id, encounter_date, type, status) VALUES (116, 53, 15, '2023-08-02 11:43:00+0000', 'OFFICE', 'COMPLETED');
INSERT INTO encounters (id, patient_id, provider_id, encounter_date, type, status) VALUES (117, 53, 15, '2023-09-24 19:00:00+0000', 'ER', 'NO_SHOW');
INSERT INTO encounters (id, patient_id, provider_id, encounter_date, type, status) VALUES (118, 75, 5, '2023-01-16 03:27:00+0000', 'OFFICE', 'NO_SHOW');
INSERT INTO encounters (id, patient_id, provider_id, encounter_date, type, status) VALUES (119, 59, 12, '2023-05-27 01:45:00+0000', 'OFFICE', 'SCHEDULED');
INSERT INTO encounters (id, patient_id, provider_id, encounter_date, type, status) VALUES (120, 49, 5, '2023-03-11 01:46:00+0000', 'OFFICE', 'COMPLETED');
INSERT INTO encounters (id, patient_id, provider_id, encounter_date, type, status) VALUES (121, 2, 3, '2023-04-11 01:18:00+0000', 'ER', 'COMPLETED');
INSERT INTO encounters (id, patient_id, provider_id, encounter_date, type, status) VALUES (122, 19, 3, '2023-06-12 19:54:00+0000', 'OFFICE', 'SCHEDULED');
INSERT INTO encounters (id, patient_id, provider_id, encounter_date, type, status) VALUES (123, 60, 4, '2023-05-20 07:55:00+0000', 'TELEHEALTH', 'COMPLETED');
INSERT INTO encounters (id, patient_id, provider_id, encounter_date, type, status) VALUES (124, 43, 5, '2023-06-13 05:58:00+0000', 'INPATIENT', 'NO_SHOW');
INSERT INTO encounters (id, patient_id, provider_id, encounter_date, type, status) VALUES (125, 12, 10, '2023-01-18 01:09:00+0000', 'TELEHEALTH', 'CANCELLED');
INSERT INTO encounters (id, patient_id, provider_id, encounter_date, type, status) VALUES (126, 20, 15, '2024-02-04 17:17:00+0000', 'ER', 'CANCELLED');
INSERT INTO encounters (id, patient_id, provider_id, encounter_date, type, status) VALUES (127, 70, 2, '2023-10-02 19:16:00+0000', 'OFFICE', 'SCHEDULED');
INSERT INTO encounters (id, patient_id, provider_id, encounter_date, type, status) VALUES (128, 71, 5, '2023-07-26 09:54:00+0000', 'OFFICE', 'NO_SHOW');
INSERT INTO encounters (id, patient_id, provider_id, encounter_date, type, status) VALUES (129, 34, 10, '2023-06-14 09:36:00+0000', 'OFFICE', 'COMPLETED');
INSERT INTO encounters (id, patient_id, provider_id, encounter_date, type, status) VALUES (130, 33, 8, '2023-03-31 17:32:00+0000', 'ER', 'NO_SHOW');
INSERT INTO encounters (id, patient_id, provider_id, encounter_date, type, status) VALUES (131, 55, 7, '2023-05-13 14:52:00+0000', 'OFFICE', 'SCHEDULED');
INSERT INTO encounters (id, patient_id, provider_id, encounter_date, type, status) VALUES (132, 4, 1, '2023-12-24 07:52:00+0000', 'ER', 'CANCELLED');
INSERT INTO encounters (id, patient_id, provider_id, encounter_date, type, status) VALUES (133, 56, 13, '2023-02-17 00:48:00+0000', 'INPATIENT', 'SCHEDULED');
INSERT INTO encounters (id, patient_id, provider_id, encounter_date, type, status) VALUES (134, 5, 1, '2023-09-13 06:56:00+0000', 'TELEHEALTH', 'COMPLETED');
INSERT INTO encounters (id, patient_id, provider_id, encounter_date, type, status) VALUES (135, 15, 4, '2023-11-03 21:07:00+0000', 'ER', 'SCHEDULED');
INSERT INTO encounters (id, patient_id, provider_id, encounter_date, type, status) VALUES (136, 43, 11, '2023-12-29 03:08:00+0000', 'TELEHEALTH', 'CANCELLED');
INSERT INTO encounters (id, patient_id, provider_id, encounter_date, type, status) VALUES (137, 53, 12, '2023-06-05 08:05:00+0000', 'OFFICE', 'SCHEDULED');
INSERT INTO encounters (id, patient_id, provider_id, encounter_date, type, status) VALUES (138, 44, 4, '2023-05-02 11:14:00+0000', 'TELEHEALTH', 'COMPLETED');
INSERT INTO encounters (id, patient_id, provider_id, encounter_date, type, status) VALUES (139, 62, 11, '2023-05-12 07:41:00+0000', 'INPATIENT', 'NO_SHOW');
INSERT INTO encounters (id, patient_id, provider_id, encounter_date, type, status) VALUES (140, 6, 8, '2023-04-16 08:31:00+0000', 'ER', 'NO_SHOW');
INSERT INTO encounters (id, patient_id, provider_id, encounter_date, type, status) VALUES (141, 8, 3, '2023-11-15 05:40:00+0000', 'OFFICE', 'SCHEDULED');
INSERT INTO encounters (id, patient_id, provider_id, encounter_date, type, status) VALUES (142, 43, 14, '2024-01-01 22:30:00+0000', 'INPATIENT', 'NO_SHOW');
INSERT INTO encounters (id, patient_id, provider_id, encounter_date, type, status) VALUES (143, 78, 6, '2023-10-28 14:04:00+0000', 'TELEHEALTH', 'SCHEDULED');
INSERT INTO encounters (id, patient_id, provider_id, encounter_date, type, status) VALUES (144, 2, 3, '2023-12-01 06:38:00+0000', 'TELEHEALTH', 'CANCELLED');
INSERT INTO encounters (id, patient_id, provider_id, encounter_date, type, status) VALUES (145, 48, 11, '2023-12-30 02:04:00+0000', 'TELEHEALTH', 'SCHEDULED');
INSERT INTO encounters (id, patient_id, provider_id, encounter_date, type, status) VALUES (146, 78, 6, '2023-06-21 11:27:00+0000', 'ER', 'NO_SHOW');
INSERT INTO encounters (id, patient_id, provider_id, encounter_date, type, status) VALUES (147, 20, 7, '2023-05-01 07:03:00+0000', 'INPATIENT', 'SCHEDULED');
INSERT INTO encounters (id, patient_id, provider_id, encounter_date, type, status) VALUES (148, 57, 3, '2023-10-23 18:24:00+0000', 'ER', 'SCHEDULED');
INSERT INTO encounters (id, patient_id, provider_id, encounter_date, type, status) VALUES (149, 30, 5, '2023-07-08 12:00:00+0000', 'INPATIENT', 'SCHEDULED');
INSERT INTO encounters (id, patient_id, provider_id, encounter_date, type, status) VALUES (150, 36, 7, '2023-10-16 06:36:00+0000', 'ER', 'COMPLETED');
INSERT INTO encounters (id, patient_id, provider_id, encounter_date, type, status) VALUES (151, 33, 15, '2023-12-25 05:58:00+0000', 'TELEHEALTH', 'NO_SHOW');
INSERT INTO encounters (id, patient_id, provider_id, encounter_date, type, status) VALUES (152, 53, 11, '2023-07-04 16:08:00+0000', 'INPATIENT', 'NO_SHOW');
INSERT INTO encounters (id, patient_id, provider_id, encounter_date, type, status) VALUES (153, 38, 7, '2023-05-28 01:07:00+0000', 'TELEHEALTH', 'COMPLETED');
INSERT INTO encounters (id, patient_id, provider_id, encounter_date, type, status) VALUES (154, 53, 8, '2023-10-06 04:08:00+0000', 'OFFICE', 'CANCELLED');
INSERT INTO encounters (id, patient_id, provider_id, encounter_date, type, status) VALUES (155, 68, 2, '2023-08-05 12:48:00+0000', 'ER', 'CANCELLED');
INSERT INTO encounters (id, patient_id, provider_id, encounter_date, type, status) VALUES (156, 76, 5, '2023-10-23 03:29:00+0000', 'OFFICE', 'NO_SHOW');
INSERT INTO encounters (id, patient_id, provider_id, encounter_date, type, status) VALUES (157, 32, 2, '2023-06-21 10:48:00+0000', 'OFFICE', 'SCHEDULED');
INSERT INTO encounters (id, patient_id, provider_id, encounter_date, type, status) VALUES (158, 67, 15, '2023-03-07 00:11:00+0000', 'OFFICE', 'NO_SHOW');
INSERT INTO encounters (id, patient_id, provider_id, encounter_date, type, status) VALUES (159, 75, 11, '2023-11-21 03:04:00+0000', 'ER', 'COMPLETED');
INSERT INTO encounters (id, patient_id, provider_id, encounter_date, type, status) VALUES (160, 21, 1, '2023-01-20 18:33:00+0000', 'ER', 'CANCELLED');
INSERT INTO encounters (id, patient_id, provider_id, encounter_date, type, status) VALUES (161, 71, 13, '2023-01-24 18:11:00+0000', 'TELEHEALTH', 'NO_SHOW');
INSERT INTO encounters (id, patient_id, provider_id, encounter_date, type, status) VALUES (162, 53, 10, '2023-10-06 01:06:00+0000', 'OFFICE', 'CANCELLED');
INSERT INTO encounters (id, patient_id, provider_id, encounter_date, type, status) VALUES (163, 39, 8, '2023-07-10 20:14:00+0000', 'OFFICE', 'SCHEDULED');
INSERT INTO encounters (id, patient_id, provider_id, encounter_date, type, status) VALUES (164, 38, 6, '2023-02-20 18:58:00+0000', 'TELEHEALTH', 'NO_SHOW');
INSERT INTO encounters (id, patient_id, provider_id, encounter_date, type, status) VALUES (165, 25, 8, '2023-08-19 22:28:00+0000', 'ER', 'SCHEDULED');
INSERT INTO encounters (id, patient_id, provider_id, encounter_date, type, status) VALUES (166, 54, 2, '2023-09-22 06:55:00+0000', 'INPATIENT', 'CANCELLED');
INSERT INTO encounters (id, patient_id, provider_id, encounter_date, type, status) VALUES (167, 68, 15, '2023-06-07 19:04:00+0000', 'INPATIENT', 'COMPLETED');
INSERT INTO encounters (id, patient_id, provider_id, encounter_date, type, status) VALUES (168, 22, 12, '2024-01-02 15:00:00+0000', 'TELEHEALTH', 'CANCELLED');
INSERT INTO encounters (id, patient_id, provider_id, encounter_date, type, status) VALUES (169, 3, 15, '2023-04-07 15:53:00+0000', 'TELEHEALTH', 'NO_SHOW');
INSERT INTO encounters (id, patient_id, provider_id, encounter_date, type, status) VALUES (170, 23, 2, '2023-07-28 10:41:00+0000', 'OFFICE', 'NO_SHOW');
INSERT INTO encounters (id, patient_id, provider_id, encounter_date, type, status) VALUES (171, 25, 13, '2023-10-13 06:58:00+0000', 'OFFICE', 'NO_SHOW');
INSERT INTO encounters (id, patient_id, provider_id, encounter_date, type, status) VALUES (172, 42, 14, '2023-06-08 05:02:00+0000', 'ER', 'CANCELLED');
INSERT INTO encounters (id, patient_id, provider_id, encounter_date, type, status) VALUES (173, 20, 3, '2023-12-29 16:07:00+0000', 'TELEHEALTH', 'COMPLETED');
INSERT INTO encounters (id, patient_id, provider_id, encounter_date, type, status) VALUES (174, 77, 10, '2023-12-23 06:04:00+0000', 'INPATIENT', 'COMPLETED');
INSERT INTO encounters (id, patient_id, provider_id, encounter_date, type, status) VALUES (175, 37, 1, '2023-01-04 18:39:00+0000', 'TELEHEALTH', 'CANCELLED');
INSERT INTO encounters (id, patient_id, provider_id, encounter_date, type, status) VALUES (176, 57, 13, '2024-01-06 19:49:00+0000', 'INPATIENT', 'NO_SHOW');
INSERT INTO encounters (id, patient_id, provider_id, encounter_date, type, status) VALUES (177, 47, 2, '2023-10-16 22:09:00+0000', 'TELEHEALTH', 'CANCELLED');
INSERT INTO encounters (id, patient_id, provider_id, encounter_date, type, status) VALUES (178, 25, 5, '2023-07-17 13:21:00+0000', 'ER', 'COMPLETED');
INSERT INTO encounters (id, patient_id, provider_id, encounter_date, type, status) VALUES (179, 7, 8, '2023-09-22 16:36:00+0000', 'TELEHEALTH', 'SCHEDULED');
INSERT INTO encounters (id, patient_id, provider_id, encounter_date, type, status) VALUES (180, 15, 5, '2023-10-22 09:43:00+0000', 'OFFICE', 'NO_SHOW');
INSERT INTO encounters (id, patient_id, provider_id, encounter_date, type, status) VALUES (181, 27, 3, '2023-03-10 04:58:00+0000', 'INPATIENT', 'SCHEDULED');
INSERT INTO encounters (id, patient_id, provider_id, encounter_date, type, status) VALUES (182, 54, 12, '2023-01-07 18:23:00+0000', 'ER', 'NO_SHOW');
INSERT INTO encounters (id, patient_id, provider_id, encounter_date, type, status) VALUES (183, 64, 5, '2023-01-30 00:40:00+0000', 'INPATIENT', 'NO_SHOW');
INSERT INTO encounters (id, patient_id, provider_id, encounter_date, type, status) VALUES (184, 20, 7, '2023-06-11 16:09:00+0000', 'INPATIENT', 'NO_SHOW');
INSERT INTO encounters (id, patient_id, provider_id, encounter_date, type, status) VALUES (185, 20, 12, '2023-05-30 19:30:00+0000', 'INPATIENT', 'NO_SHOW');
INSERT INTO encounters (id, patient_id, provider_id, encounter_date, type, status) VALUES (186, 67, 12, '2023-11-13 00:03:00+0000', 'ER', 'CANCELLED');
INSERT INTO encounters (id, patient_id, provider_id, encounter_date, type, status) VALUES (187, 66, 1, '2024-01-27 16:08:00+0000', 'INPATIENT', 'COMPLETED');
INSERT INTO encounters (id, patient_id, provider_id, encounter_date, type, status) VALUES (188, 14, 15, '2023-05-27 13:29:00+0000', 'INPATIENT', 'COMPLETED');
INSERT INTO encounters (id, patient_id, provider_id, encounter_date, type, status) VALUES (189, 2, 2, '2023-03-14 17:39:00+0000', 'ER', 'SCHEDULED');
INSERT INTO encounters (id, patient_id, provider_id, encounter_date, type, status) VALUES (190, 9, 1, '2023-10-16 08:45:00+0000', 'OFFICE', 'CANCELLED');
INSERT INTO encounters (id, patient_id, provider_id, encounter_date, type, status) VALUES (191, 55, 15, '2023-12-25 21:54:00+0000', 'ER', 'COMPLETED');
INSERT INTO encounters (id, patient_id, provider_id, encounter_date, type, status) VALUES (192, 79, 10, '2023-04-18 16:30:00+0000', 'INPATIENT', 'NO_SHOW');
INSERT INTO encounters (id, patient_id, provider_id, encounter_date, type, status) VALUES (193, 19, 6, '2023-12-30 10:13:00+0000', 'ER', 'CANCELLED');
INSERT INTO encounters (id, patient_id, provider_id, encounter_date, type, status) VALUES (194, 33, 1, '2023-03-05 21:01:00+0000', 'ER', 'SCHEDULED');
INSERT INTO encounters (id, patient_id, provider_id, encounter_date, type, status) VALUES (195, 47, 12, '2023-08-12 15:18:00+0000', 'ER', 'SCHEDULED');
INSERT INTO encounters (id, patient_id, provider_id, encounter_date, type, status) VALUES (196, 12, 13, '2023-08-24 13:49:00+0000', 'ER', 'CANCELLED');
INSERT INTO encounters (id, patient_id, provider_id, encounter_date, type, status) VALUES (197, 48, 15, '2023-05-08 03:59:00+0000', 'TELEHEALTH', 'COMPLETED');
INSERT INTO encounters (id, patient_id, provider_id, encounter_date, type, status) VALUES (198, 67, 12, '2023-06-15 02:46:00+0000', 'INPATIENT', 'CANCELLED');
INSERT INTO encounters (id, patient_id, provider_id, encounter_date, type, status) VALUES (199, 60, 1, '2023-08-30 10:15:00+0000', 'TELEHEALTH', 'CANCELLED');
INSERT INTO encounters (id, patient_id, provider_id, encounter_date, type, status) VALUES (200, 15, 14, '2023-05-25 11:37:00+0000', 'OFFICE', 'CANCELLED');
INSERT INTO encounters (id, patient_id, provider_id, encounter_date, type, status) VALUES (201, 35, 8, '2023-09-10 02:08:00+0000', 'TELEHEALTH', 'CANCELLED');
INSERT INTO encounters (id, patient_id, provider_id, encounter_date, type, status) VALUES (202, 30, 11, '2023-08-06 14:32:00+0000', 'OFFICE', 'SCHEDULED');
INSERT INTO encounters (id, patient_id, provider_id, encounter_date, type, status) VALUES (203, 7, 14, '2023-04-07 02:53:00+0000', 'TELEHEALTH', 'SCHEDULED');
INSERT INTO encounters (id, patient_id, provider_id, encounter_date, type, status) VALUES (204, 8, 9, '2023-05-26 11:52:00+0000', 'INPATIENT', 'NO_SHOW');
INSERT INTO encounters (id, patient_id, provider_id, encounter_date, type, status) VALUES (205, 20, 10, '2024-01-04 00:21:00+0000', 'ER', 'NO_SHOW');
INSERT INTO encounters (id, patient_id, provider_id, encounter_date, type, status) VALUES (206, 11, 7, '2024-01-24 01:58:00+0000', 'TELEHEALTH', 'SCHEDULED');
INSERT INTO encounters (id, patient_id, provider_id, encounter_date, type, status) VALUES (207, 21, 8, '2023-07-13 19:38:00+0000', 'OFFICE', 'COMPLETED');
INSERT INTO encounters (id, patient_id, provider_id, encounter_date, type, status) VALUES (208, 34, 9, '2023-11-26 00:59:00+0000', 'ER', 'CANCELLED');
INSERT INTO encounters (id, patient_id, provider_id, encounter_date, type, status) VALUES (209, 56, 9, '2023-01-19 00:18:00+0000', 'ER', 'CANCELLED');
INSERT INTO encounters (id, patient_id, provider_id, encounter_date, type, status) VALUES (210, 52, 12, '2023-03-05 08:09:00+0000', 'TELEHEALTH', 'CANCELLED');
INSERT INTO encounters (id, patient_id, provider_id, encounter_date, type, status) VALUES (211, 16, 1, '2023-07-22 07:53:00+0000', 'OFFICE', 'NO_SHOW');
INSERT INTO encounters (id, patient_id, provider_id, encounter_date, type, status) VALUES (212, 63, 8, '2023-08-13 18:12:00+0000', 'INPATIENT', 'COMPLETED');
INSERT INTO encounters (id, patient_id, provider_id, encounter_date, type, status) VALUES (213, 70, 11, '2023-11-14 00:40:00+0000', 'OFFICE', 'CANCELLED');
INSERT INTO encounters (id, patient_id, provider_id, encounter_date, type, status) VALUES (214, 15, 6, '2023-04-27 21:35:00+0000', 'INPATIENT', 'SCHEDULED');
INSERT INTO encounters (id, patient_id, provider_id, encounter_date, type, status) VALUES (215, 80, 2, '2023-01-03 20:56:00+0000', 'ER', 'SCHEDULED');
INSERT INTO encounters (id, patient_id, provider_id, encounter_date, type, status) VALUES (216, 6, 14, '2023-08-02 19:13:00+0000', 'INPATIENT', 'SCHEDULED');
INSERT INTO encounters (id, patient_id, provider_id, encounter_date, type, status) VALUES (217, 42, 1, '2023-12-03 00:44:00+0000', 'INPATIENT', 'SCHEDULED');
INSERT INTO encounters (id, patient_id, provider_id, encounter_date, type, status) VALUES (218, 77, 2, '2023-01-05 16:16:00+0000', 'TELEHEALTH', 'COMPLETED');
INSERT INTO encounters (id, patient_id, provider_id, encounter_date, type, status) VALUES (219, 69, 6, '2023-06-06 07:01:00+0000', 'ER', 'NO_SHOW');
INSERT INTO encounters (id, patient_id, provider_id, encounter_date, type, status) VALUES (220, 49, 6, '2023-03-10 20:59:00+0000', 'ER', 'SCHEDULED');
INSERT INTO encounters (id, patient_id, provider_id, encounter_date, type, status) VALUES (221, 14, 7, '2024-01-16 06:06:00+0000', 'ER', 'NO_SHOW');
INSERT INTO encounters (id, patient_id, provider_id, encounter_date, type, status) VALUES (222, 64, 7, '2023-10-20 11:36:00+0000', 'ER', 'CANCELLED');
INSERT INTO encounters (id, patient_id, provider_id, encounter_date, type, status) VALUES (223, 36, 7, '2023-01-04 18:30:00+0000', 'OFFICE', 'NO_SHOW');
INSERT INTO encounters (id, patient_id, provider_id, encounter_date, type, status) VALUES (224, 49, 14, '2024-01-02 22:02:00+0000', 'ER', 'COMPLETED');
INSERT INTO encounters (id, patient_id, provider_id, encounter_date, type, status) VALUES (225, 49, 2, '2023-01-09 02:52:00+0000', 'ER', 'SCHEDULED');
INSERT INTO encounters (id, patient_id, provider_id, encounter_date, type, status) VALUES (226, 54, 8, '2023-07-22 17:29:00+0000', 'INPATIENT', 'NO_SHOW');
INSERT INTO encounters (id, patient_id, provider_id, encounter_date, type, status) VALUES (227, 62, 15, '2023-04-23 12:40:00+0000', 'OFFICE', 'NO_SHOW');
INSERT INTO encounters (id, patient_id, provider_id, encounter_date, type, status) VALUES (228, 78, 12, '2023-10-31 15:57:00+0000', 'ER', 'SCHEDULED');
INSERT INTO encounters (id, patient_id, provider_id, encounter_date, type, status) VALUES (229, 16, 1, '2023-12-19 21:44:00+0000', 'TELEHEALTH', 'COMPLETED');
INSERT INTO encounters (id, patient_id, provider_id, encounter_date, type, status) VALUES (230, 65, 5, '2023-03-05 05:14:00+0000', 'INPATIENT', 'COMPLETED');
INSERT INTO encounters (id, patient_id, provider_id, encounter_date, type, status) VALUES (231, 46, 3, '2023-12-31 02:32:00+0000', 'ER', 'COMPLETED');
INSERT INTO encounters (id, patient_id, provider_id, encounter_date, type, status) VALUES (232, 36, 11, '2023-09-20 04:15:00+0000', 'TELEHEALTH', 'NO_SHOW');
INSERT INTO encounters (id, patient_id, provider_id, encounter_date, type, status) VALUES (233, 53, 8, '2024-01-02 04:58:00+0000', 'INPATIENT', 'CANCELLED');
INSERT INTO encounters (id, patient_id, provider_id, encounter_date, type, status) VALUES (234, 78, 11, '2024-01-31 14:49:00+0000', 'ER', 'NO_SHOW');
INSERT INTO encounters (id, patient_id, provider_id, encounter_date, type, status) VALUES (235, 35, 3, '2023-10-18 14:23:00+0000', 'OFFICE', 'CANCELLED');
INSERT INTO encounters (id, patient_id, provider_id, encounter_date, type, status) VALUES (236, 26, 7, '2023-08-28 07:06:00+0000', 'ER', 'CANCELLED');
INSERT INTO encounters (id, patient_id, provider_id, encounter_date, type, status) VALUES (237, 25, 8, '2023-01-07 00:11:00+0000', 'TELEHEALTH', 'CANCELLED');
INSERT INTO encounters (id, patient_id, provider_id, encounter_date, type, status) VALUES (238, 55, 10, '2023-06-09 11:29:00+0000', 'INPATIENT', 'COMPLETED');
INSERT INTO encounters (id, patient_id, provider_id, encounter_date, type, status) VALUES (239, 78, 2, '2023-05-09 14:37:00+0000', 'ER', 'CANCELLED');
INSERT INTO encounters (id, patient_id, provider_id, encounter_date, type, status) VALUES (240, 32, 1, '2024-01-29 22:00:00+0000', 'INPATIENT', 'CANCELLED');
INSERT INTO encounters (id, patient_id, provider_id, encounter_date, type, status) VALUES (241, 15, 10, '2024-01-27 05:23:00+0000', 'ER', 'COMPLETED');
INSERT INTO encounters (id, patient_id, provider_id, encounter_date, type, status) VALUES (242, 23, 3, '2023-06-05 10:28:00+0000', 'ER', 'COMPLETED');
INSERT INTO encounters (id, patient_id, provider_id, encounter_date, type, status) VALUES (243, 80, 13, '2023-04-01 08:43:00+0000', 'INPATIENT', 'CANCELLED');
INSERT INTO encounters (id, patient_id, provider_id, encounter_date, type, status) VALUES (244, 60, 13, '2023-12-18 03:55:00+0000', 'TELEHEALTH', 'NO_SHOW');
INSERT INTO encounters (id, patient_id, provider_id, encounter_date, type, status) VALUES (245, 3, 12, '2023-12-13 14:33:00+0000', 'TELEHEALTH', 'SCHEDULED');
INSERT INTO encounters (id, patient_id, provider_id, encounter_date, type, status) VALUES (246, 52, 11, '2023-03-24 02:26:00+0000', 'OFFICE', 'SCHEDULED');
INSERT INTO encounters (id, patient_id, provider_id, encounter_date, type, status) VALUES (247, 74, 2, '2023-09-18 09:14:00+0000', 'TELEHEALTH', 'NO_SHOW');
INSERT INTO encounters (id, patient_id, provider_id, encounter_date, type, status) VALUES (248, 45, 7, '2023-08-10 19:02:00+0000', 'OFFICE', 'CANCELLED');
INSERT INTO encounters (id, patient_id, provider_id, encounter_date, type, status) VALUES (249, 17, 2, '2023-11-02 11:41:00+0000', 'ER', 'COMPLETED');
INSERT INTO encounters (id, patient_id, provider_id, encounter_date, type, status) VALUES (250, 23, 8, '2023-05-18 01:24:00+0000', 'ER', 'SCHEDULED');
INSERT INTO encounters (id, patient_id, provider_id, encounter_date, type, status) VALUES (251, 19, 10, '2023-06-07 16:49:00+0000', 'OFFICE', 'COMPLETED');
INSERT INTO encounters (id, patient_id, provider_id, encounter_date, type, status) VALUES (252, 8, 15, '2023-05-24 23:28:00+0000', 'INPATIENT', 'SCHEDULED');
INSERT INTO encounters (id, patient_id, provider_id, encounter_date, type, status) VALUES (253, 56, 2, '2023-05-17 12:25:00+0000', 'ER', 'CANCELLED');
INSERT INTO encounters (id, patient_id, provider_id, encounter_date, type, status) VALUES (254, 53, 14, '2023-05-05 00:18:00+0000', 'OFFICE', 'NO_SHOW');
INSERT INTO encounters (id, patient_id, provider_id, encounter_date, type, status) VALUES (255, 51, 2, '2023-11-11 15:58:00+0000', 'TELEHEALTH', 'SCHEDULED');
INSERT INTO encounters (id, patient_id, provider_id, encounter_date, type, status) VALUES (256, 37, 6, '2023-10-04 04:49:00+0000', 'OFFICE', 'NO_SHOW');
INSERT INTO encounters (id, patient_id, provider_id, encounter_date, type, status) VALUES (257, 1, 6, '2023-01-16 12:22:00+0000', 'TELEHEALTH', 'CANCELLED');
INSERT INTO encounters (id, patient_id, provider_id, encounter_date, type, status) VALUES (258, 30, 15, '2023-09-27 15:57:00+0000', 'ER', 'COMPLETED');
INSERT INTO encounters (id, patient_id, provider_id, encounter_date, type, status) VALUES (259, 35, 3, '2023-02-18 08:49:00+0000', 'TELEHEALTH', 'CANCELLED');
INSERT INTO encounters (id, patient_id, provider_id, encounter_date, type, status) VALUES (260, 3, 2, '2024-01-27 08:28:00+0000', 'ER', 'NO_SHOW');
INSERT INTO encounters (id, patient_id, provider_id, encounter_date, type, status) VALUES (261, 10, 1, '2023-12-05 21:45:00+0000', 'OFFICE', 'NO_SHOW');
INSERT INTO encounters (id, patient_id, provider_id, encounter_date, type, status) VALUES (262, 79, 14, '2023-09-03 03:34:00+0000', 'ER', 'COMPLETED');
INSERT INTO encounters (id, patient_id, provider_id, encounter_date, type, status) VALUES (263, 47, 11, '2023-10-03 18:26:00+0000', 'INPATIENT', 'CANCELLED');
INSERT INTO encounters (id, patient_id, provider_id, encounter_date, type, status) VALUES (264, 20, 2, '2023-05-30 12:36:00+0000', 'ER', 'COMPLETED');
INSERT INTO encounters (id, patient_id, provider_id, encounter_date, type, status) VALUES (265, 71, 7, '2023-08-15 07:17:00+0000', 'ER', 'SCHEDULED');
INSERT INTO encounters (id, patient_id, provider_id, encounter_date, type, status) VALUES (266, 30, 1, '2023-09-12 20:17:00+0000', 'TELEHEALTH', 'SCHEDULED');
INSERT INTO encounters (id, patient_id, provider_id, encounter_date, type, status) VALUES (267, 12, 9, '2023-10-04 06:37:00+0000', 'INPATIENT', 'NO_SHOW');
INSERT INTO encounters (id, patient_id, provider_id, encounter_date, type, status) VALUES (268, 58, 12, '2023-07-06 20:20:00+0000', 'ER', 'CANCELLED');
INSERT INTO encounters (id, patient_id, provider_id, encounter_date, type, status) VALUES (269, 27, 1, '2023-01-08 22:02:00+0000', 'TELEHEALTH', 'SCHEDULED');
INSERT INTO encounters (id, patient_id, provider_id, encounter_date, type, status) VALUES (270, 78, 3, '2023-05-13 03:14:00+0000', 'INPATIENT', 'CANCELLED');
INSERT INTO encounters (id, patient_id, provider_id, encounter_date, type, status) VALUES (271, 73, 15, '2023-06-17 21:53:00+0000', 'INPATIENT', 'SCHEDULED');
INSERT INTO encounters (id, patient_id, provider_id, encounter_date, type, status) VALUES (272, 62, 3, '2023-12-06 07:16:00+0000', 'TELEHEALTH', 'NO_SHOW');
INSERT INTO encounters (id, patient_id, provider_id, encounter_date, type, status) VALUES (273, 38, 5, '2023-11-13 06:54:00+0000', 'ER', 'CANCELLED');
INSERT INTO encounters (id, patient_id, provider_id, encounter_date, type, status) VALUES (274, 48, 15, '2023-02-23 14:08:00+0000', 'INPATIENT', 'SCHEDULED');
INSERT INTO encounters (id, patient_id, provider_id, encounter_date, type, status) VALUES (275, 79, 2, '2023-08-08 09:59:00+0000', 'OFFICE', 'SCHEDULED');
INSERT INTO encounters (id, patient_id, provider_id, encounter_date, type, status) VALUES (276, 28, 8, '2023-01-05 10:00:00+0000', 'ER', 'COMPLETED');
INSERT INTO encounters (id, patient_id, provider_id, encounter_date, type, status) VALUES (277, 27, 12, '2023-02-07 21:53:00+0000', 'ER', 'SCHEDULED');
INSERT INTO encounters (id, patient_id, provider_id, encounter_date, type, status) VALUES (278, 12, 15, '2024-01-09 00:10:00+0000', 'OFFICE', 'NO_SHOW');
INSERT INTO encounters (id, patient_id, provider_id, encounter_date, type, status) VALUES (279, 40, 9, '2023-06-09 17:36:00+0000', 'INPATIENT', 'COMPLETED');
INSERT INTO encounters (id, patient_id, provider_id, encounter_date, type, status) VALUES (280, 58, 8, '2024-01-25 18:07:00+0000', 'ER', 'COMPLETED');
INSERT INTO encounters (id, patient_id, provider_id, encounter_date, type, status) VALUES (281, 22, 2, '2023-04-21 05:57:00+0000', 'ER', 'CANCELLED');
INSERT INTO encounters (id, patient_id, provider_id, encounter_date, type, status) VALUES (282, 53, 3, '2023-12-30 00:11:00+0000', 'ER', 'CANCELLED');
INSERT INTO encounters (id, patient_id, provider_id, encounter_date, type, status) VALUES (283, 79, 13, '2023-08-27 02:05:00+0000', 'TELEHEALTH', 'CANCELLED');
INSERT INTO encounters (id, patient_id, provider_id, encounter_date, type, status) VALUES (284, 69, 2, '2023-04-10 22:42:00+0000', 'TELEHEALTH', 'NO_SHOW');
INSERT INTO encounters (id, patient_id, provider_id, encounter_date, type, status) VALUES (285, 78, 14, '2023-10-09 17:58:00+0000', 'OFFICE', 'COMPLETED');
INSERT INTO encounters (id, patient_id, provider_id, encounter_date, type, status) VALUES (286, 57, 15, '2023-10-28 23:03:00+0000', 'INPATIENT', 'NO_SHOW');
INSERT INTO encounters (id, patient_id, provider_id, encounter_date, type, status) VALUES (287, 26, 8, '2023-08-09 10:02:00+0000', 'OFFICE', 'NO_SHOW');
INSERT INTO encounters (id, patient_id, provider_id, encounter_date, type, status) VALUES (288, 18, 1, '2023-06-07 22:53:00+0000', 'OFFICE', 'CANCELLED');
INSERT INTO encounters (id, patient_id, provider_id, encounter_date, type, status) VALUES (289, 19, 12, '2023-08-16 15:43:00+0000', 'OFFICE', 'SCHEDULED');
INSERT INTO encounters (id, patient_id, provider_id, encounter_date, type, status) VALUES (290, 68, 8, '2024-01-06 23:17:00+0000', 'ER', 'NO_SHOW');
INSERT INTO encounters (id, patient_id, provider_id, encounter_date, type, status) VALUES (291, 47, 3, '2023-08-17 17:50:00+0000', 'TELEHEALTH', 'CANCELLED');
INSERT INTO encounters (id, patient_id, provider_id, encounter_date, type, status) VALUES (292, 42, 5, '2024-01-20 03:48:00+0000', 'ER', 'CANCELLED');
INSERT INTO encounters (id, patient_id, provider_id, encounter_date, type, status) VALUES (293, 61, 13, '2023-02-22 11:20:00+0000', 'ER', 'COMPLETED');
INSERT INTO encounters (id, patient_id, provider_id, encounter_date, type, status) VALUES (294, 37, 13, '2023-05-19 07:15:00+0000', 'INPATIENT', 'SCHEDULED');
INSERT INTO encounters (id, patient_id, provider_id, encounter_date, type, status) VALUES (295, 12, 11, '2023-07-31 21:32:00+0000', 'TELEHEALTH', 'SCHEDULED');
INSERT INTO encounters (id, patient_id, provider_id, encounter_date, type, status) VALUES (296, 41, 14, '2023-09-07 18:19:00+0000', 'OFFICE', 'SCHEDULED');
INSERT INTO encounters (id, patient_id, provider_id, encounter_date, type, status) VALUES (297, 20, 5, '2023-05-09 22:37:00+0000', 'INPATIENT', 'SCHEDULED');
INSERT INTO encounters (id, patient_id, provider_id, encounter_date, type, status) VALUES (298, 62, 1, '2023-06-12 20:52:00+0000', 'ER', 'COMPLETED');
INSERT INTO encounters (id, patient_id, provider_id, encounter_date, type, status) VALUES (299, 35, 9, '2023-01-15 07:32:00+0000', 'OFFICE', 'COMPLETED');
INSERT INTO encounters (id, patient_id, provider_id, encounter_date, type, status) VALUES (300, 50, 11, '2023-04-09 06:08:00+0000', 'ER', 'COMPLETED');
INSERT INTO prescriptions (id, encounter_id, drug, dosage, days_supply) VALUES (1, 1, 'Lisinopril', '100mg', 90);
INSERT INTO prescriptions (id, encounter_id, drug, dosage, days_supply) VALUES (2, 1, 'Ibuprofen', '10mg', 90);
INSERT INTO prescriptions (id, encounter_id, drug, dosage, days_supply) VALUES (3, 2, 'Amoxicillin', '50mg', 30);
INSERT INTO prescriptions (id, encounter_id, drug, dosage, days_supply) VALUES (4, 2, 'Lisinopril', '250mg', 7);
INSERT INTO prescriptions (id, encounter_id, drug, dosage, days_supply) VALUES (5, 3, 'Omeprazole', '50mg', 14);
INSERT INTO prescriptions (id, encounter_id, drug, dosage, days_supply) VALUES (6, 3, 'Omeprazole', '20mg', 30);
INSERT INTO prescriptions (id, encounter_id, drug, dosage, days_supply) VALUES (7, 4, 'Metformin', '10mg', 14);
INSERT INTO prescriptions (id, encounter_id, drug, dosage, days_supply) VALUES (8, 4, 'Metformin', '10mg', 90);
INSERT INTO prescriptions (id, encounter_id, drug, dosage, days_supply) VALUES (9, 5, 'Lisinopril', '100mg', 14);
INSERT INTO prescriptions (id, encounter_id, drug, dosage, days_supply) VALUES (10, 5, 'Ibuprofen', '250mg', 14);
INSERT INTO prescriptions (id, encounter_id, drug, dosage, days_supply) VALUES (11, 5, 'Omeprazole', '500mg', 30);
INSERT INTO prescriptions (id, encounter_id, drug, dosage, days_supply) VALUES (12, 6, 'Atorvastatin', '20mg', 14);
INSERT INTO prescriptions (id, encounter_id, drug, dosage, days_supply) VALUES (13, 6, 'Ibuprofen', '20mg', 30);
INSERT INTO prescriptions (id, encounter_id, drug, dosage, days_supply) VALUES (14, 7, 'Amoxicillin', '10mg', 14);
INSERT INTO prescriptions (id, encounter_id, drug, dosage, days_supply) VALUES (15, 7, 'Atorvastatin', '20mg', 7);
INSERT INTO prescriptions (id, encounter_id, drug, dosage, days_supply) VALUES (16, 7, 'Atorvastatin', '100mg', 14);
INSERT INTO prescriptions (id, encounter_id, drug, dosage, days_supply) VALUES (17, 8, 'Ibuprofen', '500mg', 7);
INSERT INTO prescriptions (id, encounter_id, drug, dosage, days_supply) VALUES (18, 8, 'Metformin', '100mg', 30);
INSERT INTO prescriptions (id, encounter_id, drug, dosage, days_supply) VALUES (19, 8, 'Atorvastatin', '250mg', 90);
INSERT INTO prescriptions (id, encounter_id, drug, dosage, days_supply) VALUES (20, 10, 'Metformin', '10mg', 30);
INSERT INTO prescriptions (id, encounter_id, drug, dosage, days_supply) VALUES (21, 12, 'Lisinopril', '500mg', 7);
INSERT INTO prescriptions (id, encounter_id, drug, dosage, days_supply) VALUES (22, 13, 'Omeprazole', '20mg', 14);
INSERT INTO prescriptions (id, encounter_id, drug, dosage, days_supply) VALUES (23, 13, 'Lisinopril', '20mg', 90);
INSERT INTO prescriptions (id, encounter_id, drug, dosage, days_supply) VALUES (24, 14, 'Atorvastatin', '500mg', 14);
INSERT INTO prescriptions (id, encounter_id, drug, dosage, days_supply) VALUES (25, 15, 'Amoxicillin', '20mg', 7);
INSERT INTO prescriptions (id, encounter_id, drug, dosage, days_supply) VALUES (26, 16, 'Amoxicillin', '100mg', 30);
INSERT INTO prescriptions (id, encounter_id, drug, dosage, days_supply) VALUES (27, 16, 'Amoxicillin', '500mg', 30);
INSERT INTO prescriptions (id, encounter_id, drug, dosage, days_supply) VALUES (28, 16, 'Ibuprofen', '20mg', 90);
INSERT INTO prescriptions (id, encounter_id, drug, dosage, days_supply) VALUES (29, 18, 'Atorvastatin', '100mg', 14);
INSERT INTO prescriptions (id, encounter_id, drug, dosage, days_supply) VALUES (30, 19, 'Lisinopril', '250mg', 30);
INSERT INTO prescriptions (id, encounter_id, drug, dosage, days_supply) VALUES (31, 19, 'Omeprazole', '50mg', 14);
INSERT INTO prescriptions (id, encounter_id, drug, dosage, days_supply) VALUES (32, 21, 'Lisinopril', '100mg', 90);
INSERT INTO prescriptions (id, encounter_id, drug, dosage, days_supply) VALUES (33, 21, 'Amoxicillin', '100mg', 30);
INSERT INTO prescriptions (id, encounter_id, drug, dosage, days_supply) VALUES (34, 22, 'Atorvastatin', '50mg', 7);
INSERT INTO prescriptions (id, encounter_id, drug, dosage, days_supply) VALUES (35, 23, 'Atorvastatin', '500mg', 30);
INSERT INTO prescriptions (id, encounter_id, drug, dosage, days_supply) VALUES (36, 23, 'Amoxicillin', '250mg', 14);
INSERT INTO prescriptions (id, encounter_id, drug, dosage, days_supply) VALUES (37, 23, 'Omeprazole', '50mg', 7);
INSERT INTO prescriptions (id, encounter_id, drug, dosage, days_supply) VALUES (38, 24, 'Atorvastatin', '20mg', 90);
INSERT INTO prescriptions (id, encounter_id, drug, dosage, days_supply) VALUES (39, 25, 'Amoxicillin', '250mg', 14);
INSERT INTO prescriptions (id, encounter_id, drug, dosage, days_supply) VALUES (40, 25, 'Omeprazole', '10mg', 7);
INSERT INTO prescriptions (id, encounter_id, drug, dosage, days_supply) VALUES (41, 25, 'Omeprazole', '20mg', 90);
INSERT INTO prescriptions (id, encounter_id, drug, dosage, days_supply) VALUES (42, 27, 'Amoxicillin', '500mg', 30);
INSERT INTO prescriptions (id, encounter_id, drug, dosage, days_supply) VALUES (43, 27, 'Atorvastatin', '20mg', 14);
INSERT INTO prescriptions (id, encounter_id, drug, dosage, days_supply) VALUES (44, 27, 'Lisinopril', '50mg', 30);
INSERT INTO prescriptions (id, encounter_id, drug, dosage, days_supply) VALUES (45, 29, 'Amoxicillin', '250mg', 30);
INSERT INTO prescriptions (id, encounter_id, drug, dosage, days_supply) VALUES (46, 29, 'Amoxicillin', '500mg', 90);
INSERT INTO prescriptions (id, encounter_id, drug, dosage, days_supply) VALUES (47, 30, 'Amoxicillin', '100mg', 30);
INSERT INTO prescriptions (id, encounter_id, drug, dosage, days_supply) VALUES (48, 30, 'Atorvastatin', '500mg', 90);
INSERT INTO prescriptions (id, encounter_id, drug, dosage, days_supply) VALUES (49, 30, 'Omeprazole', '100mg', 7);
INSERT INTO prescriptions (id, encounter_id, drug, dosage, days_supply) VALUES (50, 31, 'Omeprazole', '50mg', 30);
INSERT INTO prescriptions (id, encounter_id, drug, dosage, days_supply) VALUES (51, 31, 'Amoxicillin', '10mg', 30);
INSERT INTO prescriptions (id, encounter_id, drug, dosage, days_supply) VALUES (52, 31, 'Omeprazole', '20mg', 7);
INSERT INTO prescriptions (id, encounter_id, drug, dosage, days_supply) VALUES (53, 32, 'Amoxicillin', '500mg', 7);
INSERT INTO prescriptions (id, encounter_id, drug, dosage, days_supply) VALUES (54, 32, 'Amoxicillin', '250mg', 7);
INSERT INTO prescriptions (id, encounter_id, drug, dosage, days_supply) VALUES (55, 34, 'Ibuprofen', '50mg', 30);
INSERT INTO prescriptions (id, encounter_id, drug, dosage, days_supply) VALUES (56, 34, 'Lisinopril', '500mg', 7);
INSERT INTO prescriptions (id, encounter_id, drug, dosage, days_supply) VALUES (57, 34, 'Amoxicillin', '50mg', 90);
INSERT INTO prescriptions (id, encounter_id, drug, dosage, days_supply) VALUES (58, 36, 'Metformin', '500mg', 14);
INSERT INTO prescriptions (id, encounter_id, drug, dosage, days_supply) VALUES (59, 36, 'Metformin', '500mg', 14);
INSERT INTO prescriptions (id, encounter_id, drug, dosage, days_supply) VALUES (60, 37, 'Lisinopril', '100mg', 14);
INSERT INTO prescriptions (id, encounter_id, drug, dosage, days_supply) VALUES (61, 37, 'Lisinopril', '10mg', 7);
INSERT INTO prescriptions (id, encounter_id, drug, dosage, days_supply) VALUES (62, 38, 'Ibuprofen', '20mg', 14);
INSERT INTO prescriptions (id, encounter_id, drug, dosage, days_supply) VALUES (63, 39, 'Amoxicillin', '20mg', 14);
INSERT INTO prescriptions (id, encounter_id, drug, dosage, days_supply) VALUES (64, 43, 'Atorvastatin', '20mg', 14);
INSERT INTO prescriptions (id, encounter_id, drug, dosage, days_supply) VALUES (65, 43, 'Amoxicillin', '500mg', 14);
INSERT INTO prescriptions (id, encounter_id, drug, dosage, days_supply) VALUES (66, 43, 'Amoxicillin', '100mg', 7);
INSERT INTO prescriptions (id, encounter_id, drug, dosage, days_supply) VALUES (67, 44, 'Omeprazole', '50mg', 7);
INSERT INTO prescriptions (id, encounter_id, drug, dosage, days_supply) VALUES (68, 44, 'Lisinopril', '10mg', 90);
INSERT INTO prescriptions (id, encounter_id, drug, dosage, days_supply) VALUES (69, 45, 'Metformin', '100mg', 30);
INSERT INTO prescriptions (id, encounter_id, drug, dosage, days_supply) VALUES (70, 47, 'Metformin', '20mg', 14);
INSERT INTO prescriptions (id, encounter_id, drug, dosage, days_supply) VALUES (71, 47, 'Omeprazole', '20mg', 90);
INSERT INTO prescriptions (id, encounter_id, drug, dosage, days_supply) VALUES (72, 47, 'Metformin', '100mg', 30);
INSERT INTO prescriptions (id, encounter_id, drug, dosage, days_supply) VALUES (73, 48, 'Lisinopril', '250mg', 30);
INSERT INTO prescriptions (id, encounter_id, drug, dosage, days_supply) VALUES (74, 48, 'Omeprazole', '50mg', 7);
INSERT INTO prescriptions (id, encounter_id, drug, dosage, days_supply) VALUES (75, 48, 'Atorvastatin', '20mg', 30);
INSERT INTO prescriptions (id, encounter_id, drug, dosage, days_supply) VALUES (76, 49, 'Amoxicillin', '250mg', 7);
INSERT INTO prescriptions (id, encounter_id, drug, dosage, days_supply) VALUES (77, 49, 'Ibuprofen', '20mg', 14);
INSERT INTO prescriptions (id, encounter_id, drug, dosage, days_supply) VALUES (78, 49, 'Atorvastatin', '50mg', 90);
INSERT INTO prescriptions (id, encounter_id, drug, dosage, days_supply) VALUES (79, 50, 'Amoxicillin', '500mg', 14);
INSERT INTO prescriptions (id, encounter_id, drug, dosage, days_supply) VALUES (80, 51, 'Atorvastatin', '50mg', 90);
INSERT INTO prescriptions (id, encounter_id, drug, dosage, days_supply) VALUES (81, 51, 'Lisinopril', '250mg', 90);
INSERT INTO prescriptions (id, encounter_id, drug, dosage, days_supply) VALUES (82, 51, 'Ibuprofen', '100mg', 30);
INSERT INTO prescriptions (id, encounter_id, drug, dosage, days_supply) VALUES (83, 52, 'Amoxicillin', '50mg', 30);
INSERT INTO prescriptions (id, encounter_id, drug, dosage, days_supply) VALUES (84, 52, 'Atorvastatin', '500mg', 90);
INSERT INTO prescriptions (id, encounter_id, drug, dosage, days_supply) VALUES (85, 53, 'Metformin', '10mg', 30);
INSERT INTO prescriptions (id, encounter_id, drug, dosage, days_supply) VALUES (86, 53, 'Ibuprofen', '250mg', 7);
INSERT INTO prescriptions (id, encounter_id, drug, dosage, days_supply) VALUES (87, 53, 'Lisinopril', '50mg', 30);
INSERT INTO prescriptions (id, encounter_id, drug, dosage, days_supply) VALUES (88, 54, 'Amoxicillin', '10mg', 7);
INSERT INTO prescriptions (id, encounter_id, drug, dosage, days_supply) VALUES (89, 55, 'Lisinopril', '50mg', 14);
INSERT INTO prescriptions (id, encounter_id, drug, dosage, days_supply) VALUES (90, 55, 'Atorvastatin', '500mg', 90);
INSERT INTO prescriptions (id, encounter_id, drug, dosage, days_supply) VALUES (91, 58, 'Atorvastatin', '50mg', 14);
INSERT INTO prescriptions (id, encounter_id, drug, dosage, days_supply) VALUES (92, 58, 'Lisinopril', '10mg', 7);
INSERT INTO prescriptions (id, encounter_id, drug, dosage, days_supply) VALUES (93, 59, 'Omeprazole', '10mg', 30);
INSERT INTO prescriptions (id, encounter_id, drug, dosage, days_supply) VALUES (94, 59, 'Omeprazole', '100mg', 30);
INSERT INTO prescriptions (id, encounter_id, drug, dosage, days_supply) VALUES (95, 59, 'Lisinopril', '10mg', 7);
INSERT INTO prescriptions (id, encounter_id, drug, dosage, days_supply) VALUES (96, 60, 'Ibuprofen', '100mg', 30);
INSERT INTO prescriptions (id, encounter_id, drug, dosage, days_supply) VALUES (97, 61, 'Atorvastatin', '250mg', 14);
INSERT INTO prescriptions (id, encounter_id, drug, dosage, days_supply) VALUES (98, 61, 'Metformin', '500mg', 7);
INSERT INTO prescriptions (id, encounter_id, drug, dosage, days_supply) VALUES (99, 62, 'Omeprazole', '250mg', 14);
INSERT INTO prescriptions (id, encounter_id, drug, dosage, days_supply) VALUES (100, 62, 'Ibuprofen', '500mg', 90);
INSERT INTO prescriptions (id, encounter_id, drug, dosage, days_supply) VALUES (101, 62, 'Lisinopril', '20mg', 90);
INSERT INTO prescriptions (id, encounter_id, drug, dosage, days_supply) VALUES (102, 63, 'Amoxicillin', '10mg', 14);
INSERT INTO prescriptions (id, encounter_id, drug, dosage, days_supply) VALUES (103, 65, 'Ibuprofen', '500mg', 30);
INSERT INTO prescriptions (id, encounter_id, drug, dosage, days_supply) VALUES (104, 65, 'Atorvastatin', '10mg', 90);
INSERT INTO prescriptions (id, encounter_id, drug, dosage, days_supply) VALUES (105, 65, 'Amoxicillin', '250mg', 7);
INSERT INTO prescriptions (id, encounter_id, drug, dosage, days_supply) VALUES (106, 66, 'Omeprazole', '250mg', 7);
INSERT INTO prescriptions (id, encounter_id, drug, dosage, days_supply) VALUES (107, 66, 'Omeprazole', '100mg', 90);
INSERT INTO prescriptions (id, encounter_id, drug, dosage, days_supply) VALUES (108, 66, 'Ibuprofen', '50mg', 30);
INSERT INTO prescriptions (id, encounter_id, drug, dosage, days_supply) VALUES (109, 67, 'Omeprazole', '250mg', 7);
INSERT INTO prescriptions (id, encounter_id, drug, dosage, days_supply) VALUES (110, 67, 'Atorvastatin', '10mg', 30);
INSERT INTO prescriptions (id, encounter_id, drug, dosage, days_supply) VALUES (111, 67, 'Lisinopril', '250mg', 7);
INSERT INTO prescriptions (id, encounter_id, drug, dosage, days_supply) VALUES (112, 68, 'Lisinopril', '20mg', 14);
INSERT INTO prescriptions (id, encounter_id, drug, dosage, days_supply) VALUES (113, 70, 'Ibuprofen', '250mg', 90);
INSERT INTO prescriptions (id, encounter_id, drug, dosage, days_supply) VALUES (114, 70, 'Ibuprofen', '20mg', 7);
INSERT INTO prescriptions (id, encounter_id, drug, dosage, days_supply) VALUES (115, 70, 'Omeprazole', '10mg', 14);
INSERT INTO prescriptions (id, encounter_id, drug, dosage, days_supply) VALUES (116, 71, 'Omeprazole', '20mg', 7);
INSERT INTO prescriptions (id, encounter_id, drug, dosage, days_supply) VALUES (117, 71, 'Atorvastatin', '20mg', 30);
INSERT INTO prescriptions (id, encounter_id, drug, dosage, days_supply) VALUES (118, 71, 'Omeprazole', '250mg', 30);
INSERT INTO prescriptions (id, encounter_id, drug, dosage, days_supply) VALUES (119, 72, 'Ibuprofen', '100mg', 14);
INSERT INTO prescriptions (id, encounter_id, drug, dosage, days_supply) VALUES (120, 72, 'Amoxicillin', '10mg', 7);
INSERT INTO prescriptions (id, encounter_id, drug, dosage, days_supply) VALUES (121, 73, 'Atorvastatin', '250mg', 30);
INSERT INTO prescriptions (id, encounter_id, drug, dosage, days_supply) VALUES (122, 73, 'Omeprazole', '20mg', 14);
INSERT INTO prescriptions (id, encounter_id, drug, dosage, days_supply) VALUES (123, 74, 'Lisinopril', '10mg', 90);
INSERT INTO prescriptions (id, encounter_id, drug, dosage, days_supply) VALUES (124, 74, 'Atorvastatin', '20mg', 7);
INSERT INTO prescriptions (id, encounter_id, drug, dosage, days_supply) VALUES (125, 74, 'Ibuprofen', '500mg', 30);
INSERT INTO prescriptions (id, encounter_id, drug, dosage, days_supply) VALUES (126, 75, 'Lisinopril', '20mg', 90);
INSERT INTO prescriptions (id, encounter_id, drug, dosage, days_supply) VALUES (127, 75, 'Lisinopril', '10mg', 30);
INSERT INTO prescriptions (id, encounter_id, drug, dosage, days_supply) VALUES (128, 76, 'Ibuprofen', '500mg', 14);
INSERT INTO prescriptions (id, encounter_id, drug, dosage, days_supply) VALUES (129, 76, 'Metformin', '250mg', 90);
INSERT INTO prescriptions (id, encounter_id, drug, dosage, days_supply) VALUES (130, 76, 'Omeprazole', '10mg', 7);
INSERT INTO prescriptions (id, encounter_id, drug, dosage, days_supply) VALUES (131, 78, 'Atorvastatin', '10mg', 90);
INSERT INTO prescriptions (id, encounter_id, drug, dosage, days_supply) VALUES (132, 78, 'Lisinopril', '250mg', 90);
INSERT INTO prescriptions (id, encounter_id, drug, dosage, days_supply) VALUES (133, 78, 'Omeprazole', '20mg', 14);
INSERT INTO prescriptions (id, encounter_id, drug, dosage, days_supply) VALUES (134, 79, 'Metformin', '500mg', 90);
INSERT INTO prescriptions (id, encounter_id, drug, dosage, days_supply) VALUES (135, 80, 'Metformin', '10mg', 90);
INSERT INTO prescriptions (id, encounter_id, drug, dosage, days_supply) VALUES (136, 80, 'Amoxicillin', '50mg', 30);
INSERT INTO prescriptions (id, encounter_id, drug, dosage, days_supply) VALUES (137, 82, 'Amoxicillin', '10mg', 14);
INSERT INTO prescriptions (id, encounter_id, drug, dosage, days_supply) VALUES (138, 82, 'Omeprazole', '100mg', 30);
INSERT INTO prescriptions (id, encounter_id, drug, dosage, days_supply) VALUES (139, 82, 'Lisinopril', '50mg', 7);
INSERT INTO prescriptions (id, encounter_id, drug, dosage, days_supply) VALUES (140, 83, 'Ibuprofen', '500mg', 30);
INSERT INTO prescriptions (id, encounter_id, drug, dosage, days_supply) VALUES (141, 83, 'Amoxicillin', '20mg', 7);
INSERT INTO prescriptions (id, encounter_id, drug, dosage, days_supply) VALUES (142, 86, 'Amoxicillin', '500mg', 14);
INSERT INTO prescriptions (id, encounter_id, drug, dosage, days_supply) VALUES (143, 86, 'Lisinopril', '50mg', 90);
INSERT INTO prescriptions (id, encounter_id, drug, dosage, days_supply) VALUES (144, 87, 'Omeprazole', '10mg', 7);
INSERT INTO prescriptions (id, encounter_id, drug, dosage, days_supply) VALUES (145, 87, 'Amoxicillin', '50mg', 90);
INSERT INTO prescriptions (id, encounter_id, drug, dosage, days_supply) VALUES (146, 87, 'Metformin', '20mg', 30);
INSERT INTO prescriptions (id, encounter_id, drug, dosage, days_supply) VALUES (147, 88, 'Metformin', '50mg', 7);
INSERT INTO prescriptions (id, encounter_id, drug, dosage, days_supply) VALUES (148, 90, 'Lisinopril', '100mg', 30);
INSERT INTO prescriptions (id, encounter_id, drug, dosage, days_supply) VALUES (149, 92, 'Atorvastatin', '500mg', 30);
INSERT INTO prescriptions (id, encounter_id, drug, dosage, days_supply) VALUES (150, 93, 'Amoxicillin', '100mg', 7);
INSERT INTO prescriptions (id, encounter_id, drug, dosage, days_supply) VALUES (151, 93, 'Lisinopril', '50mg', 14);
INSERT INTO prescriptions (id, encounter_id, drug, dosage, days_supply) VALUES (152, 96, 'Omeprazole', '20mg', 30);
INSERT INTO prescriptions (id, encounter_id, drug, dosage, days_supply) VALUES (153, 97, 'Omeprazole', '20mg', 14);
INSERT INTO prescriptions (id, encounter_id, drug, dosage, days_supply) VALUES (154, 97, 'Ibuprofen', '50mg', 7);
INSERT INTO prescriptions (id, encounter_id, drug, dosage, days_supply) VALUES (155, 98, 'Lisinopril', '50mg', 7);
INSERT INTO prescriptions (id, encounter_id, drug, dosage, days_supply) VALUES (156, 98, 'Lisinopril', '100mg', 7);
INSERT INTO prescriptions (id, encounter_id, drug, dosage, days_supply) VALUES (157, 98, 'Amoxicillin', '250mg', 30);
INSERT INTO prescriptions (id, encounter_id, drug, dosage, days_supply) VALUES (158, 99, 'Atorvastatin', '500mg', 30);
INSERT INTO prescriptions (id, encounter_id, drug, dosage, days_supply) VALUES (159, 99, 'Omeprazole', '500mg', 30);
INSERT INTO prescriptions (id, encounter_id, drug, dosage, days_supply) VALUES (160, 99, 'Omeprazole', '50mg', 7);
INSERT INTO prescriptions (id, encounter_id, drug, dosage, days_supply) VALUES (161, 100, 'Amoxicillin', '250mg', 7);
INSERT INTO prescriptions (id, encounter_id, drug, dosage, days_supply) VALUES (162, 100, 'Metformin', '10mg', 30);
INSERT INTO prescriptions (id, encounter_id, drug, dosage, days_supply) VALUES (163, 101, 'Metformin', '250mg', 90);
INSERT INTO prescriptions (id, encounter_id, drug, dosage, days_supply) VALUES (164, 102, 'Lisinopril', '50mg', 7);
INSERT INTO prescriptions (id, encounter_id, drug, dosage, days_supply) VALUES (165, 102, 'Atorvastatin', '100mg', 30);
INSERT INTO prescriptions (id, encounter_id, drug, dosage, days_supply) VALUES (166, 102, 'Amoxicillin', '250mg', 90);
INSERT INTO prescriptions (id, encounter_id, drug, dosage, days_supply) VALUES (167, 103, 'Metformin', '500mg', 90);
INSERT INTO prescriptions (id, encounter_id, drug, dosage, days_supply) VALUES (168, 103, 'Omeprazole', '500mg', 14);
INSERT INTO prescriptions (id, encounter_id, drug, dosage, days_supply) VALUES (169, 103, 'Omeprazole', '10mg', 7);
INSERT INTO prescriptions (id, encounter_id, drug, dosage, days_supply) VALUES (170, 104, 'Metformin', '100mg', 30);
INSERT INTO prescriptions (id, encounter_id, drug, dosage, days_supply) VALUES (171, 105, 'Omeprazole', '20mg', 7);
INSERT INTO prescriptions (id, encounter_id, drug, dosage, days_supply) VALUES (172, 106, 'Atorvastatin', '250mg', 30);
INSERT INTO prescriptions (id, encounter_id, drug, dosage, days_supply) VALUES (173, 107, 'Metformin', '100mg', 14);
INSERT INTO prescriptions (id, encounter_id, drug, dosage, days_supply) VALUES (174, 109, 'Metformin', '10mg', 7);
INSERT INTO prescriptions (id, encounter_id, drug, dosage, days_supply) VALUES (175, 109, 'Ibuprofen', '20mg', 7);
INSERT INTO prescriptions (id, encounter_id, drug, dosage, days_supply) VALUES (176, 110, 'Atorvastatin', '100mg', 30);
INSERT INTO prescriptions (id, encounter_id, drug, dosage, days_supply) VALUES (177, 110, 'Amoxicillin', '500mg', 14);
INSERT INTO prescriptions (id, encounter_id, drug, dosage, days_supply) VALUES (178, 111, 'Amoxicillin', '50mg', 14);
INSERT INTO prescriptions (id, encounter_id, drug, dosage, days_supply) VALUES (179, 111, 'Lisinopril', '50mg', 14);
INSERT INTO prescriptions (id, encounter_id, drug, dosage, days_supply) VALUES (180, 111, 'Atorvastatin', '10mg', 14);
INSERT INTO prescriptions (id, encounter_id, drug, dosage, days_supply) VALUES (181, 113, 'Lisinopril', '100mg', 7);
INSERT INTO prescriptions (id, encounter_id, drug, dosage, days_supply) VALUES (182, 113, 'Lisinopril', '50mg', 30);
INSERT INTO prescriptions (id, encounter_id, drug, dosage, days_supply) VALUES (183, 114, 'Amoxicillin', '50mg', 14);
INSERT INTO prescriptions (id, encounter_id, drug, dosage, days_supply) VALUES (184, 115, 'Metformin', '50mg', 90);
INSERT INTO prescriptions (id, encounter_id, drug, dosage, days_supply) VALUES (185, 115, 'Ibuprofen', '500mg', 30);
INSERT INTO prescriptions (id, encounter_id, drug, dosage, days_supply) VALUES (186, 115, 'Atorvastatin', '250mg', 7);
INSERT INTO prescriptions (id, encounter_id, drug, dosage, days_supply) VALUES (187, 117, 'Metformin', '500mg', 14);
INSERT INTO prescriptions (id, encounter_id, drug, dosage, days_supply) VALUES (188, 118, 'Lisinopril', '20mg', 14);
INSERT INTO prescriptions (id, encounter_id, drug, dosage, days_supply) VALUES (189, 120, 'Omeprazole', '250mg', 30);
INSERT INTO prescriptions (id, encounter_id, drug, dosage, days_supply) VALUES (190, 121, 'Omeprazole', '10mg', 7);
INSERT INTO prescriptions (id, encounter_id, drug, dosage, days_supply) VALUES (191, 122, 'Ibuprofen', '500mg', 7);
INSERT INTO prescriptions (id, encounter_id, drug, dosage, days_supply) VALUES (192, 123, 'Ibuprofen', '100mg', 90);
INSERT INTO prescriptions (id, encounter_id, drug, dosage, days_supply) VALUES (193, 123, 'Lisinopril', '500mg', 30);
INSERT INTO prescriptions (id, encounter_id, drug, dosage, days_supply) VALUES (194, 123, 'Ibuprofen', '10mg', 30);
INSERT INTO prescriptions (id, encounter_id, drug, dosage, days_supply) VALUES (195, 124, 'Omeprazole', '250mg', 30);
INSERT INTO prescriptions (id, encounter_id, drug, dosage, days_supply) VALUES (196, 124, 'Lisinopril', '50mg', 90);
INSERT INTO prescriptions (id, encounter_id, drug, dosage, days_supply) VALUES (197, 124, 'Atorvastatin', '500mg', 7);
INSERT INTO prescriptions (id, encounter_id, drug, dosage, days_supply) VALUES (198, 125, 'Lisinopril', '100mg', 30);
INSERT INTO prescriptions (id, encounter_id, drug, dosage, days_supply) VALUES (199, 125, 'Omeprazole', '100mg', 14);
INSERT INTO prescriptions (id, encounter_id, drug, dosage, days_supply) VALUES (200, 125, 'Omeprazole', '50mg', 30);
INSERT INTO prescriptions (id, encounter_id, drug, dosage, days_supply) VALUES (201, 126, 'Ibuprofen', '100mg', 30);
INSERT INTO prescriptions (id, encounter_id, drug, dosage, days_supply) VALUES (202, 127, 'Lisinopril', '20mg', 30);
INSERT INTO prescriptions (id, encounter_id, drug, dosage, days_supply) VALUES (203, 127, 'Ibuprofen', '50mg', 30);
INSERT INTO prescriptions (id, encounter_id, drug, dosage, days_supply) VALUES (204, 127, 'Omeprazole', '500mg', 14);
INSERT INTO prescriptions (id, encounter_id, drug, dosage, days_supply) VALUES (205, 128, 'Metformin', '100mg', 7);
INSERT INTO prescriptions (id, encounter_id, drug, dosage, days_supply) VALUES (206, 129, 'Atorvastatin', '100mg', 90);
INSERT INTO prescriptions (id, encounter_id, drug, dosage, days_supply) VALUES (207, 130, 'Omeprazole', '250mg', 7);
INSERT INTO prescriptions (id, encounter_id, drug, dosage, days_supply) VALUES (208, 130, 'Lisinopril', '250mg', 30);
INSERT INTO prescriptions (id, encounter_id, drug, dosage, days_supply) VALUES (209, 131, 'Ibuprofen', '50mg', 14);
INSERT INTO prescriptions (id, encounter_id, drug, dosage, days_supply) VALUES (210, 131, 'Amoxicillin', '10mg', 30);
INSERT INTO prescriptions (id, encounter_id, drug, dosage, days_supply) VALUES (211, 132, 'Amoxicillin', '50mg', 14);
INSERT INTO prescriptions (id, encounter_id, drug, dosage, days_supply) VALUES (212, 132, 'Amoxicillin', '50mg', 14);
INSERT INTO prescriptions (id, encounter_id, drug, dosage, days_supply) VALUES (213, 133, 'Omeprazole', '10mg', 30);
INSERT INTO prescriptions (id, encounter_id, drug, dosage, days_supply) VALUES (214, 133, 'Metformin', '250mg', 30);
INSERT INTO prescriptions (id, encounter_id, drug, dosage, days_supply) VALUES (215, 133, 'Atorvastatin', '10mg', 90);
INSERT INTO prescriptions (id, encounter_id, drug, dosage, days_supply) VALUES (216, 134, 'Lisinopril', '500mg', 14);
INSERT INTO prescriptions (id, encounter_id, drug, dosage, days_supply) VALUES (217, 135, 'Metformin', '50mg', 30);
INSERT INTO prescriptions (id, encounter_id, drug, dosage, days_supply) VALUES (218, 135, 'Amoxicillin', '250mg', 90);
INSERT INTO prescriptions (id, encounter_id, drug, dosage, days_supply) VALUES (219, 136, 'Lisinopril', '500mg', 90);
INSERT INTO prescriptions (id, encounter_id, drug, dosage, days_supply) VALUES (220, 136, 'Metformin', '500mg', 7);
INSERT INTO prescriptions (id, encounter_id, drug, dosage, days_supply) VALUES (221, 136, 'Omeprazole', '10mg', 14);
INSERT INTO prescriptions (id, encounter_id, drug, dosage, days_supply) VALUES (222, 138, 'Omeprazole', '10mg', 14);
INSERT INTO prescriptions (id, encounter_id, drug, dosage, days_supply) VALUES (223, 138, 'Omeprazole', '20mg', 7);
INSERT INTO prescriptions (id, encounter_id, drug, dosage, days_supply) VALUES (224, 138, 'Metformin', '10mg', 14);
INSERT INTO prescriptions (id, encounter_id, drug, dosage, days_supply) VALUES (225, 139, 'Amoxicillin', '500mg', 14);
INSERT INTO prescriptions (id, encounter_id, drug, dosage, days_supply) VALUES (226, 141, 'Metformin', '500mg', 90);
INSERT INTO prescriptions (id, encounter_id, drug, dosage, days_supply) VALUES (227, 142, 'Metformin', '100mg', 30);
INSERT INTO prescriptions (id, encounter_id, drug, dosage, days_supply) VALUES (228, 142, 'Omeprazole', '500mg', 90);
INSERT INTO prescriptions (id, encounter_id, drug, dosage, days_supply) VALUES (229, 142, 'Lisinopril', '500mg', 14);
INSERT INTO prescriptions (id, encounter_id, drug, dosage, days_supply) VALUES (230, 143, 'Atorvastatin', '500mg', 30);
INSERT INTO prescriptions (id, encounter_id, drug, dosage, days_supply) VALUES (231, 144, 'Atorvastatin', '50mg', 90);
INSERT INTO prescriptions (id, encounter_id, drug, dosage, days_supply) VALUES (232, 144, 'Atorvastatin', '250mg', 30);
INSERT INTO prescriptions (id, encounter_id, drug, dosage, days_supply) VALUES (233, 145, 'Atorvastatin', '50mg', 14);
INSERT INTO prescriptions (id, encounter_id, drug, dosage, days_supply) VALUES (234, 145, 'Metformin', '10mg', 30);
INSERT INTO prescriptions (id, encounter_id, drug, dosage, days_supply) VALUES (235, 146, 'Omeprazole', '10mg', 90);
INSERT INTO prescriptions (id, encounter_id, drug, dosage, days_supply) VALUES (236, 147, 'Omeprazole', '20mg', 14);
INSERT INTO prescriptions (id, encounter_id, drug, dosage, days_supply) VALUES (237, 147, 'Ibuprofen', '10mg', 7);
INSERT INTO prescriptions (id, encounter_id, drug, dosage, days_supply) VALUES (238, 147, 'Amoxicillin', '50mg', 30);
INSERT INTO prescriptions (id, encounter_id, drug, dosage, days_supply) VALUES (239, 149, 'Atorvastatin', '500mg', 30);
INSERT INTO prescriptions (id, encounter_id, drug, dosage, days_supply) VALUES (240, 150, 'Ibuprofen', '10mg', 30);
INSERT INTO prescriptions (id, encounter_id, drug, dosage, days_supply) VALUES (241, 150, 'Metformin', '10mg', 14);
INSERT INTO prescriptions (id, encounter_id, drug, dosage, days_supply) VALUES (242, 152, 'Amoxicillin', '20mg', 30);
INSERT INTO prescriptions (id, encounter_id, drug, dosage, days_supply) VALUES (243, 153, 'Atorvastatin', '250mg', 14);
INSERT INTO prescriptions (id, encounter_id, drug, dosage, days_supply) VALUES (244, 154, 'Ibuprofen', '250mg', 30);
INSERT INTO prescriptions (id, encounter_id, drug, dosage, days_supply) VALUES (245, 154, 'Metformin', '20mg', 7);
INSERT INTO prescriptions (id, encounter_id, drug, dosage, days_supply) VALUES (246, 156, 'Ibuprofen', '100mg', 90);
INSERT INTO prescriptions (id, encounter_id, drug, dosage, days_supply) VALUES (247, 156, 'Ibuprofen', '20mg', 14);
INSERT INTO prescriptions (id, encounter_id, drug, dosage, days_supply) VALUES (248, 159, 'Atorvastatin', '250mg', 90);
INSERT INTO prescriptions (id, encounter_id, drug, dosage, days_supply) VALUES (249, 159, 'Atorvastatin', '10mg', 14);
INSERT INTO prescriptions (id, encounter_id, drug, dosage, days_supply) VALUES (250, 159, 'Atorvastatin', '20mg', 7);
INSERT INTO prescriptions (id, encounter_id, drug, dosage, days_supply) VALUES (251, 160, 'Ibuprofen', '50mg', 90);
INSERT INTO prescriptions (id, encounter_id, drug, dosage, days_supply) VALUES (252, 162, 'Lisinopril', '500mg', 14);
INSERT INTO prescriptions (id, encounter_id, drug, dosage, days_supply) VALUES (253, 163, 'Omeprazole', '20mg', 30);
INSERT INTO prescriptions (id, encounter_id, drug, dosage, days_supply) VALUES (254, 163, 'Metformin', '250mg', 7);
INSERT INTO prescriptions (id, encounter_id, drug, dosage, days_supply) VALUES (255, 164, 'Atorvastatin', '250mg', 30);
INSERT INTO prescriptions (id, encounter_id, drug, dosage, days_supply) VALUES (256, 164, 'Atorvastatin', '250mg', 14);
INSERT INTO prescriptions (id, encounter_id, drug, dosage, days_supply) VALUES (257, 164, 'Lisinopril', '100mg', 7);
INSERT INTO prescriptions (id, encounter_id, drug, dosage, days_supply) VALUES (258, 165, 'Omeprazole', '250mg', 30);
INSERT INTO prescriptions (id, encounter_id, drug, dosage, days_supply) VALUES (259, 165, 'Atorvastatin', '250mg', 14);
INSERT INTO prescriptions (id, encounter_id, drug, dosage, days_supply) VALUES (260, 166, 'Metformin', '10mg', 90);
INSERT INTO prescriptions (id, encounter_id, drug, dosage, days_supply) VALUES (261, 167, 'Amoxicillin', '50mg', 14);
INSERT INTO prescriptions (id, encounter_id, drug, dosage, days_supply) VALUES (262, 168, 'Metformin', '20mg', 7);
INSERT INTO prescriptions (id, encounter_id, drug, dosage, days_supply) VALUES (263, 169, 'Lisinopril', '100mg', 7);
INSERT INTO prescriptions (id, encounter_id, drug, dosage, days_supply) VALUES (264, 169, 'Amoxicillin', '500mg', 90);
INSERT INTO prescriptions (id, encounter_id, drug, dosage, days_supply) VALUES (265, 169, 'Metformin', '20mg', 90);
INSERT INTO prescriptions (id, encounter_id, drug, dosage, days_supply) VALUES (266, 170, 'Amoxicillin', '50mg', 30);
INSERT INTO prescriptions (id, encounter_id, drug, dosage, days_supply) VALUES (267, 171, 'Amoxicillin', '20mg', 7);
INSERT INTO prescriptions (id, encounter_id, drug, dosage, days_supply) VALUES (268, 171, 'Ibuprofen', '50mg', 90);
INSERT INTO prescriptions (id, encounter_id, drug, dosage, days_supply) VALUES (269, 171, 'Omeprazole', '250mg', 14);
INSERT INTO prescriptions (id, encounter_id, drug, dosage, days_supply) VALUES (270, 172, 'Lisinopril', '20mg', 7);
INSERT INTO prescriptions (id, encounter_id, drug, dosage, days_supply) VALUES (271, 172, 'Amoxicillin', '250mg', 14);
INSERT INTO prescriptions (id, encounter_id, drug, dosage, days_supply) VALUES (272, 173, 'Lisinopril', '500mg', 90);
INSERT INTO prescriptions (id, encounter_id, drug, dosage, days_supply) VALUES (273, 173, 'Atorvastatin', '100mg', 30);
INSERT INTO prescriptions (id, encounter_id, drug, dosage, days_supply) VALUES (274, 173, 'Metformin', '10mg', 7);
INSERT INTO prescriptions (id, encounter_id, drug, dosage, days_supply) VALUES (275, 174, 'Omeprazole', '20mg', 14);
INSERT INTO prescriptions (id, encounter_id, drug, dosage, days_supply) VALUES (276, 175, 'Amoxicillin', '250mg', 90);
INSERT INTO prescriptions (id, encounter_id, drug, dosage, days_supply) VALUES (277, 175, 'Metformin', '250mg', 7);
INSERT INTO prescriptions (id, encounter_id, drug, dosage, days_supply) VALUES (278, 175, 'Omeprazole', '10mg', 14);
INSERT INTO prescriptions (id, encounter_id, drug, dosage, days_supply) VALUES (279, 176, 'Metformin', '20mg', 30);
INSERT INTO prescriptions (id, encounter_id, drug, dosage, days_supply) VALUES (280, 176, 'Atorvastatin', '10mg', 90);
INSERT INTO prescriptions (id, encounter_id, drug, dosage, days_supply) VALUES (281, 178, 'Ibuprofen', '20mg', 14);
INSERT INTO prescriptions (id, encounter_id, drug, dosage, days_supply) VALUES (282, 179, 'Amoxicillin', '500mg', 14);
INSERT INTO prescriptions (id, encounter_id, drug, dosage, days_supply) VALUES (283, 179, 'Lisinopril', '20mg', 14);
INSERT INTO prescriptions (id, encounter_id, drug, dosage, days_supply) VALUES (284, 179, 'Omeprazole', '500mg', 90);
INSERT INTO prescriptions (id, encounter_id, drug, dosage, days_supply) VALUES (285, 180, 'Omeprazole', '10mg', 14);
INSERT INTO prescriptions (id, encounter_id, drug, dosage, days_supply) VALUES (286, 180, 'Metformin', '100mg', 30);
INSERT INTO prescriptions (id, encounter_id, drug, dosage, days_supply) VALUES (287, 180, 'Metformin', '500mg', 30);
INSERT INTO prescriptions (id, encounter_id, drug, dosage, days_supply) VALUES (288, 181, 'Metformin', '100mg', 90);
INSERT INTO prescriptions (id, encounter_id, drug, dosage, days_supply) VALUES (289, 182, 'Omeprazole', '100mg', 7);
INSERT INTO prescriptions (id, encounter_id, drug, dosage, days_supply) VALUES (290, 183, 'Ibuprofen', '10mg', 7);
INSERT INTO prescriptions (id, encounter_id, drug, dosage, days_supply) VALUES (291, 184, 'Ibuprofen', '10mg', 7);
INSERT INTO prescriptions (id, encounter_id, drug, dosage, days_supply) VALUES (292, 184, 'Lisinopril', '500mg', 90);
INSERT INTO prescriptions (id, encounter_id, drug, dosage, days_supply) VALUES (293, 185, 'Metformin', '250mg', 14);
INSERT INTO prescriptions (id, encounter_id, drug, dosage, days_supply) VALUES (294, 186, 'Lisinopril', '10mg', 90);
INSERT INTO prescriptions (id, encounter_id, drug, dosage, days_supply) VALUES (295, 186, 'Atorvastatin', '10mg', 14);
INSERT INTO prescriptions (id, encounter_id, drug, dosage, days_supply) VALUES (296, 186, 'Omeprazole', '250mg', 30);
INSERT INTO prescriptions (id, encounter_id, drug, dosage, days_supply) VALUES (297, 187, 'Amoxicillin', '10mg', 7);
INSERT INTO prescriptions (id, encounter_id, drug, dosage, days_supply) VALUES (298, 187, 'Metformin', '10mg', 30);
INSERT INTO prescriptions (id, encounter_id, drug, dosage, days_supply) VALUES (299, 187, 'Ibuprofen', '20mg', 14);
INSERT INTO prescriptions (id, encounter_id, drug, dosage, days_supply) VALUES (300, 188, 'Lisinopril', '50mg', 7);
INSERT INTO prescriptions (id, encounter_id, drug, dosage, days_supply) VALUES (301, 188, 'Lisinopril', '10mg', 30);
INSERT INTO prescriptions (id, encounter_id, drug, dosage, days_supply) VALUES (302, 188, 'Lisinopril', '250mg', 90);
INSERT INTO prescriptions (id, encounter_id, drug, dosage, days_supply) VALUES (303, 189, 'Omeprazole', '100mg', 14);
INSERT INTO prescriptions (id, encounter_id, drug, dosage, days_supply) VALUES (304, 189, 'Atorvastatin', '50mg', 14);
INSERT INTO prescriptions (id, encounter_id, drug, dosage, days_supply) VALUES (305, 189, 'Metformin', '10mg', 30);
INSERT INTO prescriptions (id, encounter_id, drug, dosage, days_supply) VALUES (306, 190, 'Amoxicillin', '20mg', 90);
INSERT INTO prescriptions (id, encounter_id, drug, dosage, days_supply) VALUES (307, 190, 'Metformin', '100mg', 30);
INSERT INTO prescriptions (id, encounter_id, drug, dosage, days_supply) VALUES (308, 191, 'Amoxicillin', '100mg', 30);
INSERT INTO prescriptions (id, encounter_id, drug, dosage, days_supply) VALUES (309, 191, 'Ibuprofen', '100mg', 30);
INSERT INTO prescriptions (id, encounter_id, drug, dosage, days_supply) VALUES (310, 191, 'Omeprazole', '20mg', 90);
INSERT INTO prescriptions (id, encounter_id, drug, dosage, days_supply) VALUES (311, 192, 'Ibuprofen', '100mg', 30);
INSERT INTO prescriptions (id, encounter_id, drug, dosage, days_supply) VALUES (312, 193, 'Omeprazole', '100mg', 30);
INSERT INTO prescriptions (id, encounter_id, drug, dosage, days_supply) VALUES (313, 194, 'Lisinopril', '250mg', 90);
INSERT INTO prescriptions (id, encounter_id, drug, dosage, days_supply) VALUES (314, 194, 'Ibuprofen', '50mg', 14);
INSERT INTO prescriptions (id, encounter_id, drug, dosage, days_supply) VALUES (315, 194, 'Lisinopril', '100mg', 14);
INSERT INTO prescriptions (id, encounter_id, drug, dosage, days_supply) VALUES (316, 195, 'Ibuprofen', '20mg', 90);
INSERT INTO prescriptions (id, encounter_id, drug, dosage, days_supply) VALUES (317, 195, 'Ibuprofen', '250mg', 30);
INSERT INTO prescriptions (id, encounter_id, drug, dosage, days_supply) VALUES (318, 195, 'Omeprazole', '20mg', 90);
INSERT INTO prescriptions (id, encounter_id, drug, dosage, days_supply) VALUES (319, 196, 'Lisinopril', '20mg', 14);
INSERT INTO prescriptions (id, encounter_id, drug, dosage, days_supply) VALUES (320, 196, 'Amoxicillin', '100mg', 7);
INSERT INTO prescriptions (id, encounter_id, drug, dosage, days_supply) VALUES (321, 196, 'Metformin', '20mg', 7);
INSERT INTO prescriptions (id, encounter_id, drug, dosage, days_supply) VALUES (322, 198, 'Atorvastatin', '500mg', 14);
INSERT INTO prescriptions (id, encounter_id, drug, dosage, days_supply) VALUES (323, 199, 'Ibuprofen', '100mg', 90);
INSERT INTO prescriptions (id, encounter_id, drug, dosage, days_supply) VALUES (324, 199, 'Atorvastatin', '250mg', 7);
INSERT INTO prescriptions (id, encounter_id, drug, dosage, days_supply) VALUES (325, 199, 'Amoxicillin', '100mg', 7);
INSERT INTO prescriptions (id, encounter_id, drug, dosage, days_supply) VALUES (326, 200, 'Amoxicillin', '100mg', 90);
INSERT INTO prescriptions (id, encounter_id, drug, dosage, days_supply) VALUES (327, 201, 'Ibuprofen', '100mg', 14);
INSERT INTO prescriptions (id, encounter_id, drug, dosage, days_supply) VALUES (328, 201, 'Atorvastatin', '10mg', 30);
INSERT INTO prescriptions (id, encounter_id, drug, dosage, days_supply) VALUES (329, 201, 'Amoxicillin', '20mg', 30);
INSERT INTO prescriptions (id, encounter_id, drug, dosage, days_supply) VALUES (330, 202, 'Metformin', '10mg', 90);
INSERT INTO prescriptions (id, encounter_id, drug, dosage, days_supply) VALUES (331, 203, 'Ibuprofen', '50mg', 30);
INSERT INTO prescriptions (id, encounter_id, drug, dosage, days_supply) VALUES (332, 203, 'Amoxicillin', '500mg', 30);
INSERT INTO prescriptions (id, encounter_id, drug, dosage, days_supply) VALUES (333, 204, 'Atorvastatin', '50mg', 90);
INSERT INTO prescriptions (id, encounter_id, drug, dosage, days_supply) VALUES (334, 204, 'Atorvastatin', '500mg', 14);
INSERT INTO prescriptions (id, encounter_id, drug, dosage, days_supply) VALUES (335, 205, 'Lisinopril', '100mg', 30);
INSERT INTO prescriptions (id, encounter_id, drug, dosage, days_supply) VALUES (336, 205, 'Omeprazole', '250mg', 30);
INSERT INTO prescriptions (id, encounter_id, drug, dosage, days_supply) VALUES (337, 205, 'Metformin', '10mg', 7);
INSERT INTO prescriptions (id, encounter_id, drug, dosage, days_supply) VALUES (338, 206, 'Omeprazole', '100mg', 90);
INSERT INTO prescriptions (id, encounter_id, drug, dosage, days_supply) VALUES (339, 208, 'Omeprazole', '50mg', 14);
INSERT INTO prescriptions (id, encounter_id, drug, dosage, days_supply) VALUES (340, 210, 'Atorvastatin', '10mg', 14);
INSERT INTO prescriptions (id, encounter_id, drug, dosage, days_supply) VALUES (341, 210, 'Ibuprofen', '100mg', 7);
INSERT INTO prescriptions (id, encounter_id, drug, dosage, days_supply) VALUES (342, 210, 'Ibuprofen', '500mg', 7);
INSERT INTO prescriptions (id, encounter_id, drug, dosage, days_supply) VALUES (343, 211, 'Lisinopril', '50mg', 30);
INSERT INTO prescriptions (id, encounter_id, drug, dosage, days_supply) VALUES (344, 212, 'Ibuprofen', '50mg', 90);
INSERT INTO prescriptions (id, encounter_id, drug, dosage, days_supply) VALUES (345, 213, 'Atorvastatin', '10mg', 30);
INSERT INTO prescriptions (id, encounter_id, drug, dosage, days_supply) VALUES (346, 215, 'Omeprazole', '100mg', 14);
INSERT INTO prescriptions (id, encounter_id, drug, dosage, days_supply) VALUES (347, 215, 'Lisinopril', '500mg', 14);
INSERT INTO prescriptions (id, encounter_id, drug, dosage, days_supply) VALUES (348, 217, 'Omeprazole', '50mg', 30);
INSERT INTO prescriptions (id, encounter_id, drug, dosage, days_supply) VALUES (349, 217, 'Omeprazole', '500mg', 30);
INSERT INTO prescriptions (id, encounter_id, drug, dosage, days_supply) VALUES (350, 217, 'Atorvastatin', '500mg', 30);
INSERT INTO prescriptions (id, encounter_id, drug, dosage, days_supply) VALUES (351, 218, 'Atorvastatin', '20mg', 7);
INSERT INTO prescriptions (id, encounter_id, drug, dosage, days_supply) VALUES (352, 218, 'Metformin', '10mg', 14);
INSERT INTO prescriptions (id, encounter_id, drug, dosage, days_supply) VALUES (353, 219, 'Atorvastatin', '10mg', 7);
INSERT INTO prescriptions (id, encounter_id, drug, dosage, days_supply) VALUES (354, 220, 'Ibuprofen', '20mg', 90);
INSERT INTO prescriptions (id, encounter_id, drug, dosage, days_supply) VALUES (355, 220, 'Omeprazole', '20mg', 14);
INSERT INTO prescriptions (id, encounter_id, drug, dosage, days_supply) VALUES (356, 221, 'Amoxicillin', '10mg', 14);
INSERT INTO prescriptions (id, encounter_id, drug, dosage, days_supply) VALUES (357, 222, 'Amoxicillin', '250mg', 30);
INSERT INTO prescriptions (id, encounter_id, drug, dosage, days_supply) VALUES (358, 224, 'Ibuprofen', '10mg', 90);
INSERT INTO prescriptions (id, encounter_id, drug, dosage, days_supply) VALUES (359, 224, 'Lisinopril', '20mg', 90);
INSERT INTO prescriptions (id, encounter_id, drug, dosage, days_supply) VALUES (360, 225, 'Omeprazole', '100mg', 90);
INSERT INTO prescriptions (id, encounter_id, drug, dosage, days_supply) VALUES (361, 225, 'Atorvastatin', '500mg', 90);
INSERT INTO prescriptions (id, encounter_id, drug, dosage, days_supply) VALUES (362, 225, 'Ibuprofen', '10mg', 7);
INSERT INTO prescriptions (id, encounter_id, drug, dosage, days_supply) VALUES (363, 226, 'Lisinopril', '10mg', 90);
INSERT INTO prescriptions (id, encounter_id, drug, dosage, days_supply) VALUES (364, 226, 'Amoxicillin', '10mg', 7);
INSERT INTO prescriptions (id, encounter_id, drug, dosage, days_supply) VALUES (365, 226, 'Ibuprofen', '20mg', 30);
INSERT INTO prescriptions (id, encounter_id, drug, dosage, days_supply) VALUES (366, 227, 'Lisinopril', '20mg', 7);
INSERT INTO prescriptions (id, encounter_id, drug, dosage, days_supply) VALUES (367, 227, 'Ibuprofen', '500mg', 30);
INSERT INTO prescriptions (id, encounter_id, drug, dosage, days_supply) VALUES (368, 228, 'Omeprazole', '250mg', 90);
INSERT INTO prescriptions (id, encounter_id, drug, dosage, days_supply) VALUES (369, 229, 'Amoxicillin', '20mg', 30);
INSERT INTO prescriptions (id, encounter_id, drug, dosage, days_supply) VALUES (370, 229, 'Atorvastatin', '100mg', 30);
INSERT INTO prescriptions (id, encounter_id, drug, dosage, days_supply) VALUES (371, 232, 'Metformin', '250mg', 30);
INSERT INTO prescriptions (id, encounter_id, drug, dosage, days_supply) VALUES (372, 232, 'Omeprazole', '10mg', 90);
INSERT INTO prescriptions (id, encounter_id, drug, dosage, days_supply) VALUES (373, 233, 'Atorvastatin', '50mg', 90);
INSERT INTO prescriptions (id, encounter_id, drug, dosage, days_supply) VALUES (374, 233, 'Omeprazole', '20mg', 30);
INSERT INTO prescriptions (id, encounter_id, drug, dosage, days_supply) VALUES (375, 233, 'Omeprazole', '500mg', 14);
INSERT INTO prescriptions (id, encounter_id, drug, dosage, days_supply) VALUES (376, 236, 'Ibuprofen', '10mg', 7);
INSERT INTO prescriptions (id, encounter_id, drug, dosage, days_supply) VALUES (377, 236, 'Omeprazole', '50mg', 90);
INSERT INTO prescriptions (id, encounter_id, drug, dosage, days_supply) VALUES (378, 236, 'Omeprazole', '50mg', 7);
INSERT INTO prescriptions (id, encounter_id, drug, dosage, days_supply) VALUES (379, 238, 'Atorvastatin', '50mg', 30);
INSERT INTO prescriptions (id, encounter_id, drug, dosage, days_supply) VALUES (380, 240, 'Amoxicillin', '250mg', 7);
INSERT INTO prescriptions (id, encounter_id, drug, dosage, days_supply) VALUES (381, 240, 'Amoxicillin', '10mg', 30);
INSERT INTO prescriptions (id, encounter_id, drug, dosage, days_supply) VALUES (382, 240, 'Metformin', '50mg', 30);
INSERT INTO prescriptions (id, encounter_id, drug, dosage, days_supply) VALUES (383, 241, 'Atorvastatin', '50mg', 90);
INSERT INTO prescriptions (id, encounter_id, drug, dosage, days_supply) VALUES (384, 241, 'Amoxicillin', '20mg', 30);
INSERT INTO prescriptions (id, encounter_id, drug, dosage, days_supply) VALUES (385, 241, 'Ibuprofen', '250mg', 30);
INSERT INTO prescriptions (id, encounter_id, drug, dosage, days_supply) VALUES (386, 242, 'Omeprazole', '100mg', 30);
INSERT INTO prescriptions (id, encounter_id, drug, dosage, days_supply) VALUES (387, 244, 'Amoxicillin', '500mg', 90);
INSERT INTO prescriptions (id, encounter_id, drug, dosage, days_supply) VALUES (388, 244, 'Amoxicillin', '50mg', 14);
INSERT INTO prescriptions (id, encounter_id, drug, dosage, days_supply) VALUES (389, 244, 'Metformin', '20mg', 7);
INSERT INTO prescriptions (id, encounter_id, drug, dosage, days_supply) VALUES (390, 245, 'Ibuprofen', '20mg', 7);
INSERT INTO prescriptions (id, encounter_id, drug, dosage, days_supply) VALUES (391, 245, 'Metformin', '250mg', 14);
INSERT INTO prescriptions (id, encounter_id, drug, dosage, days_supply) VALUES (392, 245, 'Lisinopril', '500mg', 90);
INSERT INTO prescriptions (id, encounter_id, drug, dosage, days_supply) VALUES (393, 246, 'Ibuprofen', '500mg', 7);
INSERT INTO prescriptions (id, encounter_id, drug, dosage, days_supply) VALUES (394, 247, 'Amoxicillin', '20mg', 30);
INSERT INTO prescriptions (id, encounter_id, drug, dosage, days_supply) VALUES (395, 247, 'Amoxicillin', '10mg', 90);
INSERT INTO prescriptions (id, encounter_id, drug, dosage, days_supply) VALUES (396, 247, 'Metformin', '100mg', 14);
INSERT INTO prescriptions (id, encounter_id, drug, dosage, days_supply) VALUES (397, 248, 'Amoxicillin', '10mg', 30);
INSERT INTO prescriptions (id, encounter_id, drug, dosage, days_supply) VALUES (398, 248, 'Amoxicillin', '50mg', 7);
INSERT INTO prescriptions (id, encounter_id, drug, dosage, days_supply) VALUES (399, 250, 'Omeprazole', '500mg', 7);
INSERT INTO prescriptions (id, encounter_id, drug, dosage, days_supply) VALUES (400, 251, 'Metformin', '50mg', 7);
INSERT INTO prescriptions (id, encounter_id, drug, dosage, days_supply) VALUES (401, 253, 'Metformin', '10mg', 7);
INSERT INTO prescriptions (id, encounter_id, drug, dosage, days_supply) VALUES (402, 253, 'Lisinopril', '20mg', 14);
INSERT INTO prescriptions (id, encounter_id, drug, dosage, days_supply) VALUES (403, 253, 'Metformin', '20mg', 14);
INSERT INTO prescriptions (id, encounter_id, drug, dosage, days_supply) VALUES (404, 254, 'Ibuprofen', '50mg', 14);
INSERT INTO prescriptions (id, encounter_id, drug, dosage, days_supply) VALUES (405, 254, 'Omeprazole', '10mg', 30);
INSERT INTO prescriptions (id, encounter_id, drug, dosage, days_supply) VALUES (406, 256, 'Amoxicillin', '500mg', 90);
INSERT INTO prescriptions (id, encounter_id, drug, dosage, days_supply) VALUES (407, 256, 'Lisinopril', '10mg', 7);
INSERT INTO prescriptions (id, encounter_id, drug, dosage, days_supply) VALUES (408, 258, 'Ibuprofen', '250mg', 14);
INSERT INTO prescriptions (id, encounter_id, drug, dosage, days_supply) VALUES (409, 258, 'Atorvastatin', '100mg', 30);
INSERT INTO prescriptions (id, encounter_id, drug, dosage, days_supply) VALUES (410, 258, 'Omeprazole', '500mg', 30);
INSERT INTO prescriptions (id, encounter_id, drug, dosage, days_supply) VALUES (411, 259, 'Ibuprofen', '50mg', 30);
INSERT INTO prescriptions (id, encounter_id, drug, dosage, days_supply) VALUES (412, 259, 'Ibuprofen', '10mg', 14);
INSERT INTO prescriptions (id, encounter_id, drug, dosage, days_supply) VALUES (413, 260, 'Ibuprofen', '500mg', 30);
INSERT INTO prescriptions (id, encounter_id, drug, dosage, days_supply) VALUES (414, 261, 'Ibuprofen', '20mg', 7);
INSERT INTO prescriptions (id, encounter_id, drug, dosage, days_supply) VALUES (415, 261, 'Metformin', '250mg', 7);
INSERT INTO prescriptions (id, encounter_id, drug, dosage, days_supply) VALUES (416, 261, 'Ibuprofen', '500mg', 7);
INSERT INTO prescriptions (id, encounter_id, drug, dosage, days_supply) VALUES (417, 262, 'Atorvastatin', '20mg', 7);
INSERT INTO prescriptions (id, encounter_id, drug, dosage, days_supply) VALUES (418, 262, 'Atorvastatin', '250mg', 7);
INSERT INTO prescriptions (id, encounter_id, drug, dosage, days_supply) VALUES (419, 262, 'Lisinopril', '100mg', 90);
INSERT INTO prescriptions (id, encounter_id, drug, dosage, days_supply) VALUES (420, 263, 'Lisinopril', '20mg', 90);
INSERT INTO prescriptions (id, encounter_id, drug, dosage, days_supply) VALUES (421, 263, 'Ibuprofen', '250mg', 14);
INSERT INTO prescriptions (id, encounter_id, drug, dosage, days_supply) VALUES (422, 263, 'Amoxicillin', '100mg', 14);
INSERT INTO prescriptions (id, encounter_id, drug, dosage, days_supply) VALUES (423, 265, 'Atorvastatin', '250mg', 90);
INSERT INTO prescriptions (id, encounter_id, drug, dosage, days_supply) VALUES (424, 265, 'Lisinopril', '20mg', 30);
INSERT INTO prescriptions (id, encounter_id, drug, dosage, days_supply) VALUES (425, 266, 'Amoxicillin', '100mg', 90);
INSERT INTO prescriptions (id, encounter_id, drug, dosage, days_supply) VALUES (426, 266, 'Metformin', '500mg', 7);
INSERT INTO prescriptions (id, encounter_id, drug, dosage, days_supply) VALUES (427, 267, 'Omeprazole', '50mg', 30);
INSERT INTO prescriptions (id, encounter_id, drug, dosage, days_supply) VALUES (428, 268, 'Omeprazole', '10mg', 14);
INSERT INTO prescriptions (id, encounter_id, drug, dosage, days_supply) VALUES (429, 270, 'Amoxicillin', '20mg', 7);
INSERT INTO prescriptions (id, encounter_id, drug, dosage, days_supply) VALUES (430, 270, 'Lisinopril', '50mg', 14);
INSERT INTO prescriptions (id, encounter_id, drug, dosage, days_supply) VALUES (431, 272, 'Lisinopril', '10mg', 30);
INSERT INTO prescriptions (id, encounter_id, drug, dosage, days_supply) VALUES (432, 272, 'Omeprazole', '500mg', 30);
INSERT INTO prescriptions (id, encounter_id, drug, dosage, days_supply) VALUES (433, 272, 'Metformin', '250mg', 30);
INSERT INTO prescriptions (id, encounter_id, drug, dosage, days_supply) VALUES (434, 273, 'Metformin', '50mg', 7);
INSERT INTO prescriptions (id, encounter_id, drug, dosage, days_supply) VALUES (435, 273, 'Ibuprofen', '100mg', 90);
INSERT INTO prescriptions (id, encounter_id, drug, dosage, days_supply) VALUES (436, 273, 'Metformin', '500mg', 7);
INSERT INTO prescriptions (id, encounter_id, drug, dosage, days_supply) VALUES (437, 274, 'Ibuprofen', '50mg', 30);
INSERT INTO prescriptions (id, encounter_id, drug, dosage, days_supply) VALUES (438, 276, 'Omeprazole', '500mg', 90);
INSERT INTO prescriptions (id, encounter_id, drug, dosage, days_supply) VALUES (439, 277, 'Ibuprofen', '250mg', 14);
INSERT INTO prescriptions (id, encounter_id, drug, dosage, days_supply) VALUES (440, 277, 'Amoxicillin', '50mg', 7);
INSERT INTO prescriptions (id, encounter_id, drug, dosage, days_supply) VALUES (441, 278, 'Omeprazole', '20mg', 7);
INSERT INTO prescriptions (id, encounter_id, drug, dosage, days_supply) VALUES (442, 278, 'Amoxicillin', '250mg', 90);
INSERT INTO prescriptions (id, encounter_id, drug, dosage, days_supply) VALUES (443, 279, 'Omeprazole', '250mg', 7);
INSERT INTO prescriptions (id, encounter_id, drug, dosage, days_supply) VALUES (444, 279, 'Lisinopril', '50mg', 90);
INSERT INTO prescriptions (id, encounter_id, drug, dosage, days_supply) VALUES (445, 279, 'Lisinopril', '250mg', 30);
INSERT INTO prescriptions (id, encounter_id, drug, dosage, days_supply) VALUES (446, 280, 'Lisinopril', '500mg', 14);
INSERT INTO prescriptions (id, encounter_id, drug, dosage, days_supply) VALUES (447, 280, 'Omeprazole', '500mg', 7);
INSERT INTO prescriptions (id, encounter_id, drug, dosage, days_supply) VALUES (448, 281, 'Lisinopril', '50mg', 7);
INSERT INTO prescriptions (id, encounter_id, drug, dosage, days_supply) VALUES (449, 281, 'Omeprazole', '50mg', 7);
INSERT INTO prescriptions (id, encounter_id, drug, dosage, days_supply) VALUES (450, 281, 'Amoxicillin', '50mg', 30);
INSERT INTO prescriptions (id, encounter_id, drug, dosage, days_supply) VALUES (451, 284, 'Atorvastatin', '250mg', 7);
INSERT INTO prescriptions (id, encounter_id, drug, dosage, days_supply) VALUES (452, 284, 'Ibuprofen', '50mg', 14);
INSERT INTO prescriptions (id, encounter_id, drug, dosage, days_supply) VALUES (453, 285, 'Ibuprofen', '100mg', 90);
INSERT INTO prescriptions (id, encounter_id, drug, dosage, days_supply) VALUES (454, 285, 'Lisinopril', '100mg', 90);
INSERT INTO prescriptions (id, encounter_id, drug, dosage, days_supply) VALUES (455, 285, 'Metformin', '50mg', 30);
INSERT INTO prescriptions (id, encounter_id, drug, dosage, days_supply) VALUES (456, 286, 'Lisinopril', '10mg', 30);
INSERT INTO prescriptions (id, encounter_id, drug, dosage, days_supply) VALUES (457, 287, 'Metformin', '50mg', 7);
INSERT INTO prescriptions (id, encounter_id, drug, dosage, days_supply) VALUES (458, 287, 'Lisinopril', '100mg', 90);
INSERT INTO prescriptions (id, encounter_id, drug, dosage, days_supply) VALUES (459, 287, 'Omeprazole', '20mg', 30);
INSERT INTO prescriptions (id, encounter_id, drug, dosage, days_supply) VALUES (460, 288, 'Amoxicillin', '50mg', 7);
INSERT INTO prescriptions (id, encounter_id, drug, dosage, days_supply) VALUES (461, 288, 'Ibuprofen', '20mg', 90);
INSERT INTO prescriptions (id, encounter_id, drug, dosage, days_supply) VALUES (462, 289, 'Atorvastatin', '250mg', 30);
INSERT INTO prescriptions (id, encounter_id, drug, dosage, days_supply) VALUES (463, 289, 'Amoxicillin', '250mg', 14);
INSERT INTO prescriptions (id, encounter_id, drug, dosage, days_supply) VALUES (464, 289, 'Metformin', '500mg', 30);
INSERT INTO prescriptions (id, encounter_id, drug, dosage, days_supply) VALUES (465, 290, 'Amoxicillin', '100mg', 90);
INSERT INTO prescriptions (id, encounter_id, drug, dosage, days_supply) VALUES (466, 290, 'Lisinopril', '500mg', 30);
INSERT INTO prescriptions (id, encounter_id, drug, dosage, days_supply) VALUES (467, 291, 'Atorvastatin', '50mg', 90);
INSERT INTO prescriptions (id, encounter_id, drug, dosage, days_supply) VALUES (468, 291, 'Lisinopril', '250mg', 30);
INSERT INTO prescriptions (id, encounter_id, drug, dosage, days_supply) VALUES (469, 292, 'Atorvastatin', '250mg', 14);
INSERT INTO prescriptions (id, encounter_id, drug, dosage, days_supply) VALUES (470, 292, 'Atorvastatin', '100mg', 14);
INSERT INTO prescriptions (id, encounter_id, drug, dosage, days_supply) VALUES (471, 294, 'Ibuprofen', '100mg', 7);
INSERT INTO prescriptions (id, encounter_id, drug, dosage, days_supply) VALUES (472, 295, 'Ibuprofen', '250mg', 30);
INSERT INTO prescriptions (id, encounter_id, drug, dosage, days_supply) VALUES (473, 295, 'Atorvastatin', '100mg', 7);
INSERT INTO prescriptions (id, encounter_id, drug, dosage, days_supply) VALUES (474, 298, 'Ibuprofen', '100mg', 7);
INSERT INTO prescriptions (id, encounter_id, drug, dosage, days_supply) VALUES (475, 298, 'Atorvastatin', '50mg', 14);
INSERT INTO prescriptions (id, encounter_id, drug, dosage, days_supply) VALUES (476, 298, 'Ibuprofen', '100mg', 30);
INSERT INTO prescriptions (id, encounter_id, drug, dosage, days_supply) VALUES (477, 299, 'Lisinopril', '100mg', 30);
INSERT INTO prescriptions (id, encounter_id, drug, dosage, days_supply) VALUES (478, 300, 'Lisinopril', '500mg', 14);
COMMIT;
