-- iot seed data. Load after schema.sql.
BEGIN;
INSERT INTO sites (id, name, city, country) VALUES (1, 'Site 1', 'Berlin', 'JP');
INSERT INTO sites (id, name, city, country) VALUES (2, 'Site 2', 'London', 'GB');
INSERT INTO sites (id, name, city, country) VALUES (3, 'Site 3', 'Austin', 'US');
INSERT INTO sites (id, name, city, country) VALUES (4, 'Site 4', 'São Paulo', 'SE');
INSERT INTO sites (id, name, city, country) VALUES (5, 'Site 5', 'São Paulo', 'DE');
INSERT INTO sites (id, name, city, country) VALUES (6, 'Site 6', 'Berlin', 'SE');
INSERT INTO devices (id, site_id, model, firmware, installed_at) VALUES (1, 4, 'DX-100', '3.9.7', '2023-02-12 02:37:00+0000');
INSERT INTO devices (id, site_id, model, firmware, installed_at) VALUES (2, 6, 'EdgeNode', '4.2.2', '2023-06-09 23:08:00+0000');
INSERT INTO devices (id, site_id, model, firmware, installed_at) VALUES (3, 5, 'GatewayV3', '4.4.1', '2024-01-09 13:10:00+0000');
INSERT INTO devices (id, site_id, model, firmware, installed_at) VALUES (4, 3, 'EdgeNode', '2.6.4', '2023-05-11 15:27:00+0000');
INSERT INTO devices (id, site_id, model, firmware, installed_at) VALUES (5, 6, 'DX-200', '1.8.9', '2023-09-23 13:44:00+0000');
INSERT INTO devices (id, site_id, model, firmware, installed_at) VALUES (6, 2, 'EdgeNode', '2.8.8', '2023-04-07 08:06:00+0000');
INSERT INTO devices (id, site_id, model, firmware, installed_at) VALUES (7, 1, 'GatewayV3', '2.7.6', '2023-08-01 16:58:00+0000');
INSERT INTO devices (id, site_id, model, firmware, installed_at) VALUES (8, 5, 'GatewayV3', '4.9.9', '2023-01-25 05:02:00+0000');
INSERT INTO devices (id, site_id, model, firmware, installed_at) VALUES (9, 6, 'EdgeNode', '3.7.6', '2023-01-22 03:59:00+0000');
INSERT INTO devices (id, site_id, model, firmware, installed_at) VALUES (10, 6, 'DX-100', '1.0.2', '2023-07-10 02:05:00+0000');
INSERT INTO devices (id, site_id, model, firmware, installed_at) VALUES (11, 2, 'DX-100', '2.9.1', '2023-07-29 09:47:00+0000');
INSERT INTO devices (id, site_id, model, firmware, installed_at) VALUES (12, 6, 'DX-200', '3.4.5', '2023-10-27 15:19:00+0000');
INSERT INTO devices (id, site_id, model, firmware, installed_at) VALUES (13, 6, 'GatewayV3', '4.6.8', '2023-09-24 02:57:00+0000');
INSERT INTO devices (id, site_id, model, firmware, installed_at) VALUES (14, 3, 'DX-100', '2.9.8', '2024-01-30 23:33:00+0000');
INSERT INTO devices (id, site_id, model, firmware, installed_at) VALUES (15, 5, 'EdgeNode', '3.8.8', '2023-11-24 23:19:00+0000');
INSERT INTO devices (id, site_id, model, firmware, installed_at) VALUES (16, 6, 'GatewayV3', '3.2.9', '2023-06-07 00:24:00+0000');
INSERT INTO devices (id, site_id, model, firmware, installed_at) VALUES (17, 1, 'DX-100', '4.5.2', '2023-01-28 10:16:00+0000');
INSERT INTO devices (id, site_id, model, firmware, installed_at) VALUES (18, 1, 'GatewayV3', '3.9.6', '2024-02-02 15:55:00+0000');
INSERT INTO devices (id, site_id, model, firmware, installed_at) VALUES (19, 1, 'DX-200', '1.9.4', '2023-04-01 11:07:00+0000');
INSERT INTO devices (id, site_id, model, firmware, installed_at) VALUES (20, 4, 'DX-200', '1.5.4', '2023-03-01 01:02:00+0000');
INSERT INTO devices (id, site_id, model, firmware, installed_at) VALUES (21, 1, 'EdgeNode', '2.6.9', '2023-11-23 08:28:00+0000');
INSERT INTO devices (id, site_id, model, firmware, installed_at) VALUES (22, 3, 'GatewayV3', '3.8.0', '2023-10-28 21:00:00+0000');
INSERT INTO devices (id, site_id, model, firmware, installed_at) VALUES (23, 5, 'DX-100', '1.0.1', '2023-12-09 14:50:00+0000');
INSERT INTO devices (id, site_id, model, firmware, installed_at) VALUES (24, 5, 'EdgeNode', '3.0.9', '2023-04-06 09:56:00+0000');
INSERT INTO devices (id, site_id, model, firmware, installed_at) VALUES (25, 4, 'DX-100', '2.8.1', '2023-11-28 15:11:00+0000');
INSERT INTO devices (id, site_id, model, firmware, installed_at) VALUES (26, 6, 'GatewayV3', '4.2.5', '2023-10-11 04:13:00+0000');
INSERT INTO devices (id, site_id, model, firmware, installed_at) VALUES (27, 1, 'DX-200', '4.3.6', '2024-01-20 20:32:00+0000');
INSERT INTO devices (id, site_id, model, firmware, installed_at) VALUES (28, 6, 'DX-200', '3.7.8', '2023-11-12 02:18:00+0000');
INSERT INTO devices (id, site_id, model, firmware, installed_at) VALUES (29, 6, 'DX-200', '1.0.2', '2023-07-08 07:07:00+0000');
INSERT INTO devices (id, site_id, model, firmware, installed_at) VALUES (30, 1, 'EdgeNode', '2.4.1', '2024-01-24 03:50:00+0000');
INSERT INTO devices (id, site_id, model, firmware, installed_at) VALUES (31, 3, 'DX-100', '1.2.0', '2023-03-01 15:43:00+0000');
INSERT INTO devices (id, site_id, model, firmware, installed_at) VALUES (32, 4, 'DX-100', '4.3.8', '2023-06-02 16:08:00+0000');
INSERT INTO devices (id, site_id, model, firmware, installed_at) VALUES (33, 3, 'DX-200', '4.7.8', '2023-11-13 05:31:00+0000');
INSERT INTO devices (id, site_id, model, firmware, installed_at) VALUES (34, 6, 'DX-100', '2.6.1', '2023-05-24 09:43:00+0000');
INSERT INTO devices (id, site_id, model, firmware, installed_at) VALUES (35, 6, 'DX-100', '1.9.8', '2023-05-09 10:39:00+0000');
INSERT INTO devices (id, site_id, model, firmware, installed_at) VALUES (36, 2, 'DX-200', '1.7.6', '2023-10-03 20:08:00+0000');
INSERT INTO devices (id, site_id, model, firmware, installed_at) VALUES (37, 2, 'EdgeNode', '1.1.1', '2023-11-19 22:21:00+0000');
INSERT INTO devices (id, site_id, model, firmware, installed_at) VALUES (38, 1, 'DX-100', '2.7.9', '2023-11-30 18:59:00+0000');
INSERT INTO devices (id, site_id, model, firmware, installed_at) VALUES (39, 6, 'GatewayV3', '3.8.2', '2023-12-22 12:50:00+0000');
INSERT INTO devices (id, site_id, model, firmware, installed_at) VALUES (40, 3, 'GatewayV3', '3.1.4', '2023-11-26 17:15:00+0000');
INSERT INTO sensors (id, device_id, metric, unit) VALUES (1, 1, 'co2', 'ppm');
INSERT INTO sensors (id, device_id, metric, unit) VALUES (2, 1, 'temperature', 'C');
INSERT INTO sensors (id, device_id, metric, unit) VALUES (3, 2, 'co2', 'ppm');
INSERT INTO sensors (id, device_id, metric, unit) VALUES (4, 2, 'voltage', 'V');
INSERT INTO sensors (id, device_id, metric, unit) VALUES (5, 3, 'co2', 'ppm');
INSERT INTO sensors (id, device_id, metric, unit) VALUES (6, 3, 'temperature', 'C');
INSERT INTO sensors (id, device_id, metric, unit) VALUES (7, 4, 'voltage', 'V');
INSERT INTO sensors (id, device_id, metric, unit) VALUES (8, 5, 'pressure', 'hPa');
INSERT INTO sensors (id, device_id, metric, unit) VALUES (9, 5, 'humidity', '%');
INSERT INTO sensors (id, device_id, metric, unit) VALUES (10, 5, 'pressure', 'hPa');
INSERT INTO sensors (id, device_id, metric, unit) VALUES (11, 6, 'voltage', 'V');
INSERT INTO sensors (id, device_id, metric, unit) VALUES (12, 6, 'temperature', 'C');
INSERT INTO sensors (id, device_id, metric, unit) VALUES (13, 6, 'voltage', 'V');
INSERT INTO sensors (id, device_id, metric, unit) VALUES (14, 7, 'temperature', 'C');
INSERT INTO sensors (id, device_id, metric, unit) VALUES (15, 7, 'temperature', 'C');
INSERT INTO sensors (id, device_id, metric, unit) VALUES (16, 7, 'temperature', 'C');
INSERT INTO sensors (id, device_id, metric, unit) VALUES (17, 8, 'humidity', '%');
INSERT INTO sensors (id, device_id, metric, unit) VALUES (18, 8, 'pressure', 'hPa');
INSERT INTO sensors (id, device_id, metric, unit) VALUES (19, 9, 'humidity', '%');
INSERT INTO sensors (id, device_id, metric, unit) VALUES (20, 9, 'humidity', '%');
INSERT INTO sensors (id, device_id, metric, unit) VALUES (21, 10, 'co2', 'ppm');
INSERT INTO sensors (id, device_id, metric, unit) VALUES (22, 11, 'co2', 'ppm');
INSERT INTO sensors (id, device_id, metric, unit) VALUES (23, 12, 'humidity', '%');
INSERT INTO sensors (id, device_id, metric, unit) VALUES (24, 12, 'voltage', 'V');
INSERT INTO sensors (id, device_id, metric, unit) VALUES (25, 13, 'co2', 'ppm');
INSERT INTO sensors (id, device_id, metric, unit) VALUES (26, 13, 'humidity', '%');
INSERT INTO sensors (id, device_id, metric, unit) VALUES (27, 14, 'temperature', 'C');
INSERT INTO sensors (id, device_id, metric, unit) VALUES (28, 14, 'humidity', '%');
INSERT INTO sensors (id, device_id, metric, unit) VALUES (29, 15, 'temperature', 'C');
INSERT INTO sensors (id, device_id, metric, unit) VALUES (30, 15, 'temperature', 'C');
INSERT INTO sensors (id, device_id, metric, unit) VALUES (31, 15, 'pressure', 'hPa');
INSERT INTO sensors (id, device_id, metric, unit) VALUES (32, 16, 'temperature', 'C');
INSERT INTO sensors (id, device_id, metric, unit) VALUES (33, 17, 'temperature', 'C');
INSERT INTO sensors (id, device_id, metric, unit) VALUES (34, 17, 'co2', 'ppm');
INSERT INTO sensors (id, device_id, metric, unit) VALUES (35, 17, 'humidity', '%');
INSERT INTO sensors (id, device_id, metric, unit) VALUES (36, 18, 'temperature', 'C');
INSERT INTO sensors (id, device_id, metric, unit) VALUES (37, 19, 'temperature', 'C');
INSERT INTO sensors (id, device_id, metric, unit) VALUES (38, 20, 'voltage', 'V');
INSERT INTO sensors (id, device_id, metric, unit) VALUES (39, 21, 'voltage', 'V');
INSERT INTO sensors (id, device_id, metric, unit) VALUES (40, 21, 'voltage', 'V');
INSERT INTO sensors (id, device_id, metric, unit) VALUES (41, 22, 'voltage', 'V');
INSERT INTO sensors (id, device_id, metric, unit) VALUES (42, 23, 'humidity', '%');
INSERT INTO sensors (id, device_id, metric, unit) VALUES (43, 23, 'pressure', 'hPa');
INSERT INTO sensors (id, device_id, metric, unit) VALUES (44, 23, 'temperature', 'C');
INSERT INTO sensors (id, device_id, metric, unit) VALUES (45, 24, 'voltage', 'V');
INSERT INTO sensors (id, device_id, metric, unit) VALUES (46, 25, 'co2', 'ppm');
INSERT INTO sensors (id, device_id, metric, unit) VALUES (47, 25, 'pressure', 'hPa');
INSERT INTO sensors (id, device_id, metric, unit) VALUES (48, 25, 'humidity', '%');
INSERT INTO sensors (id, device_id, metric, unit) VALUES (49, 26, 'humidity', '%');
INSERT INTO sensors (id, device_id, metric, unit) VALUES (50, 26, 'pressure', 'hPa');
INSERT INTO sensors (id, device_id, metric, unit) VALUES (51, 26, 'voltage', 'V');
INSERT INTO sensors (id, device_id, metric, unit) VALUES (52, 27, 'voltage', 'V');
INSERT INTO sensors (id, device_id, metric, unit) VALUES (53, 27, 'co2', 'ppm');
INSERT INTO sensors (id, device_id, metric, unit) VALUES (54, 28, 'voltage', 'V');
INSERT INTO sensors (id, device_id, metric, unit) VALUES (55, 28, 'temperature', 'C');
INSERT INTO sensors (id, device_id, metric, unit) VALUES (56, 29, 'pressure', 'hPa');
INSERT INTO sensors (id, device_id, metric, unit) VALUES (57, 29, 'voltage', 'V');
INSERT INTO sensors (id, device_id, metric, unit) VALUES (58, 30, 'voltage', 'V');
INSERT INTO sensors (id, device_id, metric, unit) VALUES (59, 30, 'voltage', 'V');
INSERT INTO sensors (id, device_id, metric, unit) VALUES (60, 31, 'pressure', 'hPa');
INSERT INTO sensors (id, device_id, metric, unit) VALUES (61, 32, 'pressure', 'hPa');
INSERT INTO sensors (id, device_id, metric, unit) VALUES (62, 32, 'humidity', '%');
INSERT INTO sensors (id, device_id, metric, unit) VALUES (63, 32, 'co2', 'ppm');
INSERT INTO sensors (id, device_id, metric, unit) VALUES (64, 33, 'temperature', 'C');
INSERT INTO sensors (id, device_id, metric, unit) VALUES (65, 33, 'pressure', 'hPa');
INSERT INTO sensors (id, device_id, metric, unit) VALUES (66, 34, 'co2', 'ppm');
INSERT INTO sensors (id, device_id, metric, unit) VALUES (67, 35, 'co2', 'ppm');
INSERT INTO sensors (id, device_id, metric, unit) VALUES (68, 35, 'pressure', 'hPa');
INSERT INTO sensors (id, device_id, metric, unit) VALUES (69, 36, 'co2', 'ppm');
INSERT INTO sensors (id, device_id, metric, unit) VALUES (70, 36, 'pressure', 'hPa');
INSERT INTO sensors (id, device_id, metric, unit) VALUES (71, 37, 'pressure', 'hPa');
INSERT INTO sensors (id, device_id, metric, unit) VALUES (72, 37, 'voltage', 'V');
INSERT INTO sensors (id, device_id, metric, unit) VALUES (73, 38, 'voltage', 'V');
INSERT INTO sensors (id, device_id, metric, unit) VALUES (74, 38, 'pressure', 'hPa');
INSERT INTO sensors (id, device_id, metric, unit) VALUES (75, 39, 'humidity', '%');
INSERT INTO sensors (id, device_id, metric, unit) VALUES (76, 39, 'temperature', 'C');
INSERT INTO sensors (id, device_id, metric, unit) VALUES (77, 40, 'voltage', 'V');
INSERT INTO sensors (id, device_id, metric, unit) VALUES (78, 40, 'voltage', 'V');
INSERT INTO sensors (id, device_id, metric, unit) VALUES (79, 40, 'temperature', 'C');
INSERT INTO readings (id, sensor_id, ts, value) VALUES (1, 1, '2023-01-09 08:22:00+0000', 11.4168);
INSERT INTO readings (id, sensor_id, ts, value) VALUES (2, 1, '2023-01-30 06:44:00+0000', 46.5106);
INSERT INTO readings (id, sensor_id, ts, value) VALUES (3, 2, '2023-01-25 22:03:00+0000', 29.0329);
INSERT INTO readings (id, sensor_id, ts, value) VALUES (4, 2, '2023-01-30 16:46:00+0000', 59.6711);
INSERT INTO readings (id, sensor_id, ts, value) VALUES (5, 3, '2023-01-29 21:57:00+0000', 10.7075);
INSERT INTO readings (id, sensor_id, ts, value) VALUES (6, 3, '2023-01-09 23:00:00+0000', 48.2157);
INSERT INTO readings (id, sensor_id, ts, value) VALUES (7, 3, '2023-01-09 22:02:00+0000', 95.0649);
INSERT INTO readings (id, sensor_id, ts, value) VALUES (8, 3, '2023-01-30 09:43:00+0000', 85.825);
INSERT INTO readings (id, sensor_id, ts, value) VALUES (9, 3, '2023-01-10 05:59:00+0000', 51.4091);
INSERT INTO readings (id, sensor_id, ts, value) VALUES (10, 4, '2023-01-29 04:46:00+0000', 49.3992);
INSERT INTO readings (id, sensor_id, ts, value) VALUES (11, 4, '2023-01-16 22:37:00+0000', 27.7574);
INSERT INTO readings (id, sensor_id, ts, value) VALUES (12, 4, '2023-01-19 23:37:00+0000', 41.65);
INSERT INTO readings (id, sensor_id, ts, value) VALUES (13, 5, '2023-01-30 03:52:00+0000', 4.5742);
INSERT INTO readings (id, sensor_id, ts, value) VALUES (14, 5, '2023-01-21 09:01:00+0000', 27.7595);
INSERT INTO readings (id, sensor_id, ts, value) VALUES (15, 5, '2023-01-04 13:23:00+0000', 6.8539);
INSERT INTO readings (id, sensor_id, ts, value) VALUES (16, 6, '2023-01-28 12:40:00+0000', 60.415);
INSERT INTO readings (id, sensor_id, ts, value) VALUES (17, 6, '2023-01-13 22:59:00+0000', 36.7946);
INSERT INTO readings (id, sensor_id, ts, value) VALUES (18, 6, '2023-01-15 08:11:00+0000', 93.0493);
INSERT INTO readings (id, sensor_id, ts, value) VALUES (19, 6, '2023-01-12 04:45:00+0000', 94.2145);
INSERT INTO readings (id, sensor_id, ts, value) VALUES (20, 6, '2023-01-12 04:46:00+0000', 26.3286);
INSERT INTO readings (id, sensor_id, ts, value) VALUES (21, 7, '2023-01-05 05:53:00+0000', 51.4051);
INSERT INTO readings (id, sensor_id, ts, value) VALUES (22, 7, '2023-01-31 03:19:00+0000', 83.1111);
INSERT INTO readings (id, sensor_id, ts, value) VALUES (23, 7, '2023-01-12 20:04:00+0000', 20.9633);
INSERT INTO readings (id, sensor_id, ts, value) VALUES (24, 7, '2023-01-06 04:45:00+0000', 10.6985);
INSERT INTO readings (id, sensor_id, ts, value) VALUES (25, 7, '2023-01-15 17:29:00+0000', 31.2809);
INSERT INTO readings (id, sensor_id, ts, value) VALUES (26, 7, '2023-01-24 14:02:00+0000', 5.289);
INSERT INTO readings (id, sensor_id, ts, value) VALUES (27, 8, '2023-01-09 05:09:00+0000', 96.5576);
INSERT INTO readings (id, sensor_id, ts, value) VALUES (28, 8, '2023-01-15 03:10:00+0000', 10.2175);
INSERT INTO readings (id, sensor_id, ts, value) VALUES (29, 8, '2023-01-02 21:48:00+0000', 4.949);
INSERT INTO readings (id, sensor_id, ts, value) VALUES (30, 8, '2023-01-05 14:14:00+0000', 91.4514);
INSERT INTO readings (id, sensor_id, ts, value) VALUES (31, 9, '2023-01-01 14:44:00+0000', 48.9746);
INSERT INTO readings (id, sensor_id, ts, value) VALUES (32, 9, '2023-01-09 06:44:00+0000', 3.14);
INSERT INTO readings (id, sensor_id, ts, value) VALUES (33, 9, '2023-01-19 20:49:00+0000', 58.8982);
INSERT INTO readings (id, sensor_id, ts, value) VALUES (34, 9, '2023-01-05 21:27:00+0000', 56.726);
INSERT INTO readings (id, sensor_id, ts, value) VALUES (35, 9, '2023-01-14 16:25:00+0000', 8.2436);
INSERT INTO readings (id, sensor_id, ts, value) VALUES (36, 9, '2023-01-08 19:27:00+0000', 47.1341);
INSERT INTO readings (id, sensor_id, ts, value) VALUES (37, 10, '2023-01-03 08:16:00+0000', 44.1196);
INSERT INTO readings (id, sensor_id, ts, value) VALUES (38, 10, '2023-01-02 20:38:00+0000', 71.0125);
INSERT INTO readings (id, sensor_id, ts, value) VALUES (39, 11, '2023-01-19 20:32:00+0000', 59.8671);
INSERT INTO readings (id, sensor_id, ts, value) VALUES (40, 11, '2023-01-11 05:30:00+0000', 17.6338);
INSERT INTO readings (id, sensor_id, ts, value) VALUES (41, 12, '2023-01-08 04:02:00+0000', 85.4503);
INSERT INTO readings (id, sensor_id, ts, value) VALUES (42, 12, '2023-01-06 13:08:00+0000', 22.8778);
INSERT INTO readings (id, sensor_id, ts, value) VALUES (43, 12, '2023-01-11 08:44:00+0000', 3.7486);
INSERT INTO readings (id, sensor_id, ts, value) VALUES (44, 12, '2023-01-17 05:09:00+0000', 83.014);
INSERT INTO readings (id, sensor_id, ts, value) VALUES (45, 12, '2023-01-19 07:20:00+0000', 0.1393);
INSERT INTO readings (id, sensor_id, ts, value) VALUES (46, 13, '2023-01-01 02:38:00+0000', 87.3584);
INSERT INTO readings (id, sensor_id, ts, value) VALUES (47, 13, '2023-01-13 08:54:00+0000', 71.5091);
INSERT INTO readings (id, sensor_id, ts, value) VALUES (48, 13, '2023-01-13 08:58:00+0000', 77.0957);
INSERT INTO readings (id, sensor_id, ts, value) VALUES (49, 14, '2023-01-01 15:16:00+0000', 83.6062);
INSERT INTO readings (id, sensor_id, ts, value) VALUES (50, 14, '2023-01-01 22:11:00+0000', 1.758);
INSERT INTO readings (id, sensor_id, ts, value) VALUES (51, 14, '2023-01-11 07:03:00+0000', 31.8237);
INSERT INTO readings (id, sensor_id, ts, value) VALUES (52, 14, '2023-01-28 13:12:00+0000', 29.8125);
INSERT INTO readings (id, sensor_id, ts, value) VALUES (53, 14, '2023-01-01 08:19:00+0000', 80.6273);
INSERT INTO readings (id, sensor_id, ts, value) VALUES (54, 15, '2023-01-13 15:32:00+0000', 67.1879);
INSERT INTO readings (id, sensor_id, ts, value) VALUES (55, 15, '2023-01-15 08:35:00+0000', 92.6912);
INSERT INTO readings (id, sensor_id, ts, value) VALUES (56, 15, '2023-01-29 03:37:00+0000', 11.0548);
INSERT INTO readings (id, sensor_id, ts, value) VALUES (57, 15, '2023-01-22 09:27:00+0000', 90.1097);
INSERT INTO readings (id, sensor_id, ts, value) VALUES (58, 15, '2023-01-28 21:39:00+0000', 94.1219);
INSERT INTO readings (id, sensor_id, ts, value) VALUES (59, 15, '2023-01-28 05:30:00+0000', 84.9915);
INSERT INTO readings (id, sensor_id, ts, value) VALUES (60, 16, '2023-01-30 20:54:00+0000', 79.8753);
INSERT INTO readings (id, sensor_id, ts, value) VALUES (61, 16, '2023-01-31 15:45:00+0000', 98.9623);
INSERT INTO readings (id, sensor_id, ts, value) VALUES (62, 17, '2023-01-14 13:48:00+0000', 7.4963);
INSERT INTO readings (id, sensor_id, ts, value) VALUES (63, 17, '2023-01-06 18:44:00+0000', 15.6142);
INSERT INTO readings (id, sensor_id, ts, value) VALUES (64, 17, '2023-01-26 10:35:00+0000', 24.8318);
INSERT INTO readings (id, sensor_id, ts, value) VALUES (65, 17, '2023-01-03 09:27:00+0000', 13.4218);
INSERT INTO readings (id, sensor_id, ts, value) VALUES (66, 17, '2023-01-14 17:30:00+0000', 59.6892);
INSERT INTO readings (id, sensor_id, ts, value) VALUES (67, 18, '2023-01-31 17:31:00+0000', 96.7687);
INSERT INTO readings (id, sensor_id, ts, value) VALUES (68, 18, '2023-01-17 06:29:00+0000', 88.9706);
INSERT INTO readings (id, sensor_id, ts, value) VALUES (69, 18, '2023-01-11 14:14:00+0000', 2.9062);
INSERT INTO readings (id, sensor_id, ts, value) VALUES (70, 19, '2023-01-17 17:42:00+0000', 98.2185);
INSERT INTO readings (id, sensor_id, ts, value) VALUES (71, 19, '2023-01-11 11:40:00+0000', 89.5396);
INSERT INTO readings (id, sensor_id, ts, value) VALUES (72, 20, '2023-01-27 22:43:00+0000', 58.3675);
INSERT INTO readings (id, sensor_id, ts, value) VALUES (73, 20, '2023-01-29 13:29:00+0000', 28.3596);
INSERT INTO readings (id, sensor_id, ts, value) VALUES (74, 20, '2023-01-22 22:29:00+0000', 94.0723);
INSERT INTO readings (id, sensor_id, ts, value) VALUES (75, 20, '2023-01-28 20:52:00+0000', 61.4916);
INSERT INTO readings (id, sensor_id, ts, value) VALUES (76, 20, '2023-01-08 15:47:00+0000', 71.679);
INSERT INTO readings (id, sensor_id, ts, value) VALUES (77, 21, '2023-01-27 15:46:00+0000', 97.0941);
INSERT INTO readings (id, sensor_id, ts, value) VALUES (78, 21, '2023-01-02 23:26:00+0000', 25.4062);
INSERT INTO readings (id, sensor_id, ts, value) VALUES (79, 21, '2023-01-05 12:28:00+0000', 36.9919);
INSERT INTO readings (id, sensor_id, ts, value) VALUES (80, 21, '2023-01-28 17:18:00+0000', 67.6078);
INSERT INTO readings (id, sensor_id, ts, value) VALUES (81, 21, '2023-01-18 09:33:00+0000', 70.9296);
INSERT INTO readings (id, sensor_id, ts, value) VALUES (82, 21, '2023-01-13 13:45:00+0000', 70.0605);
INSERT INTO readings (id, sensor_id, ts, value) VALUES (83, 22, '2023-01-04 01:43:00+0000', 98.5672);
INSERT INTO readings (id, sensor_id, ts, value) VALUES (84, 22, '2023-01-22 07:41:00+0000', 45.2448);
INSERT INTO readings (id, sensor_id, ts, value) VALUES (85, 23, '2023-01-28 05:38:00+0000', 27.5699);
INSERT INTO readings (id, sensor_id, ts, value) VALUES (86, 23, '2023-01-29 13:34:00+0000', 40.8641);
INSERT INTO readings (id, sensor_id, ts, value) VALUES (87, 23, '2023-01-25 09:03:00+0000', 59.8978);
INSERT INTO readings (id, sensor_id, ts, value) VALUES (88, 23, '2023-01-11 23:45:00+0000', 16.8322);
INSERT INTO readings (id, sensor_id, ts, value) VALUES (89, 24, '2023-01-30 06:49:00+0000', 31.95);
INSERT INTO readings (id, sensor_id, ts, value) VALUES (90, 24, '2023-01-28 21:13:00+0000', 95.0356);
INSERT INTO readings (id, sensor_id, ts, value) VALUES (91, 24, '2023-01-28 11:17:00+0000', 29.8978);
INSERT INTO readings (id, sensor_id, ts, value) VALUES (92, 24, '2023-01-19 18:32:00+0000', 30.0601);
INSERT INTO readings (id, sensor_id, ts, value) VALUES (93, 24, '2023-01-15 06:30:00+0000', 17.8781);
INSERT INTO readings (id, sensor_id, ts, value) VALUES (94, 25, '2023-01-25 14:30:00+0000', 5.0664);
INSERT INTO readings (id, sensor_id, ts, value) VALUES (95, 25, '2023-01-23 22:15:00+0000', 93.1138);
INSERT INTO readings (id, sensor_id, ts, value) VALUES (96, 25, '2023-01-25 21:24:00+0000', 1.0695);
INSERT INTO readings (id, sensor_id, ts, value) VALUES (97, 25, '2023-01-21 12:28:00+0000', 14.5452);
INSERT INTO readings (id, sensor_id, ts, value) VALUES (98, 25, '2023-01-27 12:44:00+0000', 27.8491);
INSERT INTO readings (id, sensor_id, ts, value) VALUES (99, 25, '2023-01-28 04:49:00+0000', 78.7294);
INSERT INTO readings (id, sensor_id, ts, value) VALUES (100, 26, '2023-01-19 03:04:00+0000', 44.1879);
INSERT INTO readings (id, sensor_id, ts, value) VALUES (101, 26, '2023-01-10 01:00:00+0000', 24.3659);
INSERT INTO readings (id, sensor_id, ts, value) VALUES (102, 26, '2023-01-03 11:48:00+0000', 6.0859);
INSERT INTO readings (id, sensor_id, ts, value) VALUES (103, 26, '2023-01-23 15:56:00+0000', 97.8561);
INSERT INTO readings (id, sensor_id, ts, value) VALUES (104, 26, '2023-01-19 04:40:00+0000', 72.6128);
INSERT INTO readings (id, sensor_id, ts, value) VALUES (105, 26, '2023-01-14 15:54:00+0000', 79.6344);
INSERT INTO readings (id, sensor_id, ts, value) VALUES (106, 27, '2023-01-31 00:52:00+0000', 38.6308);
INSERT INTO readings (id, sensor_id, ts, value) VALUES (107, 27, '2023-01-03 20:14:00+0000', 85.5711);
INSERT INTO readings (id, sensor_id, ts, value) VALUES (108, 27, '2023-01-11 06:38:00+0000', 5.7757);
INSERT INTO readings (id, sensor_id, ts, value) VALUES (109, 27, '2023-01-27 17:04:00+0000', 36.7653);
INSERT INTO readings (id, sensor_id, ts, value) VALUES (110, 27, '2023-01-06 09:43:00+0000', 92.7865);
INSERT INTO readings (id, sensor_id, ts, value) VALUES (111, 27, '2023-01-06 17:23:00+0000', 83.6652);
INSERT INTO readings (id, sensor_id, ts, value) VALUES (112, 28, '2023-01-08 18:04:00+0000', 33.6421);
INSERT INTO readings (id, sensor_id, ts, value) VALUES (113, 28, '2023-01-28 17:06:00+0000', 32.3652);
INSERT INTO readings (id, sensor_id, ts, value) VALUES (114, 28, '2023-01-11 05:32:00+0000', 31.9691);
INSERT INTO readings (id, sensor_id, ts, value) VALUES (115, 28, '2023-01-05 09:39:00+0000', 72.6094);
INSERT INTO readings (id, sensor_id, ts, value) VALUES (116, 28, '2023-01-26 17:57:00+0000', 24.0313);
INSERT INTO readings (id, sensor_id, ts, value) VALUES (117, 28, '2023-01-04 21:41:00+0000', 11.7866);
INSERT INTO readings (id, sensor_id, ts, value) VALUES (118, 29, '2023-01-29 14:59:00+0000', 96.1459);
INSERT INTO readings (id, sensor_id, ts, value) VALUES (119, 29, '2023-01-08 16:30:00+0000', 69.141);
INSERT INTO readings (id, sensor_id, ts, value) VALUES (120, 29, '2023-01-21 20:49:00+0000', 27.5639);
INSERT INTO readings (id, sensor_id, ts, value) VALUES (121, 29, '2023-01-11 13:13:00+0000', 55.1091);
INSERT INTO readings (id, sensor_id, ts, value) VALUES (122, 29, '2023-01-08 03:10:00+0000', 41.5735);
INSERT INTO readings (id, sensor_id, ts, value) VALUES (123, 30, '2023-01-02 06:51:00+0000', 91.6541);
INSERT INTO readings (id, sensor_id, ts, value) VALUES (124, 30, '2023-01-05 03:40:00+0000', 82.187);
INSERT INTO readings (id, sensor_id, ts, value) VALUES (125, 30, '2023-01-18 09:21:00+0000', 24.724);
INSERT INTO readings (id, sensor_id, ts, value) VALUES (126, 30, '2023-01-25 19:41:00+0000', 94.4072);
INSERT INTO readings (id, sensor_id, ts, value) VALUES (127, 31, '2023-01-25 07:04:00+0000', 61.1482);
INSERT INTO readings (id, sensor_id, ts, value) VALUES (128, 31, '2023-01-11 01:58:00+0000', 16.5553);
INSERT INTO readings (id, sensor_id, ts, value) VALUES (129, 31, '2023-01-09 13:20:00+0000', 26.7323);
INSERT INTO readings (id, sensor_id, ts, value) VALUES (130, 31, '2023-01-14 13:11:00+0000', 82.1723);
INSERT INTO readings (id, sensor_id, ts, value) VALUES (131, 32, '2023-01-26 03:18:00+0000', 92.5953);
INSERT INTO readings (id, sensor_id, ts, value) VALUES (132, 32, '2023-01-16 18:25:00+0000', 11.8804);
INSERT INTO readings (id, sensor_id, ts, value) VALUES (133, 32, '2023-01-17 16:38:00+0000', 86.9007);
INSERT INTO readings (id, sensor_id, ts, value) VALUES (134, 32, '2023-01-12 14:44:00+0000', 41.7187);
INSERT INTO readings (id, sensor_id, ts, value) VALUES (135, 32, '2023-01-20 00:38:00+0000', 80.5233);
INSERT INTO readings (id, sensor_id, ts, value) VALUES (136, 32, '2023-01-12 03:27:00+0000', 35.6149);
INSERT INTO readings (id, sensor_id, ts, value) VALUES (137, 33, '2023-01-05 06:38:00+0000', 82.236);
INSERT INTO readings (id, sensor_id, ts, value) VALUES (138, 33, '2023-01-21 08:19:00+0000', 13.5599);
INSERT INTO readings (id, sensor_id, ts, value) VALUES (139, 33, '2023-01-13 06:26:00+0000', 71.5356);
INSERT INTO readings (id, sensor_id, ts, value) VALUES (140, 34, '2023-01-22 12:32:00+0000', 67.8134);
INSERT INTO readings (id, sensor_id, ts, value) VALUES (141, 34, '2023-01-12 01:30:00+0000', 59.3561);
INSERT INTO readings (id, sensor_id, ts, value) VALUES (142, 34, '2023-01-28 02:27:00+0000', 86.586);
INSERT INTO readings (id, sensor_id, ts, value) VALUES (143, 34, '2023-01-20 21:50:00+0000', 47.8537);
INSERT INTO readings (id, sensor_id, ts, value) VALUES (144, 34, '2023-01-03 02:45:00+0000', 17.2144);
INSERT INTO readings (id, sensor_id, ts, value) VALUES (145, 34, '2023-01-04 14:21:00+0000', 42.3287);
INSERT INTO readings (id, sensor_id, ts, value) VALUES (146, 35, '2023-01-05 03:25:00+0000', 47.6323);
INSERT INTO readings (id, sensor_id, ts, value) VALUES (147, 35, '2023-01-28 20:51:00+0000', 99.0931);
INSERT INTO readings (id, sensor_id, ts, value) VALUES (148, 35, '2023-01-26 09:47:00+0000', 69.238);
INSERT INTO readings (id, sensor_id, ts, value) VALUES (149, 35, '2023-01-08 19:52:00+0000', 31.86);
INSERT INTO readings (id, sensor_id, ts, value) VALUES (150, 35, '2023-01-02 10:51:00+0000', 91.1011);
INSERT INTO readings (id, sensor_id, ts, value) VALUES (151, 36, '2023-01-12 21:01:00+0000', 16.9051);
INSERT INTO readings (id, sensor_id, ts, value) VALUES (152, 36, '2023-01-21 07:55:00+0000', 87.6597);
INSERT INTO readings (id, sensor_id, ts, value) VALUES (153, 36, '2023-01-03 23:45:00+0000', 92.2278);
INSERT INTO readings (id, sensor_id, ts, value) VALUES (154, 37, '2023-01-15 03:09:00+0000', 46.8382);
INSERT INTO readings (id, sensor_id, ts, value) VALUES (155, 37, '2023-01-11 02:56:00+0000', 11.5325);
INSERT INTO readings (id, sensor_id, ts, value) VALUES (156, 38, '2023-01-05 10:22:00+0000', 34.1448);
INSERT INTO readings (id, sensor_id, ts, value) VALUES (157, 38, '2023-01-06 01:58:00+0000', 71.725);
INSERT INTO readings (id, sensor_id, ts, value) VALUES (158, 39, '2023-01-18 10:55:00+0000', 0.5251);
INSERT INTO readings (id, sensor_id, ts, value) VALUES (159, 39, '2023-01-21 21:47:00+0000', 60.2296);
INSERT INTO readings (id, sensor_id, ts, value) VALUES (160, 39, '2023-01-17 08:43:00+0000', 29.649);
INSERT INTO readings (id, sensor_id, ts, value) VALUES (161, 40, '2023-01-24 22:10:00+0000', 34.5114);
INSERT INTO readings (id, sensor_id, ts, value) VALUES (162, 40, '2023-01-18 05:16:00+0000', 34.1804);
INSERT INTO readings (id, sensor_id, ts, value) VALUES (163, 40, '2023-01-21 05:49:00+0000', 67.7853);
INSERT INTO readings (id, sensor_id, ts, value) VALUES (164, 40, '2023-01-21 07:03:00+0000', 47.4945);
INSERT INTO readings (id, sensor_id, ts, value) VALUES (165, 40, '2023-01-13 07:59:00+0000', 30.6551);
INSERT INTO readings (id, sensor_id, ts, value) VALUES (166, 40, '2023-01-18 01:14:00+0000', 46.2303);
INSERT INTO readings (id, sensor_id, ts, value) VALUES (167, 41, '2023-01-24 23:01:00+0000', 27.8453);
INSERT INTO readings (id, sensor_id, ts, value) VALUES (168, 41, '2023-01-07 22:44:00+0000', 78.6418);
INSERT INTO readings (id, sensor_id, ts, value) VALUES (169, 41, '2023-01-24 10:07:00+0000', 31.4175);
INSERT INTO readings (id, sensor_id, ts, value) VALUES (170, 42, '2023-01-24 03:12:00+0000', 26.1746);
INSERT INTO readings (id, sensor_id, ts, value) VALUES (171, 42, '2023-01-07 01:27:00+0000', 84.0642);
INSERT INTO readings (id, sensor_id, ts, value) VALUES (172, 42, '2023-01-18 13:57:00+0000', 89.1706);
INSERT INTO readings (id, sensor_id, ts, value) VALUES (173, 42, '2023-01-16 09:38:00+0000', 35.0319);
INSERT INTO readings (id, sensor_id, ts, value) VALUES (174, 43, '2023-01-11 10:11:00+0000', 98.4039);
INSERT INTO readings (id, sensor_id, ts, value) VALUES (175, 43, '2023-01-22 07:54:00+0000', 57.3648);
INSERT INTO readings (id, sensor_id, ts, value) VALUES (176, 43, '2023-01-18 05:02:00+0000', 26.1405);
INSERT INTO readings (id, sensor_id, ts, value) VALUES (177, 43, '2023-01-15 08:33:00+0000', 66.9659);
INSERT INTO readings (id, sensor_id, ts, value) VALUES (178, 43, '2023-01-12 12:10:00+0000', 60.0567);
INSERT INTO readings (id, sensor_id, ts, value) VALUES (179, 43, '2023-01-07 02:17:00+0000', 85.3716);
INSERT INTO readings (id, sensor_id, ts, value) VALUES (180, 44, '2023-01-23 20:35:00+0000', 25.5675);
INSERT INTO readings (id, sensor_id, ts, value) VALUES (181, 44, '2023-01-20 00:57:00+0000', 11.0544);
INSERT INTO readings (id, sensor_id, ts, value) VALUES (182, 44, '2023-01-30 14:37:00+0000', 80.6374);
INSERT INTO readings (id, sensor_id, ts, value) VALUES (183, 44, '2023-01-19 14:23:00+0000', 0.3673);
INSERT INTO readings (id, sensor_id, ts, value) VALUES (184, 44, '2023-01-31 07:09:00+0000', 56.8362);
INSERT INTO readings (id, sensor_id, ts, value) VALUES (185, 45, '2023-01-26 22:32:00+0000', 34.6376);
INSERT INTO readings (id, sensor_id, ts, value) VALUES (186, 45, '2023-01-12 03:43:00+0000', 40.7741);
INSERT INTO readings (id, sensor_id, ts, value) VALUES (187, 45, '2023-01-09 16:57:00+0000', 70.3054);
INSERT INTO readings (id, sensor_id, ts, value) VALUES (188, 45, '2023-01-31 12:16:00+0000', 0.1955);
INSERT INTO readings (id, sensor_id, ts, value) VALUES (189, 46, '2023-01-08 19:02:00+0000', 49.7089);
INSERT INTO readings (id, sensor_id, ts, value) VALUES (190, 46, '2023-01-03 03:41:00+0000', 20.1984);
INSERT INTO readings (id, sensor_id, ts, value) VALUES (191, 46, '2023-01-19 22:29:00+0000', 72.745);
INSERT INTO readings (id, sensor_id, ts, value) VALUES (192, 46, '2023-01-01 15:31:00+0000', 80.6487);
INSERT INTO readings (id, sensor_id, ts, value) VALUES (193, 46, '2023-01-05 07:15:00+0000', 56.0531);
INSERT INTO readings (id, sensor_id, ts, value) VALUES (194, 46, '2023-01-02 19:26:00+0000', 3.1216);
INSERT INTO readings (id, sensor_id, ts, value) VALUES (195, 47, '2023-01-19 14:33:00+0000', 89.062);
INSERT INTO readings (id, sensor_id, ts, value) VALUES (196, 47, '2023-01-11 16:41:00+0000', 40.8412);
INSERT INTO readings (id, sensor_id, ts, value) VALUES (197, 47, '2023-01-09 01:33:00+0000', 44.4232);
INSERT INTO readings (id, sensor_id, ts, value) VALUES (198, 47, '2023-01-26 07:52:00+0000', 21.0505);
INSERT INTO readings (id, sensor_id, ts, value) VALUES (199, 47, '2023-01-29 14:13:00+0000', 0.8622);
INSERT INTO readings (id, sensor_id, ts, value) VALUES (200, 47, '2023-01-31 16:13:00+0000', 50.8928);
INSERT INTO readings (id, sensor_id, ts, value) VALUES (201, 48, '2023-01-07 06:24:00+0000', 12.2741);
INSERT INTO readings (id, sensor_id, ts, value) VALUES (202, 48, '2023-01-02 20:56:00+0000', 61.7628);
INSERT INTO readings (id, sensor_id, ts, value) VALUES (203, 48, '2023-01-28 08:32:00+0000', 32.3581);
INSERT INTO readings (id, sensor_id, ts, value) VALUES (204, 48, '2023-01-27 17:25:00+0000', 47.9784);
INSERT INTO readings (id, sensor_id, ts, value) VALUES (205, 49, '2023-01-16 09:31:00+0000', 31.9638);
INSERT INTO readings (id, sensor_id, ts, value) VALUES (206, 49, '2023-01-01 18:37:00+0000', 72.1903);
INSERT INTO readings (id, sensor_id, ts, value) VALUES (207, 49, '2023-01-30 14:27:00+0000', 67.1486);
INSERT INTO readings (id, sensor_id, ts, value) VALUES (208, 49, '2023-01-12 05:25:00+0000', 88.0538);
INSERT INTO readings (id, sensor_id, ts, value) VALUES (209, 49, '2023-01-16 03:19:00+0000', 34.2541);
INSERT INTO readings (id, sensor_id, ts, value) VALUES (210, 50, '2023-01-11 08:09:00+0000', 72.843);
INSERT INTO readings (id, sensor_id, ts, value) VALUES (211, 50, '2023-01-30 11:29:00+0000', 92.9025);
INSERT INTO readings (id, sensor_id, ts, value) VALUES (212, 50, '2023-01-27 13:56:00+0000', 46.4367);
INSERT INTO readings (id, sensor_id, ts, value) VALUES (213, 50, '2023-01-12 01:30:00+0000', 9.7387);
INSERT INTO readings (id, sensor_id, ts, value) VALUES (214, 51, '2023-01-21 08:46:00+0000', 63.0798);
INSERT INTO readings (id, sensor_id, ts, value) VALUES (215, 51, '2023-01-18 15:43:00+0000', 96.4955);
INSERT INTO readings (id, sensor_id, ts, value) VALUES (216, 51, '2023-01-22 05:14:00+0000', 68.8984);
INSERT INTO readings (id, sensor_id, ts, value) VALUES (217, 52, '2023-01-22 13:33:00+0000', 96.5802);
INSERT INTO readings (id, sensor_id, ts, value) VALUES (218, 52, '2023-01-03 19:18:00+0000', 48.22);
INSERT INTO readings (id, sensor_id, ts, value) VALUES (219, 52, '2023-01-04 21:09:00+0000', 57.723);
INSERT INTO readings (id, sensor_id, ts, value) VALUES (220, 52, '2023-01-17 21:33:00+0000', 34.7694);
INSERT INTO readings (id, sensor_id, ts, value) VALUES (221, 53, '2023-01-11 21:05:00+0000', 89.4508);
INSERT INTO readings (id, sensor_id, ts, value) VALUES (222, 53, '2023-01-09 06:57:00+0000', 33.537);
INSERT INTO readings (id, sensor_id, ts, value) VALUES (223, 53, '2023-01-16 07:24:00+0000', 14.4326);
INSERT INTO readings (id, sensor_id, ts, value) VALUES (224, 53, '2023-01-28 13:52:00+0000', 19.1735);
INSERT INTO readings (id, sensor_id, ts, value) VALUES (225, 53, '2023-01-30 20:08:00+0000', 25.6669);
INSERT INTO readings (id, sensor_id, ts, value) VALUES (226, 54, '2023-01-21 15:44:00+0000', 74.4594);
INSERT INTO readings (id, sensor_id, ts, value) VALUES (227, 54, '2023-01-28 14:20:00+0000', 4.2318);
INSERT INTO readings (id, sensor_id, ts, value) VALUES (228, 54, '2023-01-18 00:15:00+0000', 59.4124);
INSERT INTO readings (id, sensor_id, ts, value) VALUES (229, 54, '2023-01-31 22:07:00+0000', 7.8137);
INSERT INTO readings (id, sensor_id, ts, value) VALUES (230, 54, '2023-01-29 12:11:00+0000', 9.3318);
INSERT INTO readings (id, sensor_id, ts, value) VALUES (231, 54, '2023-01-01 07:38:00+0000', 60.9934);
INSERT INTO readings (id, sensor_id, ts, value) VALUES (232, 55, '2023-01-26 14:32:00+0000', 70.4937);
INSERT INTO readings (id, sensor_id, ts, value) VALUES (233, 55, '2023-01-10 02:07:00+0000', 0.4758);
INSERT INTO readings (id, sensor_id, ts, value) VALUES (234, 55, '2023-01-21 08:20:00+0000', 20.6099);
INSERT INTO readings (id, sensor_id, ts, value) VALUES (235, 56, '2023-01-31 00:30:00+0000', 8.135);
INSERT INTO readings (id, sensor_id, ts, value) VALUES (236, 56, '2023-01-02 07:24:00+0000', 7.9697);
INSERT INTO readings (id, sensor_id, ts, value) VALUES (237, 56, '2023-01-12 14:03:00+0000', 89.2007);
INSERT INTO readings (id, sensor_id, ts, value) VALUES (238, 56, '2023-01-04 19:40:00+0000', 93.3927);
INSERT INTO readings (id, sensor_id, ts, value) VALUES (239, 56, '2023-01-02 22:36:00+0000', 55.7055);
INSERT INTO readings (id, sensor_id, ts, value) VALUES (240, 56, '2023-01-17 04:09:00+0000', 67.3811);
INSERT INTO readings (id, sensor_id, ts, value) VALUES (241, 57, '2023-01-10 06:02:00+0000', 95.1808);
INSERT INTO readings (id, sensor_id, ts, value) VALUES (242, 57, '2023-01-02 02:31:00+0000', 51.9869);
INSERT INTO readings (id, sensor_id, ts, value) VALUES (243, 57, '2023-01-06 08:24:00+0000', 62.3697);
INSERT INTO readings (id, sensor_id, ts, value) VALUES (244, 57, '2023-01-08 09:58:00+0000', 68.8637);
INSERT INTO readings (id, sensor_id, ts, value) VALUES (245, 58, '2023-01-01 09:37:00+0000', 82.2361);
INSERT INTO readings (id, sensor_id, ts, value) VALUES (246, 58, '2023-01-12 07:50:00+0000', 64.872);
INSERT INTO readings (id, sensor_id, ts, value) VALUES (247, 58, '2023-01-18 14:22:00+0000', 18.5109);
INSERT INTO readings (id, sensor_id, ts, value) VALUES (248, 58, '2023-01-14 03:53:00+0000', 64.9337);
INSERT INTO readings (id, sensor_id, ts, value) VALUES (249, 58, '2023-01-28 23:26:00+0000', 35.9237);
INSERT INTO readings (id, sensor_id, ts, value) VALUES (250, 59, '2023-01-12 19:21:00+0000', 84.2587);
INSERT INTO readings (id, sensor_id, ts, value) VALUES (251, 59, '2023-01-16 14:32:00+0000', 3.4985);
INSERT INTO readings (id, sensor_id, ts, value) VALUES (252, 59, '2023-01-24 10:00:00+0000', 37.4767);
INSERT INTO readings (id, sensor_id, ts, value) VALUES (253, 59, '2023-01-06 01:14:00+0000', 69.3721);
INSERT INTO readings (id, sensor_id, ts, value) VALUES (254, 59, '2023-01-05 00:35:00+0000', 17.7099);
INSERT INTO readings (id, sensor_id, ts, value) VALUES (255, 60, '2023-01-03 01:55:00+0000', 75.4661);
INSERT INTO readings (id, sensor_id, ts, value) VALUES (256, 60, '2023-01-06 02:04:00+0000', 83.9978);
INSERT INTO readings (id, sensor_id, ts, value) VALUES (257, 60, '2023-01-31 11:11:00+0000', 61.6489);
INSERT INTO readings (id, sensor_id, ts, value) VALUES (258, 61, '2023-01-27 09:28:00+0000', 86.5188);
INSERT INTO readings (id, sensor_id, ts, value) VALUES (259, 61, '2023-01-02 18:12:00+0000', 28.5801);
INSERT INTO readings (id, sensor_id, ts, value) VALUES (260, 61, '2023-01-29 02:56:00+0000', 86.4668);
INSERT INTO readings (id, sensor_id, ts, value) VALUES (261, 61, '2023-01-03 09:42:00+0000', 79.1475);
INSERT INTO readings (id, sensor_id, ts, value) VALUES (262, 61, '2023-01-24 17:04:00+0000', 52.0355);
INSERT INTO readings (id, sensor_id, ts, value) VALUES (263, 61, '2023-01-27 02:20:00+0000', 68.3117);
INSERT INTO readings (id, sensor_id, ts, value) VALUES (264, 62, '2023-01-16 02:49:00+0000', 8.5291);
INSERT INTO readings (id, sensor_id, ts, value) VALUES (265, 62, '2023-01-28 14:35:00+0000', 51.6384);
INSERT INTO readings (id, sensor_id, ts, value) VALUES (266, 62, '2023-01-02 09:31:00+0000', 78.967);
INSERT INTO readings (id, sensor_id, ts, value) VALUES (267, 63, '2023-01-11 17:57:00+0000', 67.1774);
INSERT INTO readings (id, sensor_id, ts, value) VALUES (268, 63, '2023-01-27 06:21:00+0000', 27.7881);
INSERT INTO readings (id, sensor_id, ts, value) VALUES (269, 63, '2023-01-03 16:38:00+0000', 96.0532);
INSERT INTO readings (id, sensor_id, ts, value) VALUES (270, 64, '2023-01-30 01:25:00+0000', 58.7177);
INSERT INTO readings (id, sensor_id, ts, value) VALUES (271, 64, '2023-01-08 15:32:00+0000', 30.6513);
INSERT INTO readings (id, sensor_id, ts, value) VALUES (272, 64, '2023-01-21 02:19:00+0000', 88.4328);
INSERT INTO readings (id, sensor_id, ts, value) VALUES (273, 64, '2023-01-15 06:46:00+0000', 13.4591);
INSERT INTO readings (id, sensor_id, ts, value) VALUES (274, 65, '2023-01-09 23:14:00+0000', 64.2275);
INSERT INTO readings (id, sensor_id, ts, value) VALUES (275, 65, '2023-01-05 20:48:00+0000', 34.303);
INSERT INTO readings (id, sensor_id, ts, value) VALUES (276, 65, '2023-01-11 09:05:00+0000', 9.3339);
INSERT INTO readings (id, sensor_id, ts, value) VALUES (277, 65, '2023-01-28 02:33:00+0000', 44.1901);
INSERT INTO readings (id, sensor_id, ts, value) VALUES (278, 66, '2023-01-28 22:54:00+0000', 19.9092);
INSERT INTO readings (id, sensor_id, ts, value) VALUES (279, 66, '2023-01-01 19:27:00+0000', 24.4813);
INSERT INTO readings (id, sensor_id, ts, value) VALUES (280, 67, '2023-01-16 11:06:00+0000', 44.6798);
INSERT INTO readings (id, sensor_id, ts, value) VALUES (281, 67, '2023-01-02 05:16:00+0000', 38.3856);
INSERT INTO readings (id, sensor_id, ts, value) VALUES (282, 67, '2023-01-15 12:02:00+0000', 60.5325);
INSERT INTO readings (id, sensor_id, ts, value) VALUES (283, 68, '2023-01-25 00:15:00+0000', 5.4839);
INSERT INTO readings (id, sensor_id, ts, value) VALUES (284, 68, '2023-01-01 07:39:00+0000', 32.3825);
INSERT INTO readings (id, sensor_id, ts, value) VALUES (285, 69, '2023-01-08 18:19:00+0000', 85.699);
INSERT INTO readings (id, sensor_id, ts, value) VALUES (286, 69, '2023-01-25 04:46:00+0000', 26.1283);
INSERT INTO readings (id, sensor_id, ts, value) VALUES (287, 69, '2023-01-21 02:34:00+0000', 29.9053);
INSERT INTO readings (id, sensor_id, ts, value) VALUES (288, 69, '2023-01-29 10:44:00+0000', 51.2604);
INSERT INTO readings (id, sensor_id, ts, value) VALUES (289, 70, '2023-01-12 13:13:00+0000', 26.0729);
INSERT INTO readings (id, sensor_id, ts, value) VALUES (290, 70, '2023-01-19 22:09:00+0000', 23.0179);
INSERT INTO readings (id, sensor_id, ts, value) VALUES (291, 70, '2023-01-27 03:06:00+0000', 21.3019);
INSERT INTO readings (id, sensor_id, ts, value) VALUES (292, 70, '2023-01-20 14:49:00+0000', 44.8102);
INSERT INTO readings (id, sensor_id, ts, value) VALUES (293, 70, '2023-01-11 09:15:00+0000', 81.182);
INSERT INTO readings (id, sensor_id, ts, value) VALUES (294, 70, '2023-01-14 16:49:00+0000', 12.4256);
INSERT INTO readings (id, sensor_id, ts, value) VALUES (295, 71, '2023-01-06 02:06:00+0000', 29.5101);
INSERT INTO readings (id, sensor_id, ts, value) VALUES (296, 71, '2023-01-16 08:59:00+0000', 75.1398);
INSERT INTO readings (id, sensor_id, ts, value) VALUES (297, 71, '2023-01-14 17:44:00+0000', 78.9725);
INSERT INTO readings (id, sensor_id, ts, value) VALUES (298, 71, '2023-01-15 01:19:00+0000', 32.3647);
INSERT INTO readings (id, sensor_id, ts, value) VALUES (299, 72, '2023-01-20 08:15:00+0000', 5.7809);
INSERT INTO readings (id, sensor_id, ts, value) VALUES (300, 72, '2023-01-04 22:57:00+0000', 52.6574);
INSERT INTO readings (id, sensor_id, ts, value) VALUES (301, 72, '2023-01-20 02:27:00+0000', 20.7085);
INSERT INTO readings (id, sensor_id, ts, value) VALUES (302, 72, '2023-01-15 23:44:00+0000', 69.3787);
INSERT INTO readings (id, sensor_id, ts, value) VALUES (303, 73, '2023-01-20 20:11:00+0000', 0.1607);
INSERT INTO readings (id, sensor_id, ts, value) VALUES (304, 73, '2023-01-27 19:28:00+0000', 36.4551);
INSERT INTO readings (id, sensor_id, ts, value) VALUES (305, 74, '2023-01-12 20:06:00+0000', 88.644);
INSERT INTO readings (id, sensor_id, ts, value) VALUES (306, 74, '2023-01-08 12:01:00+0000', 80.0933);
INSERT INTO readings (id, sensor_id, ts, value) VALUES (307, 74, '2023-01-30 23:05:00+0000', 60.7274);
INSERT INTO readings (id, sensor_id, ts, value) VALUES (308, 74, '2023-01-30 23:47:00+0000', 10.8747);
INSERT INTO readings (id, sensor_id, ts, value) VALUES (309, 74, '2023-01-13 19:49:00+0000', 36.4492);
INSERT INTO readings (id, sensor_id, ts, value) VALUES (310, 74, '2023-01-02 19:06:00+0000', 65.0712);
INSERT INTO readings (id, sensor_id, ts, value) VALUES (311, 75, '2023-01-16 14:25:00+0000', 44.1497);
INSERT INTO readings (id, sensor_id, ts, value) VALUES (312, 75, '2023-01-26 03:40:00+0000', 4.4962);
INSERT INTO readings (id, sensor_id, ts, value) VALUES (313, 75, '2023-01-07 21:09:00+0000', 87.4044);
INSERT INTO readings (id, sensor_id, ts, value) VALUES (314, 75, '2023-01-25 07:16:00+0000', 72.9397);
INSERT INTO readings (id, sensor_id, ts, value) VALUES (315, 76, '2023-01-04 05:28:00+0000', 84.8144);
INSERT INTO readings (id, sensor_id, ts, value) VALUES (316, 76, '2023-01-23 22:04:00+0000', 79.4287);
INSERT INTO readings (id, sensor_id, ts, value) VALUES (317, 76, '2023-01-21 07:05:00+0000', 21.8164);
INSERT INTO readings (id, sensor_id, ts, value) VALUES (318, 76, '2023-01-20 21:22:00+0000', 18.6049);
INSERT INTO readings (id, sensor_id, ts, value) VALUES (319, 76, '2023-01-17 23:05:00+0000', 50.1954);
INSERT INTO readings (id, sensor_id, ts, value) VALUES (320, 77, '2023-01-04 08:12:00+0000', 62.1196);
INSERT INTO readings (id, sensor_id, ts, value) VALUES (321, 77, '2023-01-11 18:10:00+0000', 46.2005);
INSERT INTO readings (id, sensor_id, ts, value) VALUES (322, 77, '2023-01-02 18:56:00+0000', 11.9051);
INSERT INTO readings (id, sensor_id, ts, value) VALUES (323, 77, '2023-01-22 12:43:00+0000', 96.0715);
INSERT INTO readings (id, sensor_id, ts, value) VALUES (324, 77, '2023-01-19 12:37:00+0000', 74.2386);
INSERT INTO readings (id, sensor_id, ts, value) VALUES (325, 77, '2023-01-01 06:11:00+0000', 33.8586);
INSERT INTO readings (id, sensor_id, ts, value) VALUES (326, 78, '2023-01-08 15:42:00+0000', 30.6381);
INSERT INTO readings (id, sensor_id, ts, value) VALUES (327, 78, '2023-01-15 22:42:00+0000', 61.1947);
INSERT INTO readings (id, sensor_id, ts, value) VALUES (328, 78, '2023-01-22 09:53:00+0000', 51.5422);
INSERT INTO readings (id, sensor_id, ts, value) VALUES (329, 78, '2023-01-19 05:58:00+0000', 21.164);
INSERT INTO readings (id, sensor_id, ts, value) VALUES (330, 78, '2023-01-23 08:47:00+0000', 20.6214);
INSERT INTO readings (id, sensor_id, ts, value) VALUES (331, 78, '2023-01-14 13:45:00+0000', 12.7423);
INSERT INTO readings (id, sensor_id, ts, value) VALUES (332, 79, '2023-01-13 06:29:00+0000', 62.8373);
INSERT INTO readings (id, sensor_id, ts, value) VALUES (333, 79, '2023-01-28 18:20:00+0000', 78.6821);
INSERT INTO readings (id, sensor_id, ts, value) VALUES (334, 79, '2023-01-26 09:29:00+0000', 12.9848);
COMMIT;
