-- banking seed data. Load after schema.sql.
BEGIN;
INSERT INTO branches (id, name, city, country) VALUES (1, 'Branch 1', 'São Paulo', 'IN');
INSERT INTO branches (id, name, city, country) VALUES (2, 'Branch 2', 'Tokyo', 'JP');
INSERT INTO branches (id, name, city, country) VALUES (3, 'Branch 3', 'Berlin', 'GB');
INSERT INTO branches (id, name, city, country) VALUES (4, 'Branch 4', 'Malmö', 'NG');
INSERT INTO branches (id, name, city, country) VALUES (5, 'Branch 5', 'London', 'US');
INSERT INTO branches (id, name, city, country) VALUES (6, 'Branch 6', 'São Paulo', 'JP');
INSERT INTO branches (id, name, city, country) VALUES (7, 'Branch 7', 'Tokyo', 'JP');
INSERT INTO branches (id, name, city, country) VALUES (8, 'Branch 8', 'Malmö', 'NG');
INSERT INTO customers (id, name, email, branch_id, created_at) VALUES (1, 'Rowan Smith', 'client1@bank.example', 5, '2023-08-29 08:52:00+0000');
INSERT INTO customers (id, name, email, branch_id, created_at) VALUES (2, 'Riley Nguyen', 'client2@bank.example', 1, '2023-10-14 18:18:00+0000');
INSERT INTO customers (id, name, email, branch_id, created_at) VALUES (3, 'Morgan Nguyen', 'client3@bank.example', 1, '2023-08-23 01:12:00+0000');
INSERT INTO customers (id, name, email, branch_id, created_at) VALUES (4, 'Casey Silva', 'client4@bank.example', 5, '2023-01-21 20:08:00+0000');
INSERT INTO customers (id, name, email, branch_id, created_at) VALUES (5, 'Harper Rossi', 'client5@bank.example', 4, '2023-12-16 20:21:00+0000');
INSERT INTO customers (id, name, email, branch_id, created_at) VALUES (6, 'Casey Nguyen', 'client6@bank.example', 2, '2023-08-19 04:36:00+0000');
INSERT INTO customers (id, name, email, branch_id, created_at) VALUES (7, 'Rowan Smith', 'client7@bank.example', 1, '2023-04-16 01:21:00+0000');
INSERT INTO customers (id, name, email, branch_id, created_at) VALUES (8, 'Casey Mori', 'client8@bank.example', 2, '2023-05-26 14:57:00+0000');
INSERT INTO customers (id, name, email, branch_id, created_at) VALUES (9, 'Devin Mori', 'client9@bank.example', 3, '2023-05-15 18:00:00+0000');
INSERT INTO customers (id, name, email, branch_id, created_at) VALUES (10, 'Casey Silva', 'client10@bank.example', 7, '2023-01-02 23:03:00+0000');
INSERT INTO customers (id, name, email, branch_id, created_at) VALUES (11, 'Devin Khan', 'client11@bank.example', 2, '2023-05-18 09:54:00+0000');
INSERT INTO customers (id, name, email, branch_id, created_at) VALUES (12, 'Avery Patel', 'client12@bank.example', 5, '2023-02-22 16:06:00+0000');
INSERT INTO customers (id, name, email, branch_id, created_at) VALUES (13, 'Devin Nguyen', 'client13@bank.example', 8, '2023-03-13 11:56:00+0000');
INSERT INTO customers (id, name, email, branch_id, created_at) VALUES (14, 'Casey Cohen', 'client14@bank.example', 2, '2023-02-15 11:45:00+0000');
INSERT INTO customers (id, name, email, branch_id, created_at) VALUES (15, 'Sasha Larsson', 'client15@bank.example', 6, '2023-07-19 03:10:00+0000');
INSERT INTO customers (id, name, email, branch_id, created_at) VALUES (16, 'Rowan Rossi', 'client16@bank.example', 6, '2023-12-20 07:07:00+0000');
INSERT INTO customers (id, name, email, branch_id, created_at) VALUES (17, 'Kai Khan', 'client17@bank.example', 5, '2024-01-24 05:03:00+0000');
INSERT INTO customers (id, name, email, branch_id, created_at) VALUES (18, 'Kai Mori', 'client18@bank.example', 2, '2023-12-28 03:35:00+0000');
INSERT INTO customers (id, name, email, branch_id, created_at) VALUES (19, 'Devin Cohen', 'client19@bank.example', 3, '2023-05-20 00:40:00+0000');
INSERT INTO customers (id, name, email, branch_id, created_at) VALUES (20, 'Sasha Cohen', 'client20@bank.example', 4, '2023-02-18 08:01:00+0000');
INSERT INTO customers (id, name, email, branch_id, created_at) VALUES (21, 'Kai Khan', 'client21@bank.example', 1, '2023-04-26 04:50:00+0000');
INSERT INTO customers (id, name, email, branch_id, created_at) VALUES (22, 'Harper Larsson', 'client22@bank.example', 5, '2023-02-23 12:50:00+0000');
INSERT INTO customers (id, name, email, branch_id, created_at) VALUES (23, 'Devin Garcia', 'client23@bank.example', 5, '2023-11-03 13:38:00+0000');
INSERT INTO customers (id, name, email, branch_id, created_at) VALUES (24, 'Harper Okafor', 'client24@bank.example', 5, '2023-02-28 01:01:00+0000');
INSERT INTO customers (id, name, email, branch_id, created_at) VALUES (25, 'Kai Khan', 'client25@bank.example', 1, '2024-01-14 06:06:00+0000');
INSERT INTO customers (id, name, email, branch_id, created_at) VALUES (26, 'Rowan Larsson', 'client26@bank.example', 4, '2023-01-17 00:52:00+0000');
INSERT INTO customers (id, name, email, branch_id, created_at) VALUES (27, 'Morgan Rossi', 'client27@bank.example', 1, '2023-12-03 02:57:00+0000');
INSERT INTO customers (id, name, email, branch_id, created_at) VALUES (28, 'Morgan Haddad', 'client28@bank.example', 4, '2023-12-22 10:55:00+0000');
INSERT INTO customers (id, name, email, branch_id, created_at) VALUES (29, 'Sasha Patel', 'client29@bank.example', 3, '2023-02-15 18:39:00+0000');
INSERT INTO customers (id, name, email, branch_id, created_at) VALUES (30, 'Kai Mori', 'client30@bank.example', 7, '2023-08-02 11:21:00+0000');
INSERT INTO customers (id, name, email, branch_id, created_at) VALUES (31, 'Harper Khan', 'client31@bank.example', 2, '2023-09-03 15:38:00+0000');
INSERT INTO customers (id, name, email, branch_id, created_at) VALUES (32, 'Rowan Smith', 'client32@bank.example', 3, '2023-08-17 01:51:00+0000');
INSERT INTO customers (id, name, email, branch_id, created_at) VALUES (33, 'Casey Cohen', 'client33@bank.example', 4, '2023-07-10 07:59:00+0000');
INSERT INTO customers (id, name, email, branch_id, created_at) VALUES (34, 'Devin Silva', 'client34@bank.example', 4, '2023-07-06 03:48:00+0000');
INSERT INTO customers (id, name, email, branch_id, created_at) VALUES (35, 'Sasha Mori', 'client35@bank.example', 3, '2023-01-13 08:38:00+0000');
INSERT INTO customers (id, name, email, branch_id, created_at) VALUES (36, 'Kai Khan', 'client36@bank.example', 2, '2024-01-24 08:36:00+0000');
INSERT INTO customers (id, name, email, branch_id, created_at) VALUES (37, 'Morgan Smith', 'client37@bank.example', 7, '2023-11-26 17:51:00+0000');
INSERT INTO customers (id, name, email, branch_id, created_at) VALUES (38, 'Casey Okafor', 'client38@bank.example', 2, '2023-05-04 22:26:00+0000');
INSERT INTO customers (id, name, email, branch_id, created_at) VALUES (39, 'Riley Rossi', 'client39@bank.example', 7, '2023-03-20 09:36:00+0000');
INSERT INTO customers (id, name, email, branch_id, created_at) VALUES (40, 'Sasha Larsson', 'client40@bank.example', 1, '2023-11-03 09:13:00+0000');
INSERT INTO customers (id, name, email, branch_id, created_at) VALUES (41, 'Casey Smith', 'client41@bank.example', 4, '2023-07-31 23:04:00+0000');
INSERT INTO customers (id, name, email, branch_id, created_at) VALUES (42, 'Morgan Cohen', 'client42@bank.example', 6, '2023-09-18 22:50:00+0000');
INSERT INTO customers (id, name, email, branch_id, created_at) VALUES (43, 'Morgan Nguyen', 'client43@bank.example', 1, '2023-09-19 03:08:00+0000');
INSERT INTO customers (id, name, email, branch_id, created_at) VALUES (44, 'Sasha Okafor', 'client44@bank.example', 4, '2023-09-21 23:05:00+0000');
INSERT INTO customers (id, name, email, branch_id, created_at) VALUES (45, 'Noa Haddad', 'client45@bank.example', 5, '2023-04-10 21:31:00+0000');
INSERT INTO customers (id, name, email, branch_id, created_at) VALUES (46, 'Quinn Mori', 'client46@bank.example', 4, '2023-10-01 14:49:00+0000');
INSERT INTO customers (id, name, email, branch_id, created_at) VALUES (47, 'Casey Mori', 'client47@bank.example', 6, '2023-10-11 09:38:00+0000');
INSERT INTO customers (id, name, email, branch_id, created_at) VALUES (48, 'Riley Mori', 'client48@bank.example', 3, '2023-10-18 21:32:00+0000');
INSERT INTO customers (id, name, email, branch_id, created_at) VALUES (49, 'Sasha Nguyen', 'client49@bank.example', 4, '2023-09-22 16:09:00+0000');
INSERT INTO customers (id, name, email, branch_id, created_at) VALUES (50, 'Harper Patel', 'client50@bank.example', 2, '2024-01-23 21:47:00+0000');
INSERT INTO customers (id, name, email, branch_id, created_at) VALUES (51, 'Riley Okafor', 'client51@bank.example', 1, '2023-04-19 14:06:00+0000');
INSERT INTO customers (id, name, email, branch_id, created_at) VALUES (52, 'Jordan Patel', 'client52@bank.example', 4, '2023-05-13 21:41:00+0000');
INSERT INTO customers (id, name, email, branch_id, created_at) VALUES (53, 'Rowan Okafor', 'client53@bank.example', 2, '2023-09-14 17:44:00+0000');
INSERT INTO customers (id, name, email, branch_id, created_at) VALUES (54, 'Jordan Nguyen', 'client54@bank.example', 2, '2023-05-11 12:58:00+0000');
INSERT INTO customers (id, name, email, branch_id, created_at) VALUES (55, 'Noa Mori', 'client55@bank.example', 4, '2023-07-28 05:50:00+0000');
INSERT INTO customers (id, name, email, branch_id, created_at) VALUES (56, 'Harper Nguyen', 'client56@bank.example', 3, '2023-03-27 14:12:00+0000');
INSERT INTO customers (id, name, email, branch_id, created_at) VALUES (57, 'Harper Larsson', 'client57@bank.example', 6, '2023-08-20 12:09:00+0000');
INSERT INTO customers (id, name, email, branch_id, created_at) VALUES (58, 'Sasha Nguyen', 'client58@bank.example', 5, '2023-04-11 06:22:00+0000');
INSERT INTO customers (id, name, email, branch_id, created_at) VALUES (59, 'Jordan Rossi', 'client59@bank.example', 7, '2023-11-13 02:55:00+0000');
INSERT INTO customers (id, name, email, branch_id, created_at) VALUES (60, 'Avery Silva', 'client60@bank.example', 7, '2023-05-31 02:29:00+0000');
INSERT INTO accounts (id, customer_id, type, currency, balance, opened_at) VALUES (1, 54, 'SAVINGS', 'GBP', 26893.45, '2023-06-26 02:47:00+0000');
INSERT INTO accounts (id, customer_id, type, currency, balance, opened_at) VALUES (2, 28, 'CREDIT', 'GBP', 39463.82, '2023-06-22 13:30:00+0000');
INSERT INTO accounts (id, customer_id, type, currency, balance, opened_at) VALUES (3, 9, 'SAVINGS', 'EUR', 13656.04, '2023-05-26 19:47:00+0000');
INSERT INTO accounts (id, customer_id, type, currency, balance, opened_at) VALUES (4, 9, 'CHECKING', 'INR', 32076.2, '2023-12-29 09:52:00+0000');
INSERT INTO accounts (id, customer_id, type, currency, balance, opened_at) VALUES (5, 6, 'CREDIT', 'USD', 43749.45, '2024-01-07 18:21:00+0000');
INSERT INTO accounts (id, customer_id, type, currency, balance, opened_at) VALUES (6, 37, 'SAVINGS', 'USD', 39417.51, '2023-03-15 10:44:00+0000');
INSERT INTO accounts (id, customer_id, type, currency, balance, opened_at) VALUES (7, 7, 'SAVINGS', 'GBP', 48770.63, '2023-01-31 14:14:00+0000');
INSERT INTO accounts (id, customer_id, type, currency, balance, opened_at) VALUES (8, 40, 'CREDIT', 'INR', 43802.08, '2023-09-10 02:20:00+0000');
INSERT INTO accounts (id, customer_id, type, currency, balance, opened_at) VALUES (9, 50, 'CHECKING', 'GBP', 3234.53, '2023-08-29 06:49:00+0000');
INSERT INTO accounts (id, customer_id, type, currency, balance, opened_at) VALUES (10, 21, 'CREDIT', 'GBP', 23908.85, '2023-04-19 17:46:00+0000');
INSERT INTO accounts (id, customer_id, type, currency, balance, opened_at) VALUES (11, 20, 'CREDIT', 'EUR', 42406.25, '2023-09-15 19:40:00+0000');
INSERT INTO accounts (id, customer_id, type, currency, balance, opened_at) VALUES (12, 18, 'SAVINGS', 'INR', 7913.47, '2023-04-07 16:42:00+0000');
INSERT INTO accounts (id, customer_id, type, currency, balance, opened_at) VALUES (13, 41, 'CHECKING', 'INR', 39694.0, '2023-05-02 14:52:00+0000');
INSERT INTO accounts (id, customer_id, type, currency, balance, opened_at) VALUES (14, 20, 'CHECKING', 'EUR', 45207.44, '2023-03-03 04:00:00+0000');
INSERT INTO accounts (id, customer_id, type, currency, balance, opened_at) VALUES (15, 56, 'SAVINGS', 'USD', 33853.89, '2023-01-15 01:53:00+0000');
INSERT INTO accounts (id, customer_id, type, currency, balance, opened_at) VALUES (16, 21, 'CREDIT', 'INR', 23627.56, '2023-06-10 04:59:00+0000');
INSERT INTO accounts (id, customer_id, type, currency, balance, opened_at) VALUES (17, 45, 'CREDIT', 'EUR', 43936.07, '2023-04-19 12:27:00+0000');
INSERT INTO accounts (id, customer_id, type, currency, balance, opened_at) VALUES (18, 29, 'SAVINGS', 'EUR', 10149.8, '2023-05-17 16:06:00+0000');
INSERT INTO accounts (id, customer_id, type, currency, balance, opened_at) VALUES (19, 48, 'CREDIT', 'USD', 10949.93, '2023-09-27 21:09:00+0000');
INSERT INTO accounts (id, customer_id, type, currency, balance, opened_at) VALUES (20, 21, 'CHECKING', 'INR', 19008.18, '2023-06-23 19:39:00+0000');
INSERT INTO accounts (id, customer_id, type, currency, balance, opened_at) VALUES (21, 7, 'CHECKING', 'EUR', 6206.16, '2023-10-01 16:30:00+0000');
INSERT INTO accounts (id, customer_id, type, currency, balance, opened_at) VALUES (22, 22, 'CHECKING', 'GBP', 19593.24, '2023-09-20 04:23:00+0000');
INSERT INTO accounts (id, customer_id, type, currency, balance, opened_at) VALUES (23, 35, 'CREDIT', 'INR', 15204.83, '2023-01-05 20:03:00+0000');
INSERT INTO accounts (id, customer_id, type, currency, balance, opened_at) VALUES (24, 29, 'CHECKING', 'USD', 42715.29, '2023-09-01 12:28:00+0000');
INSERT INTO accounts (id, customer_id, type, currency, balance, opened_at) VALUES (25, 42, 'SAVINGS', 'GBP', 13561.08, '2023-09-22 15:43:00+0000');
INSERT INTO accounts (id, customer_id, type, currency, balance, opened_at) VALUES (26, 29, 'CHECKING', 'EUR', 15175.22, '2023-02-02 15:30:00+0000');
INSERT INTO accounts (id, customer_id, type, currency, balance, opened_at) VALUES (27, 3, 'CHECKING', 'INR', 863.39, '2023-04-23 03:36:00+0000');
INSERT INTO accounts (id, customer_id, type, currency, balance, opened_at) VALUES (28, 55, 'SAVINGS', 'INR', 39424.76, '2023-04-18 03:06:00+0000');
INSERT INTO accounts (id, customer_id, type, currency, balance, opened_at) VALUES (29, 25, 'SAVINGS', 'USD', 5068.77, '2023-08-20 19:49:00+0000');
INSERT INTO accounts (id, customer_id, type, currency, balance, opened_at) VALUES (30, 57, 'CHECKING', 'GBP', 33808.59, '2023-01-31 17:22:00+0000');
INSERT INTO accounts (id, customer_id, type, currency, balance, opened_at) VALUES (31, 10, 'SAVINGS', 'EUR', 40920.22, '2023-09-12 08:33:00+0000');
INSERT INTO accounts (id, customer_id, type, currency, balance, opened_at) VALUES (32, 41, 'CREDIT', 'USD', 34989.39, '2023-09-22 00:05:00+0000');
INSERT INTO accounts (id, customer_id, type, currency, balance, opened_at) VALUES (33, 27, 'CHECKING', 'EUR', 20773.09, '2023-10-16 12:00:00+0000');
INSERT INTO accounts (id, customer_id, type, currency, balance, opened_at) VALUES (34, 19, 'SAVINGS', 'GBP', 19527.17, '2023-05-23 09:37:00+0000');
INSERT INTO accounts (id, customer_id, type, currency, balance, opened_at) VALUES (35, 24, 'CHECKING', 'USD', 34178.53, '2023-01-08 03:32:00+0000');
INSERT INTO accounts (id, customer_id, type, currency, balance, opened_at) VALUES (36, 29, 'SAVINGS', 'INR', 3151.24, '2023-10-13 07:12:00+0000');
INSERT INTO accounts (id, customer_id, type, currency, balance, opened_at) VALUES (37, 11, 'CREDIT', 'USD', 46583.96, '2023-02-24 13:53:00+0000');
INSERT INTO accounts (id, customer_id, type, currency, balance, opened_at) VALUES (38, 10, 'CHECKING', 'GBP', 18620.64, '2023-06-28 08:14:00+0000');
INSERT INTO accounts (id, customer_id, type, currency, balance, opened_at) VALUES (39, 35, 'CHECKING', 'EUR', 13612.9, '2023-08-15 05:50:00+0000');
INSERT INTO accounts (id, customer_id, type, currency, balance, opened_at) VALUES (40, 29, 'SAVINGS', 'USD', 24089.57, '2023-05-30 00:43:00+0000');
INSERT INTO accounts (id, customer_id, type, currency, balance, opened_at) VALUES (41, 47, 'CHECKING', 'USD', 23272.12, '2023-01-26 12:51:00+0000');
INSERT INTO accounts (id, customer_id, type, currency, balance, opened_at) VALUES (42, 57, 'CHECKING', 'GBP', 515.06, '2023-01-19 10:43:00+0000');
INSERT INTO accounts (id, customer_id, type, currency, balance, opened_at) VALUES (43, 47, 'SAVINGS', 'GBP', 19594.51, '2023-07-18 05:26:00+0000');
INSERT INTO accounts (id, customer_id, type, currency, balance, opened_at) VALUES (44, 6, 'CREDIT', 'GBP', 20104.63, '2024-01-10 06:07:00+0000');
INSERT INTO accounts (id, customer_id, type, currency, balance, opened_at) VALUES (45, 40, 'SAVINGS', 'GBP', 39560.96, '2023-06-06 01:42:00+0000');
INSERT INTO accounts (id, customer_id, type, currency, balance, opened_at) VALUES (46, 9, 'SAVINGS', 'EUR', 33673.88, '2024-01-19 15:42:00+0000');
INSERT INTO accounts (id, customer_id, type, currency, balance, opened_at) VALUES (47, 24, 'SAVINGS', 'USD', 482.19, '2023-12-24 03:49:00+0000');
INSERT INTO accounts (id, customer_id, type, currency, balance, opened_at) VALUES (48, 36, 'CREDIT', 'GBP', 49415.47, '2023-10-15 08:54:00+0000');
INSERT INTO accounts (id, customer_id, type, currency, balance, opened_at) VALUES (49, 23, 'CHECKING', 'INR', 37270.54, '2023-02-08 06:07:00+0000');
INSERT INTO accounts (id, customer_id, type, currency, balance, opened_at) VALUES (50, 40, 'SAVINGS', 'USD', 5117.62, '2023-11-08 05:03:00+0000');
INSERT INTO accounts (id, customer_id, type, currency, balance, opened_at) VALUES (51, 35, 'CREDIT', 'GBP', 42133.89, '2023-02-16 15:32:00+0000');
INSERT INTO accounts (id, customer_id, type, currency, balance, opened_at) VALUES (52, 32, 'CREDIT', 'INR', 20225.84, '2023-05-08 19:26:00+0000');
INSERT INTO accounts (id, customer_id, type, currency, balance, opened_at) VALUES (53, 4, 'CREDIT', 'GBP', 28458.89, '2024-01-25 19:56:00+0000');
INSERT INTO accounts (id, customer_id, type, currency, balance, opened_at) VALUES (54, 20, 'SAVINGS', 'INR', 43388.39, '2023-01-11 22:34:00+0000');
INSERT INTO accounts (id, customer_id, type, currency, balance, opened_at) VALUES (55, 60, 'CHECKING', 'INR', 5641.58, '2023-03-02 18:31:00+0000');
INSERT INTO accounts (id, customer_id, type, currency, balance, opened_at) VALUES (56, 42, 'CHECKING', 'USD', 13776.65, '2024-01-17 22:06:00+0000');
INSERT INTO accounts (id, customer_id, type, currency, balance, opened_at) VALUES (57, 14, 'SAVINGS', 'GBP', 1351.48, '2024-02-02 08:52:00+0000');
INSERT INTO accounts (id, customer_id, type, currency, balance, opened_at) VALUES (58, 59, 'CREDIT', 'EUR', 11279.45, '2023-11-27 14:20:00+0000');
INSERT INTO accounts (id, customer_id, type, currency, balance, opened_at) VALUES (59, 2, 'SAVINGS', 'USD', 43596.36, '2023-09-04 01:16:00+0000');
INSERT INTO accounts (id, customer_id, type, currency, balance, opened_at) VALUES (60, 23, 'SAVINGS', 'INR', 30653.4, '2023-11-24 12:34:00+0000');
INSERT INTO accounts (id, customer_id, type, currency, balance, opened_at) VALUES (61, 42, 'SAVINGS', 'GBP', 21661.27, '2023-09-17 08:28:00+0000');
INSERT INTO accounts (id, customer_id, type, currency, balance, opened_at) VALUES (62, 25, 'CHECKING', 'USD', 27038.63, '2024-01-10 09:29:00+0000');
INSERT INTO accounts (id, customer_id, type, currency, balance, opened_at) VALUES (63, 15, 'CHECKING', 'EUR', 37822.29, '2023-11-30 06:16:00+0000');
INSERT INTO accounts (id, customer_id, type, currency, balance, opened_at) VALUES (64, 28, 'CREDIT', 'INR', 5204.26, '2023-08-22 16:07:00+0000');
INSERT INTO accounts (id, customer_id, type, currency, balance, opened_at) VALUES (65, 37, 'CREDIT', 'EUR', 28169.6, '2023-07-02 17:13:00+0000');
INSERT INTO accounts (id, customer_id, type, currency, balance, opened_at) VALUES (66, 35, 'CREDIT', 'GBP', 12771.62, '2023-12-03 08:37:00+0000');
INSERT INTO accounts (id, customer_id, type, currency, balance, opened_at) VALUES (67, 6, 'SAVINGS', 'USD', 14880.74, '2023-11-23 13:19:00+0000');
INSERT INTO accounts (id, customer_id, type, currency, balance, opened_at) VALUES (68, 49, 'CHECKING', 'GBP', 36047.78, '2023-11-04 07:48:00+0000');
INSERT INTO accounts (id, customer_id, type, currency, balance, opened_at) VALUES (69, 36, 'CHECKING', 'USD', 7286.53, '2023-11-12 05:06:00+0000');
INSERT INTO accounts (id, customer_id, type, currency, balance, opened_at) VALUES (70, 51, 'CREDIT', 'INR', 726.58, '2023-01-20 17:31:00+0000');
INSERT INTO accounts (id, customer_id, type, currency, balance, opened_at) VALUES (71, 8, 'CHECKING', 'EUR', 31226.9, '2023-11-02 03:13:00+0000');
INSERT INTO accounts (id, customer_id, type, currency, balance, opened_at) VALUES (72, 22, 'CREDIT', 'INR', 17596.82, '2024-01-21 08:37:00+0000');
INSERT INTO accounts (id, customer_id, type, currency, balance, opened_at) VALUES (73, 11, 'CREDIT', 'USD', 5765.75, '2023-04-07 00:07:00+0000');
INSERT INTO accounts (id, customer_id, type, currency, balance, opened_at) VALUES (74, 59, 'CHECKING', 'GBP', 38034.57, '2023-08-31 15:41:00+0000');
INSERT INTO accounts (id, customer_id, type, currency, balance, opened_at) VALUES (75, 7, 'CHECKING', 'USD', 4391.57, '2023-09-21 10:58:00+0000');
INSERT INTO accounts (id, customer_id, type, currency, balance, opened_at) VALUES (76, 48, 'SAVINGS', 'USD', 4556.7, '2024-01-04 07:33:00+0000');
INSERT INTO accounts (id, customer_id, type, currency, balance, opened_at) VALUES (77, 40, 'SAVINGS', 'GBP', 14339.68, '2023-05-09 16:18:00+0000');
INSERT INTO accounts (id, customer_id, type, currency, balance, opened_at) VALUES (78, 30, 'CHECKING', 'USD', 8691.4, '2024-01-02 19:43:00+0000');
INSERT INTO accounts (id, customer_id, type, currency, balance, opened_at) VALUES (79, 45, 'CHECKING', 'USD', 44751.06, '2023-07-13 10:22:00+0000');
INSERT INTO accounts (id, customer_id, type, currency, balance, opened_at) VALUES (80, 39, 'SAVINGS', 'EUR', 29351.24, '2023-05-21 21:41:00+0000');
INSERT INTO accounts (id, customer_id, type, currency, balance, opened_at) VALUES (81, 49, 'CHECKING', 'INR', 10349.88, '2023-12-29 00:37:00+0000');
INSERT INTO accounts (id, customer_id, type, currency, balance, opened_at) VALUES (82, 56, 'CHECKING', 'USD', 2205.49, '2023-01-02 10:40:00+0000');
INSERT INTO accounts (id, customer_id, type, currency, balance, opened_at) VALUES (83, 8, 'CREDIT', 'USD', 24229.79, '2023-11-05 16:52:00+0000');
INSERT INTO accounts (id, customer_id, type, currency, balance, opened_at) VALUES (84, 30, 'CREDIT', 'GBP', 48564.64, '2023-08-04 04:24:00+0000');
INSERT INTO accounts (id, customer_id, type, currency, balance, opened_at) VALUES (85, 57, 'CHECKING', 'INR', 19850.48, '2024-01-19 16:18:00+0000');
INSERT INTO accounts (id, customer_id, type, currency, balance, opened_at) VALUES (86, 10, 'SAVINGS', 'EUR', 16792.18, '2023-01-05 02:07:00+0000');
INSERT INTO accounts (id, customer_id, type, currency, balance, opened_at) VALUES (87, 30, 'CREDIT', 'GBP', 10825.76, '2023-03-31 07:18:00+0000');
INSERT INTO accounts (id, customer_id, type, currency, balance, opened_at) VALUES (88, 53, 'CHECKING', 'GBP', 49587.05, '2023-06-07 03:52:00+0000');
INSERT INTO accounts (id, customer_id, type, currency, balance, opened_at) VALUES (89, 36, 'CREDIT', 'USD', 16874.25, '2023-05-20 22:49:00+0000');
INSERT INTO accounts (id, customer_id, type, currency, balance, opened_at) VALUES (90, 29, 'CHECKING', 'INR', 2731.55, '2023-12-05 19:05:00+0000');
INSERT INTO accounts (id, customer_id, type, currency, balance, opened_at) VALUES (91, 15, 'CHECKING', 'GBP', 3266.85, '2023-12-20 19:58:00+0000');
INSERT INTO accounts (id, customer_id, type, currency, balance, opened_at) VALUES (92, 14, 'CREDIT', 'GBP', 9789.95, '2023-09-20 04:15:00+0000');
INSERT INTO accounts (id, customer_id, type, currency, balance, opened_at) VALUES (93, 50, 'CHECKING', 'GBP', 37041.04, '2023-12-15 21:25:00+0000');
INSERT INTO accounts (id, customer_id, type, currency, balance, opened_at) VALUES (94, 38, 'CREDIT', 'USD', 49292.51, '2023-08-27 14:00:00+0000');
INSERT INTO accounts (id, customer_id, type, currency, balance, opened_at) VALUES (95, 6, 'CREDIT', 'USD', 3871.67, '2023-01-12 02:30:00+0000');
INSERT INTO accounts (id, customer_id, type, currency, balance, opened_at) VALUES (96, 25, 'CHECKING', 'USD', 1959.56, '2023-02-09 09:45:00+0000');
INSERT INTO accounts (id, customer_id, type, currency, balance, opened_at) VALUES (97, 42, 'CREDIT', 'GBP', 7824.8, '2023-02-19 07:15:00+0000');
INSERT INTO accounts (id, customer_id, type, currency, balance, opened_at) VALUES (98, 8, 'CREDIT', 'EUR', 42703.63, '2023-08-28 21:04:00+0000');
INSERT INTO accounts (id, customer_id, type, currency, balance, opened_at) VALUES (99, 46, 'CREDIT', 'EUR', 45573.67, '2023-10-11 09:47:00+0000');
INSERT INTO accounts (id, customer_id, type, currency, balance, opened_at) VALUES (100, 38, 'SAVINGS', 'EUR', 23661.87, '2023-03-28 09:38:00+0000');
INSERT INTO transactions (id, account_id, ts, amount, kind, description) VALUES (1, 1, '2023-11-25 03:33:00+0000', 527.28, 'INTEREST', 'POS');
INSERT INTO transactions (id, account_id, ts, amount, kind, description) VALUES (2, 1, '2023-07-17 11:38:00+0000', 906.89, 'INTEREST', 'Payroll');
INSERT INTO transactions (id, account_id, ts, amount, kind, description) VALUES (3, 1, '2023-12-05 19:05:00+0000', -1131.2, 'FEE', 'Payroll');
INSERT INTO transactions (id, account_id, ts, amount, kind, description) VALUES (4, 2, '2023-02-03 14:54:00+0000', -1970.07, 'FEE', 'ATM');
INSERT INTO transactions (id, account_id, ts, amount, kind, description) VALUES (5, 2, '2023-09-27 19:17:00+0000', -347.62, 'DEBIT', 'Payroll');
INSERT INTO transactions (id, account_id, ts, amount, kind, description) VALUES (6, 3, '2023-05-03 09:48:00+0000', -368.65, 'FEE', 'Subscription');
INSERT INTO transactions (id, account_id, ts, amount, kind, description) VALUES (7, 4, '2023-07-24 07:36:00+0000', 924.18, 'CREDIT', 'Payroll');
INSERT INTO transactions (id, account_id, ts, amount, kind, description) VALUES (8, 4, '2023-11-11 01:59:00+0000', 739.01, 'INTEREST', 'Subscription');
INSERT INTO transactions (id, account_id, ts, amount, kind, description) VALUES (9, 4, '2024-01-04 20:16:00+0000', -908.81, 'FEE', 'Transfer');
INSERT INTO transactions (id, account_id, ts, amount, kind, description) VALUES (10, 4, '2023-05-11 05:54:00+0000', -1004.4, 'FEE', 'Transfer');
INSERT INTO transactions (id, account_id, ts, amount, kind, description) VALUES (11, 4, '2023-03-01 11:51:00+0000', 1229.62, 'CREDIT', 'Payroll');
INSERT INTO transactions (id, account_id, ts, amount, kind, description) VALUES (12, 4, '2023-09-21 04:32:00+0000', 339.27, 'INTEREST', 'POS');
INSERT INTO transactions (id, account_id, ts, amount, kind, description) VALUES (13, 4, '2023-03-07 19:15:00+0000', 864.25, 'INTEREST', 'Subscription');
INSERT INTO transactions (id, account_id, ts, amount, kind, description) VALUES (14, 5, '2023-08-16 13:54:00+0000', 126.45, 'INTEREST', 'Subscription');
INSERT INTO transactions (id, account_id, ts, amount, kind, description) VALUES (15, 6, '2023-12-10 02:32:00+0000', 631.37, 'INTEREST', 'Transfer');
INSERT INTO transactions (id, account_id, ts, amount, kind, description) VALUES (16, 6, '2023-06-06 17:41:00+0000', 1397.95, 'CREDIT', 'ATM');
INSERT INTO transactions (id, account_id, ts, amount, kind, description) VALUES (17, 6, '2023-04-06 02:39:00+0000', -1934.13, 'DEBIT', 'Subscription');
INSERT INTO transactions (id, account_id, ts, amount, kind, description) VALUES (18, 6, '2023-10-15 19:16:00+0000', -210.6, 'FEE', 'Transfer');
INSERT INTO transactions (id, account_id, ts, amount, kind, description) VALUES (19, 6, '2023-02-10 22:42:00+0000', 985.36, 'INTEREST', 'Subscription');
INSERT INTO transactions (id, account_id, ts, amount, kind, description) VALUES (20, 6, '2023-02-26 20:33:00+0000', -1425.81, 'DEBIT', 'POS');
INSERT INTO transactions (id, account_id, ts, amount, kind, description) VALUES (21, 6, '2023-08-15 18:40:00+0000', -1411.72, 'FEE', 'ATM');
INSERT INTO transactions (id, account_id, ts, amount, kind, description) VALUES (22, 6, '2023-10-07 10:31:00+0000', -1559.13, 'DEBIT', 'ATM');
INSERT INTO transactions (id, account_id, ts, amount, kind, description) VALUES (23, 7, '2023-02-04 11:53:00+0000', 686.39, 'CREDIT', 'POS');
INSERT INTO transactions (id, account_id, ts, amount, kind, description) VALUES (24, 7, '2023-11-27 21:13:00+0000', -627.87, 'DEBIT', 'Payroll');
INSERT INTO transactions (id, account_id, ts, amount, kind, description) VALUES (25, 8, '2023-03-29 21:19:00+0000', -1354.03, 'FEE', 'Payroll');
INSERT INTO transactions (id, account_id, ts, amount, kind, description) VALUES (26, 9, '2023-11-17 20:34:00+0000', -670.09, 'FEE', 'POS');
INSERT INTO transactions (id, account_id, ts, amount, kind, description) VALUES (27, 9, '2023-06-13 00:47:00+0000', 831.3, 'INTEREST', 'Transfer');
INSERT INTO transactions (id, account_id, ts, amount, kind, description) VALUES (28, 9, '2023-08-14 09:17:00+0000', 853.26, 'CREDIT', 'Payroll');
INSERT INTO transactions (id, account_id, ts, amount, kind, description) VALUES (29, 9, '2023-09-21 02:44:00+0000', 717.91, 'CREDIT', 'ATM');
INSERT INTO transactions (id, account_id, ts, amount, kind, description) VALUES (30, 9, '2023-04-02 02:34:00+0000', 1977.29, 'CREDIT', 'Payroll');
INSERT INTO transactions (id, account_id, ts, amount, kind, description) VALUES (31, 9, '2023-08-13 11:24:00+0000', -531.47, 'DEBIT', 'Payroll');
INSERT INTO transactions (id, account_id, ts, amount, kind, description) VALUES (32, 9, '2023-12-28 23:43:00+0000', 1636.97, 'CREDIT', 'POS');
INSERT INTO transactions (id, account_id, ts, amount, kind, description) VALUES (33, 9, '2023-03-06 02:31:00+0000', 1884.72, 'CREDIT', 'Subscription');
INSERT INTO transactions (id, account_id, ts, amount, kind, description) VALUES (34, 10, '2024-01-07 03:09:00+0000', -284.7, 'DEBIT', 'Subscription');
INSERT INTO transactions (id, account_id, ts, amount, kind, description) VALUES (35, 10, '2023-02-24 07:54:00+0000', 1367.43, 'CREDIT', 'Payroll');
INSERT INTO transactions (id, account_id, ts, amount, kind, description) VALUES (36, 10, '2023-09-04 12:55:00+0000', 283.5, 'CREDIT', 'POS');
INSERT INTO transactions (id, account_id, ts, amount, kind, description) VALUES (37, 10, '2023-02-06 02:38:00+0000', -1874.72, 'FEE', 'Transfer');
INSERT INTO transactions (id, account_id, ts, amount, kind, description) VALUES (38, 10, '2023-05-27 23:41:00+0000', 225.71, 'INTEREST', 'Subscription');
INSERT INTO transactions (id, account_id, ts, amount, kind, description) VALUES (39, 11, '2023-02-03 15:32:00+0000', 550.98, 'CREDIT', 'Subscription');
INSERT INTO transactions (id, account_id, ts, amount, kind, description) VALUES (40, 11, '2023-05-09 05:21:00+0000', 1292.32, 'CREDIT', 'ATM');
INSERT INTO transactions (id, account_id, ts, amount, kind, description) VALUES (41, 11, '2023-12-10 05:44:00+0000', -361.61, 'DEBIT', 'POS');
INSERT INTO transactions (id, account_id, ts, amount, kind, description) VALUES (42, 11, '2023-02-03 06:22:00+0000', 431.36, 'CREDIT', 'Subscription');
INSERT INTO transactions (id, account_id, ts, amount, kind, description) VALUES (43, 12, '2023-10-01 00:31:00+0000', 143.61, 'CREDIT', 'POS');
INSERT INTO transactions (id, account_id, ts, amount, kind, description) VALUES (44, 12, '2023-10-27 19:20:00+0000', 413.12, 'INTEREST', 'POS');
INSERT INTO transactions (id, account_id, ts, amount, kind, description) VALUES (45, 12, '2024-01-19 20:13:00+0000', 1752.63, 'CREDIT', 'Subscription');
INSERT INTO transactions (id, account_id, ts, amount, kind, description) VALUES (46, 13, '2024-01-14 02:42:00+0000', -36.15, 'DEBIT', 'Payroll');
INSERT INTO transactions (id, account_id, ts, amount, kind, description) VALUES (47, 13, '2023-07-07 22:22:00+0000', -407.56, 'FEE', 'Payroll');
INSERT INTO transactions (id, account_id, ts, amount, kind, description) VALUES (48, 13, '2024-01-24 04:14:00+0000', -276.57, 'DEBIT', 'ATM');
INSERT INTO transactions (id, account_id, ts, amount, kind, description) VALUES (49, 13, '2023-11-21 23:08:00+0000', -147.98, 'DEBIT', 'ATM');
INSERT INTO transactions (id, account_id, ts, amount, kind, description) VALUES (50, 13, '2023-02-25 02:39:00+0000', -1906.94, 'FEE', 'Payroll');
INSERT INTO transactions (id, account_id, ts, amount, kind, description) VALUES (51, 13, '2023-01-18 23:51:00+0000', -1771.18, 'FEE', 'POS');
INSERT INTO transactions (id, account_id, ts, amount, kind, description) VALUES (52, 13, '2023-10-28 21:22:00+0000', -220.85, 'FEE', 'POS');
INSERT INTO transactions (id, account_id, ts, amount, kind, description) VALUES (53, 14, '2023-07-02 02:18:00+0000', -1730.79, 'FEE', 'POS');
INSERT INTO transactions (id, account_id, ts, amount, kind, description) VALUES (54, 14, '2023-01-22 13:36:00+0000', -387.22, 'DEBIT', 'ATM');
INSERT INTO transactions (id, account_id, ts, amount, kind, description) VALUES (55, 14, '2023-11-01 13:25:00+0000', -281.5, 'DEBIT', 'Payroll');
INSERT INTO transactions (id, account_id, ts, amount, kind, description) VALUES (56, 14, '2023-03-29 11:47:00+0000', -859.56, 'DEBIT', 'Transfer');
INSERT INTO transactions (id, account_id, ts, amount, kind, description) VALUES (57, 15, '2023-07-27 05:27:00+0000', 406.15, 'INTEREST', 'Transfer');
INSERT INTO transactions (id, account_id, ts, amount, kind, description) VALUES (58, 15, '2023-02-22 14:07:00+0000', -744.48, 'FEE', 'Payroll');
INSERT INTO transactions (id, account_id, ts, amount, kind, description) VALUES (59, 15, '2023-05-04 08:43:00+0000', 1920.04, 'CREDIT', 'Subscription');
INSERT INTO transactions (id, account_id, ts, amount, kind, description) VALUES (60, 15, '2023-07-17 13:13:00+0000', -1448.09, 'FEE', 'POS');
INSERT INTO transactions (id, account_id, ts, amount, kind, description) VALUES (61, 15, '2023-01-12 10:48:00+0000', 1395.26, 'CREDIT', 'ATM');
INSERT INTO transactions (id, account_id, ts, amount, kind, description) VALUES (62, 16, '2023-03-25 11:05:00+0000', 1777.33, 'CREDIT', 'POS');
INSERT INTO transactions (id, account_id, ts, amount, kind, description) VALUES (63, 17, '2023-08-22 07:15:00+0000', -67.52, 'DEBIT', 'Transfer');
INSERT INTO transactions (id, account_id, ts, amount, kind, description) VALUES (64, 18, '2023-03-24 02:25:00+0000', 833.52, 'CREDIT', 'Transfer');
INSERT INTO transactions (id, account_id, ts, amount, kind, description) VALUES (65, 18, '2023-05-16 11:53:00+0000', -453.81, 'FEE', 'Subscription');
INSERT INTO transactions (id, account_id, ts, amount, kind, description) VALUES (66, 19, '2023-01-17 18:41:00+0000', 1557.36, 'INTEREST', 'Subscription');
INSERT INTO transactions (id, account_id, ts, amount, kind, description) VALUES (67, 19, '2024-01-24 03:34:00+0000', -1832.45, 'DEBIT', 'ATM');
INSERT INTO transactions (id, account_id, ts, amount, kind, description) VALUES (68, 19, '2023-10-19 17:31:00+0000', -64.27, 'DEBIT', 'POS');
INSERT INTO transactions (id, account_id, ts, amount, kind, description) VALUES (69, 20, '2023-07-17 22:19:00+0000', -1325.22, 'DEBIT', 'Subscription');
INSERT INTO transactions (id, account_id, ts, amount, kind, description) VALUES (70, 20, '2023-10-06 23:18:00+0000', 1724.47, 'INTEREST', 'ATM');
INSERT INTO transactions (id, account_id, ts, amount, kind, description) VALUES (71, 20, '2023-03-12 10:56:00+0000', 1102.59, 'INTEREST', 'POS');
INSERT INTO transactions (id, account_id, ts, amount, kind, description) VALUES (72, 20, '2023-09-02 16:04:00+0000', -86.51, 'FEE', 'Transfer');
INSERT INTO transactions (id, account_id, ts, amount, kind, description) VALUES (73, 20, '2023-10-31 05:18:00+0000', -797.16, 'FEE', 'Subscription');
INSERT INTO transactions (id, account_id, ts, amount, kind, description) VALUES (74, 21, '2023-10-31 19:12:00+0000', -1669.16, 'FEE', 'Subscription');
INSERT INTO transactions (id, account_id, ts, amount, kind, description) VALUES (75, 21, '2023-05-24 09:30:00+0000', -108.81, 'FEE', 'POS');
INSERT INTO transactions (id, account_id, ts, amount, kind, description) VALUES (76, 22, '2023-06-21 22:23:00+0000', -579.59, 'DEBIT', 'Subscription');
INSERT INTO transactions (id, account_id, ts, amount, kind, description) VALUES (77, 22, '2023-01-19 16:19:00+0000', -1014.86, 'DEBIT', 'ATM');
INSERT INTO transactions (id, account_id, ts, amount, kind, description) VALUES (78, 22, '2023-05-10 19:10:00+0000', -1324.91, 'FEE', 'POS');
INSERT INTO transactions (id, account_id, ts, amount, kind, description) VALUES (79, 22, '2023-08-10 04:15:00+0000', -1926.32, 'FEE', 'Subscription');
INSERT INTO transactions (id, account_id, ts, amount, kind, description) VALUES (80, 22, '2023-06-19 01:08:00+0000', -269.98, 'DEBIT', 'Subscription');
INSERT INTO transactions (id, account_id, ts, amount, kind, description) VALUES (81, 22, '2023-08-09 05:47:00+0000', 1900.93, 'INTEREST', 'Transfer');
INSERT INTO transactions (id, account_id, ts, amount, kind, description) VALUES (82, 22, '2023-11-13 19:51:00+0000', 518.94, 'CREDIT', 'Transfer');
INSERT INTO transactions (id, account_id, ts, amount, kind, description) VALUES (83, 23, '2023-11-16 15:38:00+0000', -528.52, 'FEE', 'Payroll');
INSERT INTO transactions (id, account_id, ts, amount, kind, description) VALUES (84, 23, '2023-12-05 04:39:00+0000', -1430.01, 'DEBIT', 'ATM');
INSERT INTO transactions (id, account_id, ts, amount, kind, description) VALUES (85, 23, '2023-02-15 04:32:00+0000', -1002.42, 'FEE', 'POS');
INSERT INTO transactions (id, account_id, ts, amount, kind, description) VALUES (86, 24, '2023-05-24 22:11:00+0000', 344.85, 'CREDIT', 'Subscription');
INSERT INTO transactions (id, account_id, ts, amount, kind, description) VALUES (87, 24, '2023-07-27 11:44:00+0000', 61.75, 'CREDIT', 'ATM');
INSERT INTO transactions (id, account_id, ts, amount, kind, description) VALUES (88, 24, '2023-07-24 00:00:00+0000', 780.77, 'INTEREST', 'Transfer');
INSERT INTO transactions (id, account_id, ts, amount, kind, description) VALUES (89, 24, '2023-06-24 20:06:00+0000', 1545.28, 'INTEREST', 'ATM');
INSERT INTO transactions (id, account_id, ts, amount, kind, description) VALUES (90, 25, '2023-11-29 12:16:00+0000', 78.97, 'INTEREST', 'Payroll');
INSERT INTO transactions (id, account_id, ts, amount, kind, description) VALUES (91, 25, '2023-05-12 21:34:00+0000', -1921.12, 'DEBIT', 'Payroll');
INSERT INTO transactions (id, account_id, ts, amount, kind, description) VALUES (92, 25, '2023-07-12 20:12:00+0000', -140.13, 'DEBIT', 'POS');
INSERT INTO transactions (id, account_id, ts, amount, kind, description) VALUES (93, 25, '2023-07-19 16:12:00+0000', -1935.85, 'FEE', 'Subscription');
INSERT INTO transactions (id, account_id, ts, amount, kind, description) VALUES (94, 25, '2023-09-16 02:02:00+0000', 1410.11, 'INTEREST', 'Subscription');
INSERT INTO transactions (id, account_id, ts, amount, kind, description) VALUES (95, 25, '2023-05-06 22:02:00+0000', -216.38, 'FEE', 'POS');
INSERT INTO transactions (id, account_id, ts, amount, kind, description) VALUES (96, 25, '2023-11-10 01:15:00+0000', 494.98, 'CREDIT', 'Subscription');
INSERT INTO transactions (id, account_id, ts, amount, kind, description) VALUES (97, 25, '2023-08-04 22:05:00+0000', -532.52, 'FEE', 'Subscription');
INSERT INTO transactions (id, account_id, ts, amount, kind, description) VALUES (98, 26, '2023-11-14 12:34:00+0000', -899.85, 'FEE', 'POS');
INSERT INTO transactions (id, account_id, ts, amount, kind, description) VALUES (99, 26, '2023-11-15 01:00:00+0000', -1633.62, 'DEBIT', 'ATM');
INSERT INTO transactions (id, account_id, ts, amount, kind, description) VALUES (100, 27, '2023-11-03 15:03:00+0000', -395.23, 'DEBIT', 'Transfer');
INSERT INTO transactions (id, account_id, ts, amount, kind, description) VALUES (101, 27, '2023-03-07 11:30:00+0000', 1318.48, 'CREDIT', 'Payroll');
INSERT INTO transactions (id, account_id, ts, amount, kind, description) VALUES (102, 27, '2023-05-22 02:13:00+0000', -782.3, 'FEE', 'POS');
INSERT INTO transactions (id, account_id, ts, amount, kind, description) VALUES (103, 27, '2023-05-17 16:28:00+0000', -858.25, 'FEE', 'Subscription');
INSERT INTO transactions (id, account_id, ts, amount, kind, description) VALUES (104, 27, '2023-12-19 00:57:00+0000', -944.97, 'FEE', 'Transfer');
INSERT INTO transactions (id, account_id, ts, amount, kind, description) VALUES (105, 27, '2023-10-21 17:03:00+0000', 1367.53, 'CREDIT', 'POS');
INSERT INTO transactions (id, account_id, ts, amount, kind, description) VALUES (106, 27, '2024-01-08 15:07:00+0000', 1131.28, 'CREDIT', 'POS');
INSERT INTO transactions (id, account_id, ts, amount, kind, description) VALUES (107, 27, '2023-03-24 20:06:00+0000', -1036.46, 'FEE', 'Transfer');
INSERT INTO transactions (id, account_id, ts, amount, kind, description) VALUES (108, 28, '2024-01-28 17:36:00+0000', -592.81, 'FEE', 'Subscription');
INSERT INTO transactions (id, account_id, ts, amount, kind, description) VALUES (109, 28, '2023-08-08 15:36:00+0000', -1774.86, 'FEE', 'ATM');
INSERT INTO transactions (id, account_id, ts, amount, kind, description) VALUES (110, 28, '2023-09-24 00:57:00+0000', 208.26, 'CREDIT', 'ATM');
INSERT INTO transactions (id, account_id, ts, amount, kind, description) VALUES (111, 28, '2023-04-22 11:15:00+0000', -1845.11, 'DEBIT', 'Subscription');
INSERT INTO transactions (id, account_id, ts, amount, kind, description) VALUES (112, 28, '2023-10-04 16:39:00+0000', 479.52, 'CREDIT', 'POS');
INSERT INTO transactions (id, account_id, ts, amount, kind, description) VALUES (113, 28, '2023-08-15 17:29:00+0000', -74.46, 'DEBIT', 'Transfer');
INSERT INTO transactions (id, account_id, ts, amount, kind, description) VALUES (114, 29, '2023-01-06 17:32:00+0000', 295.56, 'INTEREST', 'ATM');
INSERT INTO transactions (id, account_id, ts, amount, kind, description) VALUES (115, 29, '2023-05-24 22:29:00+0000', 1742.5, 'CREDIT', 'Subscription');
INSERT INTO transactions (id, account_id, ts, amount, kind, description) VALUES (116, 29, '2023-04-21 19:15:00+0000', -833.63, 'FEE', 'Transfer');
INSERT INTO transactions (id, account_id, ts, amount, kind, description) VALUES (117, 29, '2023-02-14 19:48:00+0000', -471.02, 'FEE', 'POS');
INSERT INTO transactions (id, account_id, ts, amount, kind, description) VALUES (118, 30, '2023-01-09 23:15:00+0000', 1322.23, 'INTEREST', 'Transfer');
INSERT INTO transactions (id, account_id, ts, amount, kind, description) VALUES (119, 31, '2023-09-10 19:44:00+0000', -628.67, 'DEBIT', 'ATM');
INSERT INTO transactions (id, account_id, ts, amount, kind, description) VALUES (120, 32, '2023-03-09 12:22:00+0000', 379.38, 'INTEREST', 'Subscription');
INSERT INTO transactions (id, account_id, ts, amount, kind, description) VALUES (121, 32, '2023-12-29 08:17:00+0000', -1022.37, 'DEBIT', 'ATM');
INSERT INTO transactions (id, account_id, ts, amount, kind, description) VALUES (122, 33, '2024-02-01 00:19:00+0000', 253.77, 'CREDIT', 'ATM');
INSERT INTO transactions (id, account_id, ts, amount, kind, description) VALUES (123, 33, '2023-08-07 23:01:00+0000', -677.25, 'FEE', 'Payroll');
INSERT INTO transactions (id, account_id, ts, amount, kind, description) VALUES (124, 33, '2023-05-10 20:49:00+0000', -734.11, 'FEE', 'Transfer');
INSERT INTO transactions (id, account_id, ts, amount, kind, description) VALUES (125, 33, '2023-07-25 00:07:00+0000', -1815.5, 'FEE', 'ATM');
INSERT INTO transactions (id, account_id, ts, amount, kind, description) VALUES (126, 33, '2023-08-07 22:51:00+0000', -1183.75, 'FEE', 'ATM');
INSERT INTO transactions (id, account_id, ts, amount, kind, description) VALUES (127, 33, '2023-09-02 09:18:00+0000', -1726.0, 'FEE', 'ATM');
INSERT INTO transactions (id, account_id, ts, amount, kind, description) VALUES (128, 33, '2023-04-05 08:47:00+0000', -1066.23, 'FEE', 'Transfer');
INSERT INTO transactions (id, account_id, ts, amount, kind, description) VALUES (129, 34, '2023-03-01 19:52:00+0000', 1375.44, 'INTEREST', 'Subscription');
INSERT INTO transactions (id, account_id, ts, amount, kind, description) VALUES (130, 34, '2023-08-23 14:59:00+0000', 527.33, 'CREDIT', 'Payroll');
INSERT INTO transactions (id, account_id, ts, amount, kind, description) VALUES (131, 34, '2023-02-09 08:35:00+0000', -1851.64, 'FEE', 'POS');
INSERT INTO transactions (id, account_id, ts, amount, kind, description) VALUES (132, 34, '2024-01-17 17:17:00+0000', 1056.12, 'INTEREST', 'Transfer');
INSERT INTO transactions (id, account_id, ts, amount, kind, description) VALUES (133, 34, '2023-07-20 04:35:00+0000', 1454.86, 'CREDIT', 'Transfer');
INSERT INTO transactions (id, account_id, ts, amount, kind, description) VALUES (134, 34, '2023-01-17 01:57:00+0000', 23.62, 'CREDIT', 'Subscription');
INSERT INTO transactions (id, account_id, ts, amount, kind, description) VALUES (135, 34, '2023-11-14 10:32:00+0000', 764.98, 'CREDIT', 'POS');
INSERT INTO transactions (id, account_id, ts, amount, kind, description) VALUES (136, 34, '2023-01-21 17:27:00+0000', 1986.82, 'CREDIT', 'Transfer');
INSERT INTO transactions (id, account_id, ts, amount, kind, description) VALUES (137, 35, '2023-06-29 19:44:00+0000', -1661.27, 'DEBIT', 'Transfer');
INSERT INTO transactions (id, account_id, ts, amount, kind, description) VALUES (138, 36, '2023-08-05 20:09:00+0000', 1960.38, 'CREDIT', 'Subscription');
INSERT INTO transactions (id, account_id, ts, amount, kind, description) VALUES (139, 36, '2023-06-02 21:19:00+0000', -1597.12, 'DEBIT', 'Payroll');
INSERT INTO transactions (id, account_id, ts, amount, kind, description) VALUES (140, 36, '2023-05-28 10:10:00+0000', 965.48, 'INTEREST', 'Transfer');
INSERT INTO transactions (id, account_id, ts, amount, kind, description) VALUES (141, 36, '2023-04-01 20:51:00+0000', -1702.61, 'FEE', 'Subscription');
INSERT INTO transactions (id, account_id, ts, amount, kind, description) VALUES (142, 36, '2023-12-04 16:17:00+0000', -336.29, 'DEBIT', 'POS');
INSERT INTO transactions (id, account_id, ts, amount, kind, description) VALUES (143, 36, '2023-02-12 10:42:00+0000', 1071.15, 'INTEREST', 'ATM');
INSERT INTO transactions (id, account_id, ts, amount, kind, description) VALUES (144, 36, '2023-11-18 19:06:00+0000', 1346.13, 'INTEREST', 'ATM');
INSERT INTO transactions (id, account_id, ts, amount, kind, description) VALUES (145, 36, '2023-03-21 17:32:00+0000', -1516.64, 'DEBIT', 'Transfer');
INSERT INTO transactions (id, account_id, ts, amount, kind, description) VALUES (146, 37, '2023-08-13 04:33:00+0000', -716.76, 'FEE', 'ATM');
INSERT INTO transactions (id, account_id, ts, amount, kind, description) VALUES (147, 37, '2024-02-02 18:26:00+0000', -155.2, 'DEBIT', 'Subscription');
INSERT INTO transactions (id, account_id, ts, amount, kind, description) VALUES (148, 37, '2023-07-01 13:01:00+0000', 1735.98, 'INTEREST', 'ATM');
INSERT INTO transactions (id, account_id, ts, amount, kind, description) VALUES (149, 37, '2023-06-11 05:48:00+0000', 404.81, 'INTEREST', 'POS');
INSERT INTO transactions (id, account_id, ts, amount, kind, description) VALUES (150, 37, '2023-02-15 15:08:00+0000', -115.01, 'FEE', 'Subscription');
INSERT INTO transactions (id, account_id, ts, amount, kind, description) VALUES (151, 38, '2023-07-20 15:53:00+0000', -1766.03, 'FEE', 'ATM');
INSERT INTO transactions (id, account_id, ts, amount, kind, description) VALUES (152, 38, '2023-09-24 19:53:00+0000', -931.48, 'DEBIT', 'POS');
INSERT INTO transactions (id, account_id, ts, amount, kind, description) VALUES (153, 38, '2023-11-25 17:29:00+0000', -1162.32, 'DEBIT', 'ATM');
INSERT INTO transactions (id, account_id, ts, amount, kind, description) VALUES (154, 38, '2023-11-23 03:25:00+0000', -57.79, 'DEBIT', 'POS');
INSERT INTO transactions (id, account_id, ts, amount, kind, description) VALUES (155, 39, '2024-01-29 03:13:00+0000', 1511.14, 'CREDIT', 'Transfer');
INSERT INTO transactions (id, account_id, ts, amount, kind, description) VALUES (156, 40, '2023-06-11 01:53:00+0000', -842.81, 'FEE', 'Transfer');
INSERT INTO transactions (id, account_id, ts, amount, kind, description) VALUES (157, 40, '2023-12-12 18:27:00+0000', 1283.08, 'CREDIT', 'Payroll');
INSERT INTO transactions (id, account_id, ts, amount, kind, description) VALUES (158, 40, '2023-09-04 21:40:00+0000', 640.37, 'INTEREST', 'Subscription');
INSERT INTO transactions (id, account_id, ts, amount, kind, description) VALUES (159, 40, '2023-04-17 23:01:00+0000', -1364.13, 'DEBIT', 'POS');
INSERT INTO transactions (id, account_id, ts, amount, kind, description) VALUES (160, 40, '2023-03-15 07:17:00+0000', 366.35, 'INTEREST', 'POS');
INSERT INTO transactions (id, account_id, ts, amount, kind, description) VALUES (161, 40, '2023-11-02 21:37:00+0000', 690.52, 'CREDIT', 'ATM');
INSERT INTO transactions (id, account_id, ts, amount, kind, description) VALUES (162, 41, '2023-09-05 08:46:00+0000', 1729.38, 'CREDIT', 'ATM');
INSERT INTO transactions (id, account_id, ts, amount, kind, description) VALUES (163, 41, '2023-10-03 02:26:00+0000', -1564.06, 'FEE', 'Payroll');
INSERT INTO transactions (id, account_id, ts, amount, kind, description) VALUES (164, 41, '2023-01-28 05:50:00+0000', 731.37, 'CREDIT', 'POS');
INSERT INTO transactions (id, account_id, ts, amount, kind, description) VALUES (165, 42, '2023-12-04 20:56:00+0000', -1130.36, 'DEBIT', 'POS');
INSERT INTO transactions (id, account_id, ts, amount, kind, description) VALUES (166, 42, '2023-05-26 08:30:00+0000', -1087.26, 'DEBIT', 'Payroll');
INSERT INTO transactions (id, account_id, ts, amount, kind, description) VALUES (167, 42, '2023-09-01 15:48:00+0000', 1043.23, 'INTEREST', 'POS');
INSERT INTO transactions (id, account_id, ts, amount, kind, description) VALUES (168, 42, '2023-01-26 04:57:00+0000', -321.21, 'DEBIT', 'Subscription');
INSERT INTO transactions (id, account_id, ts, amount, kind, description) VALUES (169, 42, '2023-04-15 02:16:00+0000', 1824.58, 'CREDIT', 'Transfer');
INSERT INTO transactions (id, account_id, ts, amount, kind, description) VALUES (170, 42, '2023-02-22 07:53:00+0000', 1024.16, 'CREDIT', 'Transfer');
INSERT INTO transactions (id, account_id, ts, amount, kind, description) VALUES (171, 43, '2023-09-27 03:16:00+0000', 1681.25, 'CREDIT', 'POS');
INSERT INTO transactions (id, account_id, ts, amount, kind, description) VALUES (172, 43, '2023-08-01 15:02:00+0000', 377.64, 'CREDIT', 'POS');
INSERT INTO transactions (id, account_id, ts, amount, kind, description) VALUES (173, 43, '2023-02-04 00:59:00+0000', -1607.86, 'DEBIT', 'ATM');
INSERT INTO transactions (id, account_id, ts, amount, kind, description) VALUES (174, 43, '2023-02-21 01:46:00+0000', 1944.65, 'CREDIT', 'Subscription');
INSERT INTO transactions (id, account_id, ts, amount, kind, description) VALUES (175, 43, '2023-07-17 16:01:00+0000', 1813.13, 'INTEREST', 'POS');
INSERT INTO transactions (id, account_id, ts, amount, kind, description) VALUES (176, 43, '2023-05-16 12:24:00+0000', 1454.25, 'INTEREST', 'Subscription');
INSERT INTO transactions (id, account_id, ts, amount, kind, description) VALUES (177, 43, '2023-09-23 07:09:00+0000', -1213.15, 'FEE', 'ATM');
INSERT INTO transactions (id, account_id, ts, amount, kind, description) VALUES (178, 43, '2023-04-10 06:15:00+0000', -450.53, 'DEBIT', 'POS');
INSERT INTO transactions (id, account_id, ts, amount, kind, description) VALUES (179, 44, '2023-08-04 09:04:00+0000', -682.45, 'FEE', 'Transfer');
INSERT INTO transactions (id, account_id, ts, amount, kind, description) VALUES (180, 45, '2023-06-09 17:47:00+0000', -1684.88, 'DEBIT', 'POS');
INSERT INTO transactions (id, account_id, ts, amount, kind, description) VALUES (181, 45, '2023-06-25 01:11:00+0000', -507.36, 'FEE', 'Transfer');
INSERT INTO transactions (id, account_id, ts, amount, kind, description) VALUES (182, 45, '2023-05-11 19:21:00+0000', 734.8, 'INTEREST', 'Subscription');
INSERT INTO transactions (id, account_id, ts, amount, kind, description) VALUES (183, 45, '2023-11-15 21:10:00+0000', -1832.81, 'FEE', 'ATM');
INSERT INTO transactions (id, account_id, ts, amount, kind, description) VALUES (184, 45, '2024-02-04 20:29:00+0000', 1590.82, 'CREDIT', 'Subscription');
INSERT INTO transactions (id, account_id, ts, amount, kind, description) VALUES (185, 46, '2023-03-17 07:45:00+0000', -451.83, 'DEBIT', 'ATM');
INSERT INTO transactions (id, account_id, ts, amount, kind, description) VALUES (186, 46, '2023-03-04 01:15:00+0000', 1319.57, 'CREDIT', 'POS');
INSERT INTO transactions (id, account_id, ts, amount, kind, description) VALUES (187, 46, '2023-08-02 13:32:00+0000', 615.22, 'INTEREST', 'Transfer');
INSERT INTO transactions (id, account_id, ts, amount, kind, description) VALUES (188, 46, '2024-01-15 07:19:00+0000', -91.94, 'DEBIT', 'Transfer');
INSERT INTO transactions (id, account_id, ts, amount, kind, description) VALUES (189, 46, '2024-01-23 18:52:00+0000', -170.28, 'DEBIT', 'Transfer');
INSERT INTO transactions (id, account_id, ts, amount, kind, description) VALUES (190, 46, '2023-01-20 01:45:00+0000', -1040.67, 'FEE', 'Payroll');
INSERT INTO transactions (id, account_id, ts, amount, kind, description) VALUES (191, 46, '2023-02-15 17:44:00+0000', 1992.8, 'INTEREST', 'ATM');
INSERT INTO transactions (id, account_id, ts, amount, kind, description) VALUES (192, 47, '2023-12-13 11:22:00+0000', -1928.69, 'DEBIT', 'ATM');
INSERT INTO transactions (id, account_id, ts, amount, kind, description) VALUES (193, 47, '2023-10-07 01:01:00+0000', 1690.99, 'INTEREST', 'ATM');
INSERT INTO transactions (id, account_id, ts, amount, kind, description) VALUES (194, 47, '2023-02-04 20:25:00+0000', 1643.12, 'CREDIT', 'Subscription');
INSERT INTO transactions (id, account_id, ts, amount, kind, description) VALUES (195, 47, '2023-10-11 10:15:00+0000', 1153.68, 'INTEREST', 'ATM');
INSERT INTO transactions (id, account_id, ts, amount, kind, description) VALUES (196, 47, '2023-06-12 22:10:00+0000', -1128.64, 'DEBIT', 'POS');
INSERT INTO transactions (id, account_id, ts, amount, kind, description) VALUES (197, 47, '2023-08-04 12:41:00+0000', 1692.73, 'CREDIT', 'POS');
INSERT INTO transactions (id, account_id, ts, amount, kind, description) VALUES (198, 48, '2023-10-22 08:03:00+0000', -1273.88, 'FEE', 'POS');
INSERT INTO transactions (id, account_id, ts, amount, kind, description) VALUES (199, 48, '2023-12-26 08:26:00+0000', 1124.87, 'CREDIT', 'POS');
INSERT INTO transactions (id, account_id, ts, amount, kind, description) VALUES (200, 48, '2023-08-21 14:49:00+0000', 65.35, 'CREDIT', 'ATM');
INSERT INTO transactions (id, account_id, ts, amount, kind, description) VALUES (201, 48, '2023-12-16 12:38:00+0000', 292.68, 'CREDIT', 'POS');
INSERT INTO transactions (id, account_id, ts, amount, kind, description) VALUES (202, 48, '2024-01-07 08:25:00+0000', -1086.65, 'DEBIT', 'Subscription');
INSERT INTO transactions (id, account_id, ts, amount, kind, description) VALUES (203, 48, '2023-11-25 15:16:00+0000', 484.46, 'CREDIT', 'Subscription');
INSERT INTO transactions (id, account_id, ts, amount, kind, description) VALUES (204, 49, '2023-11-17 21:14:00+0000', 1212.87, 'CREDIT', 'Transfer');
INSERT INTO transactions (id, account_id, ts, amount, kind, description) VALUES (205, 50, '2023-02-03 04:49:00+0000', 935.5, 'CREDIT', 'Transfer');
INSERT INTO transactions (id, account_id, ts, amount, kind, description) VALUES (206, 50, '2023-01-19 21:27:00+0000', -1180.39, 'FEE', 'Transfer');
INSERT INTO transactions (id, account_id, ts, amount, kind, description) VALUES (207, 50, '2023-08-30 10:10:00+0000', 1515.78, 'CREDIT', 'Transfer');
INSERT INTO transactions (id, account_id, ts, amount, kind, description) VALUES (208, 50, '2023-06-11 23:24:00+0000', -1379.58, 'DEBIT', 'Subscription');
INSERT INTO transactions (id, account_id, ts, amount, kind, description) VALUES (209, 50, '2023-12-01 05:04:00+0000', 1552.9, 'CREDIT', 'POS');
INSERT INTO transactions (id, account_id, ts, amount, kind, description) VALUES (210, 50, '2023-10-18 16:28:00+0000', 1302.63, 'INTEREST', 'POS');
INSERT INTO transactions (id, account_id, ts, amount, kind, description) VALUES (211, 50, '2023-04-16 03:38:00+0000', 1449.95, 'CREDIT', 'POS');
INSERT INTO transactions (id, account_id, ts, amount, kind, description) VALUES (212, 51, '2023-05-16 01:16:00+0000', 65.41, 'CREDIT', 'Payroll');
INSERT INTO transactions (id, account_id, ts, amount, kind, description) VALUES (213, 51, '2023-06-17 17:58:00+0000', 479.2, 'INTEREST', 'Transfer');
INSERT INTO transactions (id, account_id, ts, amount, kind, description) VALUES (214, 51, '2024-01-08 07:25:00+0000', -1809.3, 'DEBIT', 'POS');
INSERT INTO transactions (id, account_id, ts, amount, kind, description) VALUES (215, 51, '2023-12-13 08:45:00+0000', 410.87, 'CREDIT', 'Transfer');
INSERT INTO transactions (id, account_id, ts, amount, kind, description) VALUES (216, 52, '2023-04-04 02:59:00+0000', -1994.74, 'DEBIT', 'Payroll');
INSERT INTO transactions (id, account_id, ts, amount, kind, description) VALUES (217, 52, '2023-09-11 16:35:00+0000', -1747.9, 'FEE', 'Payroll');
INSERT INTO transactions (id, account_id, ts, amount, kind, description) VALUES (218, 53, '2023-07-17 17:52:00+0000', 1462.03, 'INTEREST', 'Payroll');
INSERT INTO transactions (id, account_id, ts, amount, kind, description) VALUES (219, 53, '2023-12-29 05:24:00+0000', -1286.22, 'FEE', 'Transfer');
INSERT INTO transactions (id, account_id, ts, amount, kind, description) VALUES (220, 53, '2024-01-18 13:44:00+0000', -266.31, 'FEE', 'Transfer');
INSERT INTO transactions (id, account_id, ts, amount, kind, description) VALUES (221, 54, '2023-11-18 06:01:00+0000', -1952.01, 'DEBIT', 'Subscription');
INSERT INTO transactions (id, account_id, ts, amount, kind, description) VALUES (222, 54, '2023-03-26 23:01:00+0000', -1961.15, 'DEBIT', 'ATM');
INSERT INTO transactions (id, account_id, ts, amount, kind, description) VALUES (223, 54, '2023-07-21 04:37:00+0000', 865.47, 'CREDIT', 'Payroll');
INSERT INTO transactions (id, account_id, ts, amount, kind, description) VALUES (224, 54, '2023-11-06 10:09:00+0000', 1688.04, 'CREDIT', 'Payroll');
INSERT INTO transactions (id, account_id, ts, amount, kind, description) VALUES (225, 55, '2023-10-14 19:25:00+0000', -385.68, 'FEE', 'Payroll');
INSERT INTO transactions (id, account_id, ts, amount, kind, description) VALUES (226, 56, '2023-01-08 14:04:00+0000', -1307.79, 'DEBIT', 'POS');
INSERT INTO transactions (id, account_id, ts, amount, kind, description) VALUES (227, 56, '2023-08-31 19:42:00+0000', 1046.95, 'CREDIT', 'Transfer');
INSERT INTO transactions (id, account_id, ts, amount, kind, description) VALUES (228, 57, '2023-04-25 04:57:00+0000', 965.37, 'INTEREST', 'ATM');
INSERT INTO transactions (id, account_id, ts, amount, kind, description) VALUES (229, 57, '2023-10-05 09:49:00+0000', -1726.19, 'DEBIT', 'Payroll');
INSERT INTO transactions (id, account_id, ts, amount, kind, description) VALUES (230, 57, '2023-06-03 21:32:00+0000', -94.93, 'FEE', 'POS');
INSERT INTO transactions (id, account_id, ts, amount, kind, description) VALUES (231, 57, '2023-10-18 16:15:00+0000', 1047.39, 'CREDIT', 'Payroll');
INSERT INTO transactions (id, account_id, ts, amount, kind, description) VALUES (232, 57, '2023-09-09 10:25:00+0000', -1484.21, 'FEE', 'ATM');
INSERT INTO transactions (id, account_id, ts, amount, kind, description) VALUES (233, 57, '2023-04-20 14:23:00+0000', -1563.22, 'FEE', 'POS');
INSERT INTO transactions (id, account_id, ts, amount, kind, description) VALUES (234, 57, '2023-10-27 19:37:00+0000', -13.83, 'FEE', 'POS');
INSERT INTO transactions (id, account_id, ts, amount, kind, description) VALUES (235, 57, '2023-06-02 13:14:00+0000', 1209.83, 'INTEREST', 'POS');
INSERT INTO transactions (id, account_id, ts, amount, kind, description) VALUES (236, 58, '2024-01-17 18:28:00+0000', -315.37, 'DEBIT', 'ATM');
INSERT INTO transactions (id, account_id, ts, amount, kind, description) VALUES (237, 58, '2023-10-27 22:54:00+0000', -303.81, 'DEBIT', 'Payroll');
INSERT INTO transactions (id, account_id, ts, amount, kind, description) VALUES (238, 58, '2023-04-22 03:38:00+0000', -219.46, 'FEE', 'Transfer');
INSERT INTO transactions (id, account_id, ts, amount, kind, description) VALUES (239, 59, '2023-10-30 04:55:00+0000', 667.37, 'CREDIT', 'Subscription');
INSERT INTO transactions (id, account_id, ts, amount, kind, description) VALUES (240, 59, '2023-05-19 18:44:00+0000', 709.38, 'INTEREST', 'Transfer');
INSERT INTO transactions (id, account_id, ts, amount, kind, description) VALUES (241, 60, '2023-01-04 09:30:00+0000', -950.45, 'DEBIT', 'ATM');
INSERT INTO transactions (id, account_id, ts, amount, kind, description) VALUES (242, 60, '2023-10-26 05:25:00+0000', 777.43, 'CREDIT', 'Payroll');
INSERT INTO transactions (id, account_id, ts, amount, kind, description) VALUES (243, 61, '2023-05-25 11:52:00+0000', 1285.36, 'INTEREST', 'POS');
INSERT INTO transactions (id, account_id, ts, amount, kind, description) VALUES (244, 61, '2023-08-03 20:43:00+0000', -475.42, 'FEE', 'Transfer');
INSERT INTO transactions (id, account_id, ts, amount, kind, description) VALUES (245, 62, '2023-05-29 09:38:00+0000', -613.82, 'DEBIT', 'Payroll');
INSERT INTO transactions (id, account_id, ts, amount, kind, description) VALUES (246, 62, '2023-07-08 19:43:00+0000', 914.05, 'CREDIT', 'Payroll');
INSERT INTO transactions (id, account_id, ts, amount, kind, description) VALUES (247, 62, '2023-09-24 15:06:00+0000', 1602.3, 'INTEREST', 'Transfer');
INSERT INTO transactions (id, account_id, ts, amount, kind, description) VALUES (248, 62, '2023-06-09 00:35:00+0000', -1643.58, 'DEBIT', 'Payroll');
INSERT INTO transactions (id, account_id, ts, amount, kind, description) VALUES (249, 62, '2023-09-19 20:27:00+0000', -181.29, 'DEBIT', 'Subscription');
INSERT INTO transactions (id, account_id, ts, amount, kind, description) VALUES (250, 62, '2024-01-30 04:09:00+0000', -1393.81, 'FEE', 'ATM');
INSERT INTO transactions (id, account_id, ts, amount, kind, description) VALUES (251, 62, '2023-10-04 12:29:00+0000', -1103.85, 'FEE', 'Payroll');
INSERT INTO transactions (id, account_id, ts, amount, kind, description) VALUES (252, 63, '2023-02-08 06:33:00+0000', -169.08, 'FEE', 'Subscription');
INSERT INTO transactions (id, account_id, ts, amount, kind, description) VALUES (253, 63, '2023-08-18 07:12:00+0000', -1714.87, 'FEE', 'Payroll');
INSERT INTO transactions (id, account_id, ts, amount, kind, description) VALUES (254, 63, '2023-07-14 22:36:00+0000', -1013.64, 'DEBIT', 'ATM');
INSERT INTO transactions (id, account_id, ts, amount, kind, description) VALUES (255, 63, '2023-06-14 15:19:00+0000', 694.85, 'CREDIT', 'Subscription');
INSERT INTO transactions (id, account_id, ts, amount, kind, description) VALUES (256, 63, '2023-11-07 22:16:00+0000', 816.85, 'INTEREST', 'Transfer');
INSERT INTO transactions (id, account_id, ts, amount, kind, description) VALUES (257, 63, '2023-10-02 04:08:00+0000', -898.78, 'DEBIT', 'ATM');
INSERT INTO transactions (id, account_id, ts, amount, kind, description) VALUES (258, 63, '2023-03-25 03:43:00+0000', 362.61, 'CREDIT', 'Payroll');
INSERT INTO transactions (id, account_id, ts, amount, kind, description) VALUES (259, 63, '2023-10-11 17:53:00+0000', 1440.21, 'CREDIT', 'POS');
INSERT INTO transactions (id, account_id, ts, amount, kind, description) VALUES (260, 64, '2023-01-07 05:59:00+0000', -291.43, 'FEE', 'Transfer');
INSERT INTO transactions (id, account_id, ts, amount, kind, description) VALUES (261, 64, '2023-02-25 17:57:00+0000', 1798.23, 'INTEREST', 'Payroll');
INSERT INTO transactions (id, account_id, ts, amount, kind, description) VALUES (262, 65, '2023-03-12 12:06:00+0000', 707.32, 'INTEREST', 'Transfer');
INSERT INTO transactions (id, account_id, ts, amount, kind, description) VALUES (263, 65, '2023-01-23 13:44:00+0000', -1197.79, 'FEE', 'Payroll');
INSERT INTO transactions (id, account_id, ts, amount, kind, description) VALUES (264, 65, '2023-11-05 08:33:00+0000', 665.18, 'CREDIT', 'POS');
INSERT INTO transactions (id, account_id, ts, amount, kind, description) VALUES (265, 65, '2023-10-17 18:59:00+0000', 453.61, 'INTEREST', 'Subscription');
INSERT INTO transactions (id, account_id, ts, amount, kind, description) VALUES (266, 66, '2023-02-13 07:50:00+0000', 286.33, 'CREDIT', 'Payroll');
INSERT INTO transactions (id, account_id, ts, amount, kind, description) VALUES (267, 66, '2024-01-20 20:42:00+0000', -40.85, 'FEE', 'Payroll');
INSERT INTO transactions (id, account_id, ts, amount, kind, description) VALUES (268, 67, '2023-01-03 05:38:00+0000', 415.54, 'CREDIT', 'Transfer');
INSERT INTO transactions (id, account_id, ts, amount, kind, description) VALUES (269, 67, '2023-05-06 00:13:00+0000', 112.47, 'CREDIT', 'Payroll');
INSERT INTO transactions (id, account_id, ts, amount, kind, description) VALUES (270, 67, '2023-07-07 23:34:00+0000', -624.38, 'FEE', 'ATM');
INSERT INTO transactions (id, account_id, ts, amount, kind, description) VALUES (271, 67, '2023-04-23 14:56:00+0000', -1077.21, 'FEE', 'POS');
INSERT INTO transactions (id, account_id, ts, amount, kind, description) VALUES (272, 67, '2024-01-30 13:53:00+0000', -1941.55, 'DEBIT', 'ATM');
INSERT INTO transactions (id, account_id, ts, amount, kind, description) VALUES (273, 67, '2023-09-23 07:02:00+0000', -1493.42, 'FEE', 'POS');
INSERT INTO transactions (id, account_id, ts, amount, kind, description) VALUES (274, 67, '2023-06-05 14:01:00+0000', -1010.81, 'FEE', 'ATM');
INSERT INTO transactions (id, account_id, ts, amount, kind, description) VALUES (275, 68, '2023-03-17 14:13:00+0000', 104.14, 'CREDIT', 'ATM');
INSERT INTO transactions (id, account_id, ts, amount, kind, description) VALUES (276, 68, '2023-02-23 06:08:00+0000', 1272.04, 'CREDIT', 'Transfer');
INSERT INTO transactions (id, account_id, ts, amount, kind, description) VALUES (277, 68, '2023-03-22 21:54:00+0000', -1373.75, 'DEBIT', 'Payroll');
INSERT INTO transactions (id, account_id, ts, amount, kind, description) VALUES (278, 68, '2023-01-30 15:34:00+0000', 749.33, 'INTEREST', 'POS');
INSERT INTO transactions (id, account_id, ts, amount, kind, description) VALUES (279, 68, '2023-10-24 15:42:00+0000', -1093.84, 'DEBIT', 'Subscription');
INSERT INTO transactions (id, account_id, ts, amount, kind, description) VALUES (280, 69, '2023-07-15 22:00:00+0000', -424.11, 'FEE', 'ATM');
INSERT INTO transactions (id, account_id, ts, amount, kind, description) VALUES (281, 69, '2023-08-28 01:07:00+0000', 1898.19, 'CREDIT', 'Payroll');
INSERT INTO transactions (id, account_id, ts, amount, kind, description) VALUES (282, 70, '2023-01-10 08:45:00+0000', 1436.81, 'CREDIT', 'Payroll');
INSERT INTO transactions (id, account_id, ts, amount, kind, description) VALUES (283, 70, '2023-10-16 08:41:00+0000', -713.18, 'DEBIT', 'Transfer');
INSERT INTO transactions (id, account_id, ts, amount, kind, description) VALUES (284, 70, '2023-06-02 06:08:00+0000', 1012.95, 'CREDIT', 'ATM');
INSERT INTO transactions (id, account_id, ts, amount, kind, description) VALUES (285, 70, '2023-12-05 17:23:00+0000', 920.26, 'CREDIT', 'Subscription');
INSERT INTO transactions (id, account_id, ts, amount, kind, description) VALUES (286, 70, '2023-06-03 17:59:00+0000', 1892.76, 'CREDIT', 'POS');
INSERT INTO transactions (id, account_id, ts, amount, kind, description) VALUES (287, 70, '2023-10-20 18:28:00+0000', 273.21, 'INTEREST', 'ATM');
INSERT INTO transactions (id, account_id, ts, amount, kind, description) VALUES (288, 71, '2024-01-22 13:08:00+0000', -1707.85, 'FEE', 'POS');
INSERT INTO transactions (id, account_id, ts, amount, kind, description) VALUES (289, 71, '2023-12-06 11:35:00+0000', 362.27, 'CREDIT', 'Subscription');
INSERT INTO transactions (id, account_id, ts, amount, kind, description) VALUES (290, 71, '2023-05-22 18:54:00+0000', -161.93, 'FEE', 'POS');
INSERT INTO transactions (id, account_id, ts, amount, kind, description) VALUES (291, 71, '2023-02-07 22:56:00+0000', 1626.04, 'INTEREST', 'Subscription');
INSERT INTO transactions (id, account_id, ts, amount, kind, description) VALUES (292, 71, '2023-05-23 09:00:00+0000', -1321.77, 'FEE', 'Subscription');
INSERT INTO transactions (id, account_id, ts, amount, kind, description) VALUES (293, 72, '2023-05-03 07:40:00+0000', 639.04, 'CREDIT', 'Transfer');
INSERT INTO transactions (id, account_id, ts, amount, kind, description) VALUES (294, 72, '2023-05-08 18:05:00+0000', 1107.47, 'CREDIT', 'POS');
INSERT INTO transactions (id, account_id, ts, amount, kind, description) VALUES (295, 72, '2023-09-01 15:16:00+0000', -1185.35, 'DEBIT', 'Payroll');
INSERT INTO transactions (id, account_id, ts, amount, kind, description) VALUES (296, 72, '2023-02-28 06:46:00+0000', 1454.93, 'CREDIT', 'Transfer');
INSERT INTO transactions (id, account_id, ts, amount, kind, description) VALUES (297, 72, '2023-06-18 19:59:00+0000', 1097.34, 'CREDIT', 'Transfer');
INSERT INTO transactions (id, account_id, ts, amount, kind, description) VALUES (298, 72, '2023-03-08 13:31:00+0000', -1691.82, 'FEE', 'POS');
INSERT INTO transactions (id, account_id, ts, amount, kind, description) VALUES (299, 73, '2023-05-01 15:01:00+0000', -1720.19, 'DEBIT', 'ATM');
INSERT INTO transactions (id, account_id, ts, amount, kind, description) VALUES (300, 73, '2023-10-15 23:31:00+0000', 225.19, 'INTEREST', 'ATM');
INSERT INTO transactions (id, account_id, ts, amount, kind, description) VALUES (301, 73, '2023-10-08 19:19:00+0000', -1797.1, 'DEBIT', 'ATM');
INSERT INTO transactions (id, account_id, ts, amount, kind, description) VALUES (302, 73, '2023-11-05 00:46:00+0000', -1643.94, 'FEE', 'Transfer');
INSERT INTO transactions (id, account_id, ts, amount, kind, description) VALUES (303, 74, '2023-09-08 16:24:00+0000', 1788.96, 'INTEREST', 'ATM');
INSERT INTO transactions (id, account_id, ts, amount, kind, description) VALUES (304, 74, '2023-05-07 00:17:00+0000', -379.66, 'FEE', 'Payroll');
INSERT INTO transactions (id, account_id, ts, amount, kind, description) VALUES (305, 74, '2023-07-02 04:38:00+0000', -1259.39, 'DEBIT', 'POS');
INSERT INTO transactions (id, account_id, ts, amount, kind, description) VALUES (306, 74, '2023-02-07 13:00:00+0000', 564.49, 'CREDIT', 'Transfer');
INSERT INTO transactions (id, account_id, ts, amount, kind, description) VALUES (307, 74, '2023-05-30 01:29:00+0000', -1693.11, 'FEE', 'ATM');
INSERT INTO transactions (id, account_id, ts, amount, kind, description) VALUES (308, 74, '2023-07-09 17:46:00+0000', -859.61, 'DEBIT', 'POS');
INSERT INTO transactions (id, account_id, ts, amount, kind, description) VALUES (309, 74, '2023-02-20 23:02:00+0000', 25.14, 'CREDIT', 'Payroll');
INSERT INTO transactions (id, account_id, ts, amount, kind, description) VALUES (310, 74, '2023-10-03 22:42:00+0000', 1691.26, 'INTEREST', 'Payroll');
INSERT INTO transactions (id, account_id, ts, amount, kind, description) VALUES (311, 75, '2023-04-25 19:22:00+0000', -217.13, 'DEBIT', 'POS');
INSERT INTO transactions (id, account_id, ts, amount, kind, description) VALUES (312, 75, '2023-10-05 08:28:00+0000', -94.68, 'FEE', 'Payroll');
INSERT INTO transactions (id, account_id, ts, amount, kind, description) VALUES (313, 75, '2023-10-09 05:47:00+0000', 380.58, 'INTEREST', 'ATM');
INSERT INTO transactions (id, account_id, ts, amount, kind, description) VALUES (314, 75, '2023-11-15 21:11:00+0000', 1703.94, 'INTEREST', 'Transfer');
INSERT INTO transactions (id, account_id, ts, amount, kind, description) VALUES (315, 75, '2023-05-09 08:45:00+0000', 1174.02, 'INTEREST', 'Payroll');
INSERT INTO transactions (id, account_id, ts, amount, kind, description) VALUES (316, 75, '2023-02-06 18:12:00+0000', -1889.35, 'FEE', 'Payroll');
INSERT INTO transactions (id, account_id, ts, amount, kind, description) VALUES (317, 76, '2023-08-03 16:37:00+0000', -656.96, 'FEE', 'ATM');
INSERT INTO transactions (id, account_id, ts, amount, kind, description) VALUES (318, 76, '2023-09-10 02:14:00+0000', 134.26, 'INTEREST', 'POS');
INSERT INTO transactions (id, account_id, ts, amount, kind, description) VALUES (319, 76, '2023-04-14 22:41:00+0000', -1918.67, 'FEE', 'Subscription');
INSERT INTO transactions (id, account_id, ts, amount, kind, description) VALUES (320, 76, '2023-06-26 14:51:00+0000', -160.72, 'FEE', 'Payroll');
INSERT INTO transactions (id, account_id, ts, amount, kind, description) VALUES (321, 76, '2023-10-24 08:33:00+0000', 33.58, 'INTEREST', 'Payroll');
INSERT INTO transactions (id, account_id, ts, amount, kind, description) VALUES (322, 76, '2023-02-26 23:09:00+0000', 1368.7, 'INTEREST', 'Payroll');
INSERT INTO transactions (id, account_id, ts, amount, kind, description) VALUES (323, 77, '2023-10-09 08:40:00+0000', -1147.0, 'FEE', 'Subscription');
INSERT INTO transactions (id, account_id, ts, amount, kind, description) VALUES (324, 77, '2023-09-28 01:09:00+0000', -664.32, 'FEE', 'Subscription');
INSERT INTO transactions (id, account_id, ts, amount, kind, description) VALUES (325, 77, '2023-01-27 17:36:00+0000', 346.31, 'INTEREST', 'POS');
INSERT INTO transactions (id, account_id, ts, amount, kind, description) VALUES (326, 77, '2023-05-04 11:42:00+0000', 1906.64, 'CREDIT', 'ATM');
INSERT INTO transactions (id, account_id, ts, amount, kind, description) VALUES (327, 77, '2023-12-04 05:55:00+0000', 663.09, 'INTEREST', 'Transfer');
INSERT INTO transactions (id, account_id, ts, amount, kind, description) VALUES (328, 77, '2023-04-29 02:01:00+0000', -1225.72, 'FEE', 'POS');
INSERT INTO transactions (id, account_id, ts, amount, kind, description) VALUES (329, 77, '2023-05-13 11:46:00+0000', -1427.46, 'FEE', 'Subscription');
INSERT INTO transactions (id, account_id, ts, amount, kind, description) VALUES (330, 77, '2023-11-14 05:59:00+0000', -787.83, 'DEBIT', 'Subscription');
INSERT INTO transactions (id, account_id, ts, amount, kind, description) VALUES (331, 78, '2023-01-08 15:41:00+0000', 1595.41, 'INTEREST', 'ATM');
INSERT INTO transactions (id, account_id, ts, amount, kind, description) VALUES (332, 78, '2023-01-30 09:15:00+0000', -1163.56, 'FEE', 'Transfer');
INSERT INTO transactions (id, account_id, ts, amount, kind, description) VALUES (333, 78, '2023-11-03 03:24:00+0000', 377.59, 'CREDIT', 'Subscription');
INSERT INTO transactions (id, account_id, ts, amount, kind, description) VALUES (334, 78, '2023-09-26 04:29:00+0000', 1538.11, 'INTEREST', 'ATM');
INSERT INTO transactions (id, account_id, ts, amount, kind, description) VALUES (335, 78, '2023-05-30 10:39:00+0000', 866.96, 'CREDIT', 'Subscription');
INSERT INTO transactions (id, account_id, ts, amount, kind, description) VALUES (336, 78, '2023-03-27 15:45:00+0000', 1874.14, 'CREDIT', 'Payroll');
INSERT INTO transactions (id, account_id, ts, amount, kind, description) VALUES (337, 79, '2023-11-23 09:33:00+0000', 853.7, 'CREDIT', 'POS');
INSERT INTO transactions (id, account_id, ts, amount, kind, description) VALUES (338, 80, '2023-12-06 00:24:00+0000', 88.9, 'INTEREST', 'POS');
INSERT INTO transactions (id, account_id, ts, amount, kind, description) VALUES (339, 81, '2023-07-05 08:20:00+0000', -1242.59, 'DEBIT', 'Subscription');
INSERT INTO transactions (id, account_id, ts, amount, kind, description) VALUES (340, 82, '2023-09-24 08:36:00+0000', -1936.37, 'DEBIT', 'ATM');
INSERT INTO transactions (id, account_id, ts, amount, kind, description) VALUES (341, 82, '2024-01-16 07:35:00+0000', -514.73, 'FEE', 'Subscription');
INSERT INTO transactions (id, account_id, ts, amount, kind, description) VALUES (342, 82, '2023-07-17 08:47:00+0000', -1074.73, 'FEE', 'ATM');
INSERT INTO transactions (id, account_id, ts, amount, kind, description) VALUES (343, 82, '2023-06-21 17:46:00+0000', 1243.35, 'INTEREST', 'POS');
INSERT INTO transactions (id, account_id, ts, amount, kind, description) VALUES (344, 82, '2023-03-05 14:38:00+0000', -1767.59, 'DEBIT', 'Transfer');
INSERT INTO transactions (id, account_id, ts, amount, kind, description) VALUES (345, 82, '2023-06-15 04:10:00+0000', -1496.33, 'DEBIT', 'ATM');
INSERT INTO transactions (id, account_id, ts, amount, kind, description) VALUES (346, 82, '2023-01-01 11:36:00+0000', -954.25, 'DEBIT', 'Transfer');
INSERT INTO transactions (id, account_id, ts, amount, kind, description) VALUES (347, 83, '2023-08-15 03:25:00+0000', 668.91, 'INTEREST', 'ATM');
INSERT INTO transactions (id, account_id, ts, amount, kind, description) VALUES (348, 83, '2023-07-02 00:10:00+0000', 380.75, 'CREDIT', 'Payroll');
INSERT INTO transactions (id, account_id, ts, amount, kind, description) VALUES (349, 83, '2023-08-17 05:07:00+0000', 1320.11, 'INTEREST', 'ATM');
INSERT INTO transactions (id, account_id, ts, amount, kind, description) VALUES (350, 84, '2023-05-17 21:30:00+0000', -200.47, 'FEE', 'Payroll');
INSERT INTO transactions (id, account_id, ts, amount, kind, description) VALUES (351, 84, '2023-09-02 10:33:00+0000', -842.44, 'FEE', 'Payroll');
INSERT INTO transactions (id, account_id, ts, amount, kind, description) VALUES (352, 84, '2023-09-20 00:05:00+0000', 731.44, 'CREDIT', 'POS');
INSERT INTO transactions (id, account_id, ts, amount, kind, description) VALUES (353, 84, '2023-03-29 07:20:00+0000', -1288.96, 'FEE', 'Transfer');
INSERT INTO transactions (id, account_id, ts, amount, kind, description) VALUES (354, 84, '2023-01-16 21:39:00+0000', 1243.26, 'INTEREST', 'POS');
INSERT INTO transactions (id, account_id, ts, amount, kind, description) VALUES (355, 85, '2024-01-16 08:07:00+0000', 1239.13, 'CREDIT', 'Transfer');
INSERT INTO transactions (id, account_id, ts, amount, kind, description) VALUES (356, 85, '2023-05-21 14:35:00+0000', 422.49, 'INTEREST', 'POS');
INSERT INTO transactions (id, account_id, ts, amount, kind, description) VALUES (357, 86, '2023-02-06 04:51:00+0000', 1448.39, 'INTEREST', 'Transfer');
INSERT INTO transactions (id, account_id, ts, amount, kind, description) VALUES (358, 86, '2023-03-27 09:39:00+0000', 1355.2, 'INTEREST', 'Payroll');
INSERT INTO transactions (id, account_id, ts, amount, kind, description) VALUES (359, 86, '2023-06-04 18:05:00+0000', -482.89, 'FEE', 'POS');
INSERT INTO transactions (id, account_id, ts, amount, kind, description) VALUES (360, 86, '2024-01-18 16:41:00+0000', 783.01, 'CREDIT', 'POS');
INSERT INTO transactions (id, account_id, ts, amount, kind, description) VALUES (361, 86, '2023-08-02 22:45:00+0000', 340.09, 'CREDIT', 'Subscription');
INSERT INTO transactions (id, account_id, ts, amount, kind, description) VALUES (362, 87, '2023-03-09 12:23:00+0000', 1003.43, 'CREDIT', 'POS');
INSERT INTO transactions (id, account_id, ts, amount, kind, description) VALUES (363, 87, '2023-07-05 21:10:00+0000', -448.48, 'FEE', 'ATM');
INSERT INTO transactions (id, account_id, ts, amount, kind, description) VALUES (364, 87, '2023-07-10 12:50:00+0000', 1499.06, 'CREDIT', 'Payroll');
INSERT INTO transactions (id, account_id, ts, amount, kind, description) VALUES (365, 87, '2023-09-18 22:49:00+0000', -992.7, 'DEBIT', 'Payroll');
INSERT INTO transactions (id, account_id, ts, amount, kind, description) VALUES (366, 87, '2023-10-20 04:52:00+0000', 1900.95, 'INTEREST', 'Payroll');
INSERT INTO transactions (id, account_id, ts, amount, kind, description) VALUES (367, 87, '2023-07-07 20:13:00+0000', 1544.16, 'INTEREST', 'POS');
INSERT INTO transactions (id, account_id, ts, amount, kind, description) VALUES (368, 87, '2024-02-03 22:43:00+0000', -1114.3, 'FEE', 'ATM');
INSERT INTO transactions (id, account_id, ts, amount, kind, description) VALUES (369, 87, '2023-11-16 04:51:00+0000', 342.86, 'CREDIT', 'Payroll');
INSERT INTO transactions (id, account_id, ts, amount, kind, description) VALUES (370, 88, '2023-05-28 05:09:00+0000', -1920.95, 'FEE', 'POS');
INSERT INTO transactions (id, account_id, ts, amount, kind, description) VALUES (371, 88, '2023-03-07 16:22:00+0000', 1996.82, 'CREDIT', 'Transfer');
INSERT INTO transactions (id, account_id, ts, amount, kind, description) VALUES (372, 88, '2023-10-14 22:41:00+0000', 1911.79, 'INTEREST', 'ATM');
INSERT INTO transactions (id, account_id, ts, amount, kind, description) VALUES (373, 89, '2023-05-21 05:40:00+0000', 576.12, 'INTEREST', 'Payroll');
INSERT INTO transactions (id, account_id, ts, amount, kind, description) VALUES (374, 89, '2023-11-17 06:16:00+0000', 1479.63, 'INTEREST', 'ATM');
INSERT INTO transactions (id, account_id, ts, amount, kind, description) VALUES (375, 89, '2023-08-04 12:19:00+0000', -1521.47, 'FEE', 'Transfer');
INSERT INTO transactions (id, account_id, ts, amount, kind, description) VALUES (376, 89, '2023-07-13 01:23:00+0000', -1335.92, 'FEE', 'ATM');
INSERT INTO transactions (id, account_id, ts, amount, kind, description) VALUES (377, 89, '2023-12-28 13:59:00+0000', -380.06, 'FEE', 'Transfer');
INSERT INTO transactions (id, account_id, ts, amount, kind, description) VALUES (378, 89, '2023-06-28 14:41:00+0000', 1272.52, 'INTEREST', 'Payroll');
INSERT INTO transactions (id, account_id, ts, amount, kind, description) VALUES (379, 89, '2023-01-14 23:15:00+0000', -637.73, 'DEBIT', 'Transfer');
INSERT INTO transactions (id, account_id, ts, amount, kind, description) VALUES (380, 90, '2023-02-03 17:06:00+0000', -1359.28, 'DEBIT', 'Transfer');
INSERT INTO transactions (id, account_id, ts, amount, kind, description) VALUES (381, 90, '2023-02-08 09:39:00+0000', -1001.01, 'FEE', 'ATM');
INSERT INTO transactions (id, account_id, ts, amount, kind, description) VALUES (382, 90, '2023-07-28 10:00:00+0000', -1040.72, 'FEE', 'Transfer');
INSERT INTO transactions (id, account_id, ts, amount, kind, description) VALUES (383, 90, '2023-07-27 07:32:00+0000', 921.69, 'INTEREST', 'ATM');
INSERT INTO transactions (id, account_id, ts, amount, kind, description) VALUES (384, 90, '2024-01-25 20:59:00+0000', 1816.17, 'CREDIT', 'ATM');
INSERT INTO transactions (id, account_id, ts, amount, kind, description) VALUES (385, 90, '2023-08-17 00:51:00+0000', -607.27, 'FEE', 'POS');
INSERT INTO transactions (id, account_id, ts, amount, kind, description) VALUES (386, 90, '2023-09-02 06:49:00+0000', 103.61, 'INTEREST', 'Subscription');
INSERT INTO transactions (id, account_id, ts, amount, kind, description) VALUES (387, 91, '2023-10-31 12:26:00+0000', 52.04, 'CREDIT', 'Subscription');
INSERT INTO transactions (id, account_id, ts, amount, kind, description) VALUES (388, 91, '2024-01-16 00:00:00+0000', 1457.16, 'INTEREST', 'ATM');
INSERT INTO transactions (id, account_id, ts, amount, kind, description) VALUES (389, 91, '2023-09-24 01:25:00+0000', 47.92, 'INTEREST', 'Subscription');
INSERT INTO transactions (id, account_id, ts, amount, kind, description) VALUES (390, 91, '2023-02-07 06:16:00+0000', -114.42, 'DEBIT', 'ATM');
INSERT INTO transactions (id, account_id, ts, amount, kind, description) VALUES (391, 91, '2023-09-25 08:15:00+0000', 674.64, 'INTEREST', 'Payroll');
INSERT INTO transactions (id, account_id, ts, amount, kind, description) VALUES (392, 91, '2023-12-21 17:01:00+0000', -832.88, 'FEE', 'Subscription');
INSERT INTO transactions (id, account_id, ts, amount, kind, description) VALUES (393, 91, '2023-03-01 14:27:00+0000', 171.57, 'CREDIT', 'Payroll');
INSERT INTO transactions (id, account_id, ts, amount, kind, description) VALUES (394, 91, '2023-02-21 21:52:00+0000', 612.22, 'INTEREST', 'Subscription');
INSERT INTO transactions (id, account_id, ts, amount, kind, description) VALUES (395, 92, '2023-09-20 05:24:00+0000', 1934.07, 'CREDIT', 'POS');
INSERT INTO transactions (id, account_id, ts, amount, kind, description) VALUES (396, 92, '2023-05-10 19:35:00+0000', 263.3, 'CREDIT', 'Transfer');
INSERT INTO transactions (id, account_id, ts, amount, kind, description) VALUES (397, 92, '2023-02-18 09:18:00+0000', 864.87, 'INTEREST', 'ATM');
INSERT INTO transactions (id, account_id, ts, amount, kind, description) VALUES (398, 92, '2023-11-27 23:09:00+0000', 1825.07, 'INTEREST', 'ATM');
INSERT INTO transactions (id, account_id, ts, amount, kind, description) VALUES (399, 93, '2023-09-16 06:12:00+0000', -1919.34, 'DEBIT', 'Subscription');
INSERT INTO transactions (id, account_id, ts, amount, kind, description) VALUES (400, 93, '2023-08-06 06:10:00+0000', -626.88, 'DEBIT', 'Transfer');
INSERT INTO transactions (id, account_id, ts, amount, kind, description) VALUES (401, 93, '2023-07-06 15:07:00+0000', 906.94, 'CREDIT', 'POS');
INSERT INTO transactions (id, account_id, ts, amount, kind, description) VALUES (402, 93, '2024-01-09 17:09:00+0000', 319.85, 'CREDIT', 'Payroll');
INSERT INTO transactions (id, account_id, ts, amount, kind, description) VALUES (403, 93, '2023-02-15 21:24:00+0000', 583.07, 'CREDIT', 'ATM');
INSERT INTO transactions (id, account_id, ts, amount, kind, description) VALUES (404, 93, '2024-01-14 12:16:00+0000', -1036.36, 'DEBIT', 'ATM');
INSERT INTO transactions (id, account_id, ts, amount, kind, description) VALUES (405, 93, '2023-11-04 19:42:00+0000', -736.78, 'FEE', 'Transfer');
INSERT INTO transactions (id, account_id, ts, amount, kind, description) VALUES (406, 94, '2023-07-31 12:47:00+0000', -1238.8, 'FEE', 'Subscription');
INSERT INTO transactions (id, account_id, ts, amount, kind, description) VALUES (407, 94, '2023-11-06 17:07:00+0000', -88.59, 'DEBIT', 'Transfer');
INSERT INTO transactions (id, account_id, ts, amount, kind, description) VALUES (408, 94, '2023-04-08 06:20:00+0000', 1156.61, 'CREDIT', 'ATM');
INSERT INTO transactions (id, account_id, ts, amount, kind, description) VALUES (409, 94, '2023-09-22 23:10:00+0000', 381.25, 'INTEREST', 'Subscription');
INSERT INTO transactions (id, account_id, ts, amount, kind, description) VALUES (410, 94, '2023-06-29 02:16:00+0000', -1811.77, 'DEBIT', 'Transfer');
INSERT INTO transactions (id, account_id, ts, amount, kind, description) VALUES (411, 95, '2023-08-05 09:52:00+0000', 1562.7, 'CREDIT', 'POS');
INSERT INTO transactions (id, account_id, ts, amount, kind, description) VALUES (412, 96, '2023-02-20 11:57:00+0000', -1798.19, 'FEE', 'Subscription');
INSERT INTO transactions (id, account_id, ts, amount, kind, description) VALUES (413, 96, '2024-01-23 01:12:00+0000', 706.65, 'CREDIT', 'POS');
INSERT INTO transactions (id, account_id, ts, amount, kind, description) VALUES (414, 96, '2023-02-25 18:55:00+0000', -583.62, 'FEE', 'ATM');
INSERT INTO transactions (id, account_id, ts, amount, kind, description) VALUES (415, 96, '2023-10-10 12:08:00+0000', -923.75, 'DEBIT', 'ATM');
INSERT INTO transactions (id, account_id, ts, amount, kind, description) VALUES (416, 96, '2023-02-13 12:19:00+0000', 1961.04, 'INTEREST', 'Transfer');
INSERT INTO transactions (id, account_id, ts, amount, kind, description) VALUES (417, 96, '2023-02-25 15:53:00+0000', 382.17, 'CREDIT', 'ATM');
INSERT INTO transactions (id, account_id, ts, amount, kind, description) VALUES (418, 97, '2023-12-21 04:36:00+0000', -236.51, 'DEBIT', 'Subscription');
INSERT INTO transactions (id, account_id, ts, amount, kind, description) VALUES (419, 97, '2023-10-12 17:22:00+0000', -339.81, 'FEE', 'Subscription');
INSERT INTO transactions (id, account_id, ts, amount, kind, description) VALUES (420, 97, '2023-06-23 23:59:00+0000', -1633.35, 'FEE', 'POS');
INSERT INTO transactions (id, account_id, ts, amount, kind, description) VALUES (421, 97, '2023-09-13 06:48:00+0000', 906.45, 'CREDIT', 'Payroll');
INSERT INTO transactions (id, account_id, ts, amount, kind, description) VALUES (422, 98, '2023-08-04 13:53:00+0000', -1026.27, 'FEE', 'ATM');
INSERT INTO transactions (id, account_id, ts, amount, kind, description) VALUES (423, 98, '2023-01-26 05:42:00+0000', 1243.99, 'INTEREST', 'Transfer');
INSERT INTO transactions (id, account_id, ts, amount, kind, description) VALUES (424, 98, '2023-02-06 12:10:00+0000', -1351.47, 'DEBIT', 'Subscription');
INSERT INTO transactions (id, account_id, ts, amount, kind, description) VALUES (425, 98, '2023-12-19 11:50:00+0000', 804.48, 'CREDIT', 'Payroll');
INSERT INTO transactions (id, account_id, ts, amount, kind, description) VALUES (426, 98, '2023-06-12 14:11:00+0000', 1024.09, 'CREDIT', 'Transfer');
INSERT INTO transactions (id, account_id, ts, amount, kind, description) VALUES (427, 98, '2023-07-19 05:51:00+0000', 694.33, 'CREDIT', 'Transfer');
INSERT INTO transactions (id, account_id, ts, amount, kind, description) VALUES (428, 99, '2024-01-27 00:13:00+0000', -1112.79, 'DEBIT', 'POS');
INSERT INTO transactions (id, account_id, ts, amount, kind, description) VALUES (429, 99, '2023-07-20 02:19:00+0000', 1565.03, 'CREDIT', 'Payroll');
INSERT INTO transactions (id, account_id, ts, amount, kind, description) VALUES (430, 99, '2023-07-18 07:02:00+0000', 700.62, 'INTEREST', 'POS');
INSERT INTO transactions (id, account_id, ts, amount, kind, description) VALUES (431, 99, '2023-07-14 11:06:00+0000', 1748.44, 'CREDIT', 'Transfer');
INSERT INTO transactions (id, account_id, ts, amount, kind, description) VALUES (432, 99, '2023-03-29 12:53:00+0000', -457.87, 'DEBIT', 'POS');
INSERT INTO transactions (id, account_id, ts, amount, kind, description) VALUES (433, 100, '2023-05-30 03:08:00+0000', 1401.37, 'INTEREST', 'POS');
INSERT INTO transactions (id, account_id, ts, amount, kind, description) VALUES (434, 100, '2023-01-11 00:09:00+0000', -47.89, 'FEE', 'Subscription');
INSERT INTO transactions (id, account_id, ts, amount, kind, description) VALUES (435, 100, '2023-08-22 04:59:00+0000', 1800.93, 'INTEREST', 'Payroll');
INSERT INTO transactions (id, account_id, ts, amount, kind, description) VALUES (436, 100, '2023-02-21 14:50:00+0000', -1804.44, 'DEBIT', 'POS');
COMMIT;
