Id,AccountId,FirstName,LastName,Email,Phone
003000000000000001,001000000000000065,Jordan,Smith,jordan.smith0@example.com,+1-202-555-5345
003000000000000002,001000000000000009,Riley,Okafor,riley.okafor1@example.com,+1-202-555-5002
003000000000000003,001000000000000021,Quinn,Khan,quinn.khan2@example.com,+1-202-555-8179
003000000000000004,001000000000000086,Casey,Nguyen,casey.nguyen3@example.com,+1-202-555-5905
003000000000000005,001000000000000034,Jordan,Garcia,jordan.garcia4@example.com,+1-202-555-2891
003000000000000006,001000000000000035,Jordan,Garcia,jordan.garcia5@example.com,+1-202-555-5616
003000000000000007,001000000000000027,Morgan,Okafor,morgan.okafor6@example.com,+1-202-555-5325
003000000000000008,001000000000000007,Rowan,Khan,rowan.khan7@example.com,+1-202-555-2512
003000000000000009,001000000000000006,Harper,Khan,harper.khan8@example.com,+1-202-555-1058
003000000000000010,001000000000000082,Quinn,Garcia,quinn.garcia9@example.com,+1-202-555-5291
003000000000000011,001000000000000071,Riley,Larsson,riley.larsson10@example.com,+1-202-555-8007
003000000000000012,001000000000000010,Avery,Patel,avery.patel11@example.com,+1-202-555-3442
003000000000000013,001000000000000075,Avery,Okafor,avery.okafor12@example.com,+1-202-555-3426
003000000000000014,001000000000000006,Harper,Garcia,harper.garcia13@example.com,+1-202-555-6050
003000000000000015,001000000000000046,Quinn,Nguyen,quinn.nguyen14@example.com,+1-202-555-4441
003000000000000016,001000000000000046,Morgan,Patel,morgan.patel15@example.com,+1-202-555-7658
003000000000000017,001000000000000021,Riley,Smith,riley.smith16@example.com,+1-202-555-3900
003000000000000018,001000000000000023,Harper,Nguyen,harper.nguyen17@example.com,+1-202-555-6442
003000000000000019,001000000000000035,Harper,Smith,harper.smith18@example.com,+1-202-555-3608
003000000000000020,001000000000000005,Jordan,Rossi,jordan.rossi19@example.com,+1-202-555-8711
003000000000000021,001000000000000059,Morgan,Smith,morgan.smith20@example.com,+1-202-555-6728
003000000000000022,001000000000000029,Casey,Smith,casey.smith21@example.com,+1-202-555-1387
003000000000000023,001000000000000043,Morgan,Rossi,morgan.rossi22@example.com,+1-202-555-5564
003000000000000024,001000000000000045,Jordan,Khan,jordan.khan23@example.com,+1-202-555-9346
003000000000000025,001000000000000004,Harper,Okafor,harper.okafor24@example.com,+1-202-555-2889
003000000000000026,001000000000000075,Casey,Garcia,casey.garcia25@example.com,+1-202-555-5349
003000000000000027,001000000000000077,Avery,Patel,avery.patel26@example.com,+1-202-555-8119
003000000000000028,001000000000000056,Quinn,Okafor,quinn.okafor27@example.com,+1-202-555-9379
003000000000000029,001000000000000074,Jordan,Rossi,jordan.rossi28@example.com,+1-202-555-4114
003000000000000030,001000000000000091,Casey,Nguyen,casey.nguyen29@example.com,+1-202-555-8144
003000000000000031,001000000000000047,Avery,Smith,avery.smith30@example.com,+1-202-555-8066
003000000000000032,001000000000000080,Jordan,Okafor,jordan.okafor31@example.com,+1-202-555-6143
003000000000000033,001000000000000065,Jordan,Khan,jordan.khan32@example.com,+1-202-555-6067
003000000000000034,001000000000000052,Harper,Okafor,harper.okafor33@example.com,+1-202-555-5844
003000000000000035,001000000000000054,Riley,Smith,riley.smith34@example.com,+1-202-555-7211
003000000000000036,001000000000000052,Riley,Khan,riley.khan35@example.com,+1-202-555-9977
003000000000000037,001000000000000037,Avery,Khan,avery.khan36@example.com,+1-202-555-4443
003000000000000038,001000000000000060,Harper,Okafor,harper.okafor37@example.com,+1-202-555-8238
003000000000000039,001000000000000066,Rowan,Smith,rowan.smith38@example.com,+1-202-555-8752
003000000000000040,001000000000000037,Riley,Patel,riley.patel39@example.com,+1-202-555-9445
003000000000000041,001000000000000097,Quinn,Patel,quinn.patel40@example.com,+1-202-555-4848
003000000000000042,001000000000000026,Casey,Smith,casey.smith41@example.com,+1-202-555-3414
003000000000000043,001000000000000032,Avery,Nguyen,avery.nguyen42@example.com,+1-202-555-8784
003000000000000044,001000000000000054,Jordan,Larsson,jordan.larsson43@example.com,+1-202-555-4185
003000000000000045,001000000000000052,Harper,Larsson,harper.larsson44@example.com,+1-202-555-4997
003000000000000046,001000000000000097,Riley,Nguyen,riley.nguyen45@example.com,+1-202-555-2746
003000000000000047,001000000000000023,Harper,Smith,harper.smith46@example.com,+1-202-555-9486
003000000000000048,001000000000000072,Rowan,Nguyen,rowan.nguyen47@example.com,+1-202-555-5082
003000000000000049,001000000000000018,Jordan,Larsson,jordan.larsson48@example.com,+1-202-555-8612
003000000000000050,001000000000000079,Quinn,Larsson,quinn.larsson49@example.com,+1-202-555-9270
003000000000000051,001000000000000021,Harper,Larsson,harper.larsson50@example.com,+1-202-555-8777
003000000000000052,001000000000000097,Rowan,Khan,rowan.khan51@example.com,+1-202-555-5050
003000000000000053,001000000000000081,Casey,Larsson,casey.larsson52@example.com,+1-202-555-4919
003000000000000054,001000000000000010,Casey,Larsson,casey.larsson53@example.com,+1-202-555-5681
003000000000000055,001000000000000043,Morgan,Khan,morgan.khan54@example.com,+1-202-555-6238
003000000000000056,001000000000000020,Jordan,Garcia,jordan.garcia55@example.com,+1-202-555-4788
003000000000000057,001000000000000091,Harper,Garcia,harper.garcia56@example.com,+1-202-555-4505
003000000000000058,001000000000000053,Jordan,Rossi,jordan.rossi57@example.com,+1-202-555-6421
003000000000000059,001000000000000008,Rowan,Rossi,rowan.rossi58@example.com,+1-202-555-4388
003000000000000060,001000000000000099,Harper,Rossi,harper.rossi59@example.com,+1-202-555-1320
003000000000000061,001000000000000001,Harper,Larsson,harper.larsson60@example.com,+1-202-555-6763
003000000000000062,001000000000000054,Casey,Rossi,casey.rossi61@example.com,+1-202-555-9818
003000000000000063,001000000000000029,Morgan,Larsson,morgan.larsson62@example.com,+1-202-555-5471
003000000000000064,001000000000000004,Harper,Larsson,harper.larsson63@example.com,+1-202-555-7371
003000000000000065,001000000000000093,Quinn,Rossi,quinn.rossi64@example.com,+1-202-555-3704
003000000000000066,001000000000000080,Rowan,Garcia,rowan.garcia65@example.com,+1-202-555-9751
003000000000000067,001000000000000076,Avery,Rossi,avery.rossi66@example.com,+1-202-555-1444
003000000000000068,001000000000000018,Jordan,Rossi,jordan.rossi67@example.com,+1-202-555-8564
003000000000000069,001000000000000034,Riley,Nguyen,riley.nguyen68@example.com,+1-202-555-7211
003000000000000070,001000000000000059,Quinn,Smith,quinn.smith69@example.com,+1-202-555-6355
003000000000000071,001000000000000036,Quinn,Rossi,quinn.rossi70@example.com,+1-202-555-7906
003000000000000072,001000000000000061,Casey,Patel,casey.patel71@example.com,+1-202-555-1317
003000000000000073,001000000000000029,Avery,Okafor,avery.okafor72@example.com,+1-202-555-2124
003000000000000074,001000000000000032,Avery,Nguyen,avery.nguyen73@example.com,+1-202-555-4266
003000000000000075,001000000000000031,Avery,Garcia,avery.garcia74@example.com,+1-202-555-3068
003000000000000076,001000000000000073,Rowan,Patel,rowan.patel75@example.com,+1-202-555-4571
003000000000000077,001000000000000099,Rowan,Khan,rowan.khan76@example.com,+1-202-555-7043
003000000000000078,001000000000000100,Riley,Patel,riley.patel77@example.com,+1-202-555-3683
003000000000000079,001000000000000075,Casey,Patel,casey.patel78@example.com,+1-202-555-1420
003000000000000080,001000000000000051,Casey,Rossi,casey.rossi79@example.com,+1-202-555-4249
003000000000000081,001000000000000014,Jordan,Smith,jordan.smith80@example.com,+1-202-555-5941
003000000000000082,001000000000000045,Jordan,Nguyen,jordan.nguyen81@example.com,+1-202-555-9728
003000000000000083,001000000000000009,Harper,Okafor,harper.okafor82@example.com,+1-202-555-9289
003000000000000084,001000000000000054,Quinn,Nguyen,quinn.nguyen83@example.com,+1-202-555-9031
003000000000000085,001000000000000047,Jordan,Rossi,jordan.rossi84@example.com,+1-202-555-8532
003000000000000086,001000000000000023,Riley,Rossi,riley.rossi85@example.com,+1-202-555-9548
003000000000000087,001000000000000060,Casey,Larsson,casey.larsson86@example.com,+1-202-555-8136
003000000000000088,001000000000000032,Casey,Okafor,casey.okafor87@example.com,+1-202-555-2419
003000000000000089,001000000000000032,Casey,Larsson,casey.larsson88@example.com,+1-202-555-8613
003000000000000090,001000000000000004,Harper,Okafor,harper.okafor89@example.com,+1-202-555-9098
003000000000000091,001000000000000063,Quinn,Garcia,quinn.garcia90@example.com,+1-202-555-4475
003000000000000092,001000000000000044,Quinn,Khan,quinn.khan91@example.com,+1-202-555-5581
003000000000000093,001000000000000067,Casey,Nguyen,casey.nguyen92@example.com,+1-202-555-4130
003000000000000094,001000000000000093,Jordan,Smith,jordan.smith93@example.com,+1-202-555-7658
003000000000000095,001000000000000089,Rowan,Smith,rowan.smith94@example.com,+1-202-555-8800
003000000000000096,001000000000000003,Rowan,Larsson,rowan.larsson95@example.com,+1-202-555-2524
003000000000000097,001000000000000052,Casey,Smith,casey.smith96@example.com,+1-202-555-4986
003000000000000098,001000000000000061,Casey,Okafor,casey.okafor97@example.com,+1-202-555-9698
003000000000000099,001000000000000096,Quinn,Rossi,quinn.rossi98@example.com,+1-202-555-6419
003000000000000100,001000000000000035,Quinn,Larsson,quinn.larsson99@example.com,+1-202-555-6023
